X,Y,FFMC,DMC,DC,ISI,temp,RH,wind,rain,area,month_sin,month_cos,day_sin,day_cos,is_weekend,is_peak_season,distance_to_center,dynamic_seasonal_hotspot_distance,moderate_wind_danger,hot_and_dry,double_drought,ISI_x_DC
7,5,86.2,26.2,94.3,5.1,8.2,51,6.7,0,0.0,1.0,6.123233995736766e-17,-0.9749279121818236,-0.2225209339563146,0,1,2.0,1.0,0,0,0,480.93
7,4,90.6,35.4,669.1,6.7,18.0,33,0.9,0,0.0,-0.8660254037844386,0.5000000000000001,0.9749279121818236,-0.2225209339563143,0,0,2.23606797749979,1.4142135623730951,0,0,1,4482.97
7,4,90.6,43.7,686.9,6.7,14.6,33,1.3,0,0.0,-0.8660254037844386,0.5000000000000001,-0.7818314824680299,0.6234898018587334,1,0,2.23606797749979,1.4142135623730951,0,0,1,4602.23
8,6,91.7,33.3,77.5,9.0,8.3,97,4.0,1,0.0,1.0,6.123233995736766e-17,-0.9749279121818236,-0.2225209339563146,0,1,3.1622776601683795,2.23606797749979,1,0,0,697.5
8,6,89.3,51.3,102.2,9.6,11.4,99,1.8,0,0.0,1.0,6.123233995736766e-17,-2.4492935982947064e-16,1.0,1,1,3.1622776601683795,2.23606797749979,0,0,0,981.12
8,6,92.3,85.3,488.0,14.7,22.2,29,5.4,0,0.0,-0.8660254037844385,-0.5000000000000004,-2.4492935982947064e-16,1.0,1,1,3.1622776601683795,0.0,1,1,0,7173.599999999999
8,6,92.3,88.9,495.6,8.5,24.1,27,3.1,0,0.0,-0.8660254037844385,-0.5000000000000004,0.7818314824680298,0.6234898018587336,0,1,3.1622776601683795,0.0,0,1,0,4212.6
8,6,91.5,145.4,608.2,10.7,8.0,86,2.2,0,0.0,-0.8660254037844385,-0.5000000000000004,0.7818314824680298,0.6234898018587336,0,1,3.1622776601683795,0.0,0,0,1,6507.74
8,6,91.0,129.5,692.6,7.0,13.1,63,5.4,0,0.0,-1.0,-1.8369701987210294e-16,0.9749279121818236,-0.2225209339563143,0,1,3.1622776601683795,0.0,1,0,1,4848.2
7,5,92.5,88.0,698.6,7.1,22.8,40,4.0,0,0.0,-1.0,-1.8369701987210294e-16,-0.7818314824680299,0.6234898018587334,1,1,2.0,1.4142135623730951,1,1,1,4960.06
7,5,92.5,88.0,698.6,7.1,17.8,51,7.2,0,0.0,-1.0,-1.8369701987210294e-16,-0.7818314824680299,0.6234898018587334,1,1,2.0,1.4142135623730951,0,0,1,4960.06
7,5,92.8,73.2,713.0,22.6,19.3,38,4.0,0,0.0,-1.0,-1.8369701987210294e-16,-0.7818314824680299,0.6234898018587334,1,1,2.0,1.4142135623730951,1,0,1,16113.8
6,5,63.5,70.8,665.3,0.8,17.0,72,6.7,0,0.0,-0.8660254037844385,-0.5000000000000004,-0.9749279121818236,-0.2225209339563146,0,1,1.0,2.23606797749979,0,0,0,532.24
6,5,90.9,126.5,686.5,7.0,21.3,42,2.2,0,0.0,-1.0,-1.8369701987210294e-16,0.7818314824680298,0.6234898018587336,0,1,1.0,2.23606797749979,0,0,1,4805.5
6,5,92.9,133.3,699.6,9.2,26.4,21,4.5,0,0.0,-1.0,-1.8369701987210294e-16,0.4338837391175582,-0.900968867902419,0,1,1.0,2.23606797749979,1,1,1,6436.32
6,5,93.3,141.2,713.9,13.9,22.9,44,5.4,0,0.0,-1.0,-1.8369701987210294e-16,-0.9749279121818236,-0.2225209339563146,0,1,1.0,2.23606797749979,1,0,1,9923.21
5,5,91.7,35.8,80.8,7.8,15.1,27,5.4,0,0.0,1.0,6.123233995736766e-17,-0.7818314824680299,0.6234898018587334,1,1,0.0,1.0,1,0,0,630.24
8,5,84.9,32.8,664.2,3.0,16.7,47,4.9,0,0.0,-0.8660254037844386,0.5000000000000001,0.7818314824680298,0.6234898018587336,0,0,3.0,2.0,1,0,0,1992.6
6,4,89.2,27.9,70.8,6.3,15.9,35,4.0,0,0.0,1.0,6.123233995736766e-17,0.4338837391175582,-0.900968867902419,0,1,1.4142135623730951,1.0,1,0,0,446.04
6,4,86.3,27.4,97.1,5.1,9.3,44,4.5,0,0.0,0.8660254037844387,-0.4999999999999998,-0.7818314824680299,0.6234898018587334,1,0,1.4142135623730951,1.0,1,0,0,495.2099999999999
6,4,91.0,129.5,692.6,7.0,18.3,40,2.7,0,0.0,-1.0,-1.8369701987210294e-16,0.9749279121818236,-0.2225209339563143,0,1,1.4142135623730951,2.8284271247461903,0,0,1,4848.2
5,4,91.8,78.5,724.3,9.2,19.1,38,2.7,0,0.0,-1.0,-1.8369701987210294e-16,0.7818314824680298,0.6234898018587336,0,1,1.0,3.605551275463989,0,0,1,6663.56
7,4,94.3,96.3,200.0,56.1,21.0,44,4.5,0,0.0,1.2246467991473532e-16,-1.0,-2.4492935982947064e-16,1.0,1,0,2.23606797749979,2.23606797749979,1,0,0,11220.0
7,4,90.2,110.9,537.4,6.2,19.5,43,5.8,0,0.0,-0.8660254037844385,-0.5000000000000004,-0.7818314824680299,0.6234898018587334,1,1,2.23606797749979,2.23606797749979,1,0,1,3331.88
7,4,93.5,139.4,594.2,20.3,23.7,32,5.8,0,0.0,-0.8660254037844385,-0.5000000000000004,-0.7818314824680299,0.6234898018587334,1,1,2.23606797749979,2.23606797749979,1,1,1,12062.260000000002
7,4,91.4,142.4,601.4,10.6,16.3,60,5.4,0,0.0,-0.8660254037844385,-0.5000000000000004,-2.4492935982947064e-16,1.0,1,1,2.23606797749979,2.23606797749979,1,0,1,6374.839999999999
7,4,92.4,117.9,668.0,12.2,19.0,34,5.8,0,0.0,-1.0,-1.8369701987210294e-16,-0.9749279121818236,-0.2225209339563146,0,1,2.23606797749979,2.23606797749979,1,0,1,8149.599999999999
7,4,90.9,126.5,686.5,7.0,19.4,48,1.3,0,0.0,-1.0,-1.8369701987210294e-16,0.7818314824680298,0.6234898018587336,0,1,2.23606797749979,2.23606797749979,0,0,1,4805.5
6,3,93.4,145.4,721.4,8.1,30.2,24,2.7,0,0.0,-1.0,-1.8369701987210294e-16,-0.7818314824680299,0.6234898018587334,1,1,2.23606797749979,3.605551275463989,0,1,1,5843.339999999999
6,3,93.5,149.3,728.6,8.1,22.8,39,3.6,0,0.0,-1.0,-1.8369701987210294e-16,-2.4492935982947064e-16,1.0,1,1,2.23606797749979,3.605551275463989,1,1,1,5901.66
6,3,94.3,85.1,692.3,15.9,25.4,24,3.6,0,0.0,-1.0,-1.8369701987210294e-16,-0.9749279121818236,-0.2225209339563146,0,1,2.23606797749979,3.605551275463989,1,1,1,11007.57
6,3,88.6,91.8,709.9,7.1,11.2,78,7.6,0,0.0,-1.0,-1.8369701987210294e-16,0.7818314824680298,0.6234898018587336,0,1,2.23606797749979,3.605551275463989,0,0,1,5040.29
6,3,88.6,69.7,706.8,5.8,20.6,37,1.8,0,0.0,-1.0,-1.8369701987210294e-16,-0.9749279121818236,-0.2225209339563146,0,1,2.23606797749979,3.605551275463989,0,1,1,4099.44
6,3,91.7,75.6,718.3,7.8,17.7,39,3.6,0,0.0,-1.0,-1.8369701987210294e-16,-2.4492935982947064e-16,1.0,1,1,2.23606797749979,3.605551275463989,1,0,1,5602.74
6,3,91.8,78.5,724.3,9.2,21.2,32,2.7,0,0.0,-1.0,-1.8369701987210294e-16,0.7818314824680298,0.6234898018587336,0,1,2.23606797749979,3.605551275463989,0,1,1,6663.56
6,3,90.3,80.7,730.2,6.3,18.2,62,4.5,0,0.0,-1.0,-1.8369701987210294e-16,0.9749279121818236,-0.2225209339563143,0,1,2.23606797749979,3.605551275463989,1,0,1,4600.26
6,3,90.6,35.4,669.1,6.7,21.7,24,4.5,0,0.0,-0.8660254037844386,0.5000000000000001,0.9749279121818236,-0.2225209339563143,0,0,2.23606797749979,2.0,1,1,1,4482.97
7,4,90.0,41.5,682.6,8.7,11.3,60,5.4,0,0.0,-0.8660254037844386,0.5000000000000001,-0.9749279121818236,-0.2225209339563146,0,0,2.23606797749979,1.4142135623730951,1,0,1,5938.62
7,3,90.6,43.7,686.9,6.7,17.8,27,4.0,0,0.0,-0.8660254037844386,0.5000000000000001,-0.7818314824680299,0.6234898018587334,1,0,2.8284271247461903,2.23606797749979,1,0,1,4602.23
4,4,88.1,25.7,67.6,3.8,14.1,43,2.7,0,0.0,1.0,6.123233995736766e-17,0.9749279121818236,-0.2225209339563143,0,1,1.4142135623730951,2.23606797749979,0,0,0,256.87999999999994
4,4,79.5,60.6,366.7,1.5,23.3,37,3.1,0,0.0,-0.4999999999999997,-0.8660254037844388,0.9749279121818236,-0.2225209339563143,0,0,1.4142135623730951,4.47213595499958,0,1,0,550.05
4,4,90.2,96.9,624.2,8.9,18.4,42,6.7,0,0.0,-0.8660254037844385,-0.5000000000000004,-0.7818314824680299,0.6234898018587334,1,1,1.4142135623730951,4.47213595499958,0,0,1,5555.380000000001
4,4,94.8,108.3,647.1,17.0,16.6,54,5.4,0,0.0,-0.8660254037844385,-0.5000000000000004,0.9749279121818236,-0.2225209339563143,0,1,1.4142135623730951,4.47213595499958,1,0,1,11000.7
4,4,92.5,88.0,698.6,7.1,19.6,48,2.7,0,0.0,-1.0,-1.8369701987210294e-16,-0.7818314824680299,0.6234898018587334,1,1,1.4142135623730951,4.47213595499958,0,0,1,4960.06
4,4,90.1,82.9,735.7,6.2,12.9,74,4.9,0,0.0,-1.0,-1.8369701987210294e-16,0.4338837391175582,-0.900968867902419,0,1,1.4142135623730951,4.47213595499958,1,0,1,4561.34
5,6,94.3,85.1,692.3,15.9,25.9,24,4.0,0,0.0,-1.0,-1.8369701987210294e-16,0.4338837391175582,-0.900968867902419,0,1,1.0,3.0,1,1,1,11007.57
5,6,90.9,126.5,686.5,7.0,14.7,70,3.6,0,0.0,-1.0,-1.8369701987210294e-16,0.7818314824680298,0.6234898018587336,0,1,1.0,3.0,1,0,1,4805.5
6,6,94.2,62.3,442.9,11.0,23.0,36,3.1,0,0.0,-0.4999999999999997,-0.8660254037844388,0.7818314824680298,0.6234898018587336,0,0,1.4142135623730951,2.0,0,1,0,4871.9
4,4,87.2,23.9,64.7,4.1,11.8,35,1.8,0,0.0,1.0,6.123233995736766e-17,0.7818314824680298,0.6234898018587336,0,1,1.4142135623730951,2.23606797749979,0,0,0,265.27
4,4,87.6,52.2,103.8,5.0,11.0,46,5.8,0,0.0,1.0,6.123233995736766e-17,0.7818314824680298,0.6234898018587336,0,1,1.4142135623730951,2.23606797749979,1,0,0,519.0
4,4,92.9,137.0,706.4,9.2,20.8,17,1.3,0,0.0,-1.0,-1.8369701987210294e-16,-0.433883739117558,-0.9009688679024191,0,1,1.4142135623730951,4.47213595499958,0,1,1,6498.879999999999
4,3,90.2,99.6,631.2,6.3,21.5,34,2.2,0,0.0,-0.8660254037844385,-0.5000000000000004,-2.4492935982947064e-16,1.0,1,1,2.23606797749979,5.0,0,1,1,3976.56
4,3,92.1,111.2,654.1,9.6,20.4,42,4.9,0,0.0,-0.8660254037844385,-0.5000000000000004,0.4338837391175582,-0.900968867902419,0,1,2.23606797749979,5.0,1,0,1,6279.36
4,3,92.1,111.2,654.1,9.6,20.4,42,4.9,0,0.0,-0.8660254037844385,-0.5000000000000004,0.4338837391175582,-0.900968867902419,0,1,2.23606797749979,5.0,1,0,1,6279.36
4,3,91.7,114.3,661.3,6.3,17.6,45,3.6,0,0.0,-0.8660254037844385,-0.5000000000000004,-0.433883739117558,-0.9009688679024191,0,1,2.23606797749979,5.0,1,0,1,4166.19
4,3,92.9,137.0,706.4,9.2,27.7,24,2.2,0,0.0,-1.0,-1.8369701987210294e-16,-0.433883739117558,-0.9009688679024191,0,1,2.23606797749979,5.0,0,1,1,6498.879999999999
4,3,90.3,80.7,730.2,6.3,17.8,63,4.9,0,0.0,-1.0,-1.8369701987210294e-16,0.9749279121818236,-0.2225209339563143,0,1,2.23606797749979,5.0,1,0,1,4600.26
4,3,92.6,46.5,691.8,8.8,13.8,50,2.7,0,0.0,-0.8660254037844386,0.5000000000000001,-2.4492935982947064e-16,1.0,1,0,2.23606797749979,2.8284271247461903,0,0,1,6087.84
2,2,84.0,9.3,34.0,2.1,13.9,40,5.4,0,0.0,0.8660254037844386,0.5000000000000001,0.7818314824680298,0.6234898018587336,0,0,4.242640687119285,5.0,1,0,0,71.4
2,2,86.6,13.2,43.0,5.3,12.3,51,0.9,0,0.0,0.8660254037844386,0.5000000000000001,-0.9749279121818236,-0.2225209339563146,0,0,4.242640687119285,5.0,0,0,0,227.9
2,2,89.3,51.3,102.2,9.6,11.5,39,5.8,0,0.0,1.0,6.123233995736766e-17,-2.4492935982947064e-16,1.0,1,1,4.242640687119285,5.0,1,0,0,981.12
2,2,89.3,51.3,102.2,9.6,5.5,59,6.3,0,0.0,1.0,6.123233995736766e-17,-2.4492935982947064e-16,1.0,1,1,4.242640687119285,5.0,0,0,0,981.12
2,2,93.0,75.3,466.6,7.7,18.8,35,4.9,0,0.0,-0.8660254037844385,-0.5000000000000004,-0.433883739117558,-0.9009688679024191,0,1,4.242640687119285,7.211102550927978,1,0,0,3592.82
2,2,90.2,99.6,631.2,6.3,20.8,33,2.7,0,0.0,-0.8660254037844385,-0.5000000000000004,-2.4492935982947064e-16,1.0,1,1,4.242640687119285,7.211102550927978,0,1,1,3976.56
2,2,91.1,103.2,638.8,5.8,23.1,31,3.1,0,0.0,-0.8660254037844385,-0.5000000000000004,0.7818314824680298,0.6234898018587336,0,1,4.242640687119285,7.211102550927978,0,1,1,3705.04
2,2,91.7,114.3,661.3,6.3,18.6,44,4.5,0,0.0,-0.8660254037844385,-0.5000000000000004,-0.433883739117558,-0.9009688679024191,0,1,4.242640687119285,7.211102550927978,1,0,1,4166.19
2,2,92.4,117.9,668.0,12.2,23.0,37,4.5,0,0.0,-1.0,-1.8369701987210294e-16,-0.9749279121818236,-0.2225209339563146,0,1,4.242640687119285,7.211102550927978,1,1,1,8149.599999999999
2,2,92.4,117.9,668.0,12.2,19.6,33,5.4,0,0.0,-1.0,-1.8369701987210294e-16,-0.9749279121818236,-0.2225209339563146,0,1,4.242640687119285,7.211102550927978,1,0,1,8149.599999999999
2,2,92.4,117.9,668.0,12.2,19.6,33,6.3,0,0.0,-1.0,-1.8369701987210294e-16,-0.9749279121818236,-0.2225209339563146,0,1,4.242640687119285,7.211102550927978,0,0,1,8149.599999999999
4,5,91.7,33.3,77.5,9.0,17.2,26,4.5,0,0.0,1.0,6.123233995736766e-17,-0.9749279121818236,-0.2225209339563146,0,1,1.0,2.0,1,0,0,697.5
4,5,91.2,48.3,97.8,12.5,15.8,27,7.6,0,0.0,1.0,6.123233995736766e-17,-0.9749279121818236,-0.2225209339563146,0,1,1.0,2.0,0,0,0,1222.5
4,5,94.3,85.1,692.3,15.9,17.7,37,3.6,0,0.0,-1.0,-1.8369701987210294e-16,-0.9749279121818236,-0.2225209339563146,0,1,1.0,4.123105625617661,1,0,1,11007.57
5,4,91.7,33.3,77.5,9.0,15.6,25,6.3,0,0.0,1.0,6.123233995736766e-17,-0.9749279121818236,-0.2225209339563146,0,1,1.0,1.4142135623730951,0,0,0,697.5
5,4,88.8,147.3,614.5,9.0,17.3,43,4.5,0,0.0,-0.8660254037844385,-0.5000000000000004,0.9749279121818236,-0.2225209339563143,0,1,1.0,3.605551275463989,1,0,1,5530.5
5,4,93.3,141.2,713.9,13.9,27.6,30,1.3,0,0.0,-1.0,-1.8369701987210294e-16,-0.9749279121818236,-0.2225209339563146,0,1,1.0,3.605551275463989,0,1,1,9923.21
9,9,84.2,6.8,26.6,7.7,6.7,79,3.1,0,0.0,0.8660254037844386,0.5000000000000001,-0.433883739117558,-0.9009688679024191,0,0,5.656854249492381,5.0,0,0,0,204.82
9,9,86.6,13.2,43.0,5.3,15.7,43,3.1,0,0.0,0.8660254037844386,0.5000000000000001,-0.9749279121818236,-0.2225209339563146,0,0,5.656854249492381,5.0,0,0,0,227.9
1,3,87.6,52.2,103.8,5.0,8.3,72,3.1,0,0.0,1.0,6.123233995736766e-17,0.7818314824680298,0.6234898018587336,0,1,4.47213595499958,5.385164807134504,0,0,0,519.0
1,2,90.1,108.0,529.8,12.5,14.7,66,2.7,0,0.0,-0.8660254037844385,-0.5000000000000004,-0.9749279121818236,-0.2225209339563146,0,1,5.0,8.06225774829855,0,0,1,6622.499999999999
1,2,91.0,121.2,561.6,7.0,21.6,19,6.7,0,0.0,-0.8660254037844385,-0.5000000000000004,0.9749279121818236,-0.2225209339563143,0,1,5.0,8.06225774829855,0,1,1,3931.2
1,2,91.4,142.4,601.4,10.6,19.5,39,6.3,0,0.0,-0.8660254037844385,-0.5000000000000004,-2.4492935982947064e-16,1.0,1,1,5.0,8.06225774829855,0,0,1,6374.839999999999
1,2,90.2,99.6,631.2,6.3,17.9,44,2.2,0,0.0,-0.8660254037844385,-0.5000000000000004,-2.4492935982947064e-16,1.0,1,1,5.0,8.06225774829855,0,0,1,3976.56
1,2,94.8,108.3,647.1,17.0,18.6,51,4.5,0,0.0,-0.8660254037844385,-0.5000000000000004,0.9749279121818236,-0.2225209339563143,0,1,5.0,8.06225774829855,1,0,1,11000.7
1,2,92.1,111.2,654.1,9.6,16.6,47,0.9,0,0.0,-0.8660254037844385,-0.5000000000000004,0.4338837391175582,-0.900968867902419,0,1,5.0,8.06225774829855,0,0,1,6279.36
1,2,91.7,114.3,661.3,6.3,20.2,45,3.6,0,0.0,-0.8660254037844385,-0.5000000000000004,-0.433883739117558,-0.9009688679024191,0,1,5.0,8.06225774829855,1,0,1,4166.19
1,2,92.9,137.0,706.4,9.2,21.5,15,0.9,0,0.0,-1.0,-1.8369701987210294e-16,-0.433883739117558,-0.9009688679024191,0,1,5.0,8.06225774829855,0,1,1,6498.879999999999
1,2,92.9,137.0,706.4,9.2,25.4,27,2.2,0,0.0,-1.0,-1.8369701987210294e-16,-0.433883739117558,-0.9009688679024191,0,1,5.0,8.06225774829855,0,1,1,6498.879999999999
1,2,92.9,137.0,706.4,9.2,22.4,34,2.2,0,0.0,-1.0,-1.8369701987210294e-16,-0.433883739117558,-0.9009688679024191,0,1,5.0,8.06225774829855,0,1,1,6498.879999999999
1,2,93.5,149.3,728.6,8.1,25.3,36,3.6,0,0.0,-1.0,-1.8369701987210294e-16,-2.4492935982947064e-16,1.0,1,1,5.0,8.06225774829855,1,1,1,5901.66
6,5,91.7,35.8,80.8,7.8,17.4,25,4.9,0,0.0,1.0,6.123233995736766e-17,-0.7818314824680299,0.6234898018587334,1,1,1.0,0.0,1,0,0,630.24
6,5,90.2,96.9,624.2,8.9,14.7,59,5.8,0,0.0,-0.8660254037844385,-0.5000000000000004,-0.7818314824680299,0.6234898018587334,1,1,1.0,2.23606797749979,1,0,1,5555.380000000001
8,6,91.7,35.8,80.8,7.8,17.4,24,5.4,0,0.0,1.0,6.123233995736766e-17,-0.9749279121818236,-0.2225209339563146,0,1,3.1622776601683795,2.23606797749979,1,0,0,630.24
8,6,92.3,85.3,488.0,14.7,20.8,32,6.3,0,0.0,-0.8660254037844385,-0.5000000000000004,-2.4492935982947064e-16,1.0,1,1,3.1622776601683795,0.0,0,1,0,7173.599999999999
8,6,91.4,142.4,601.4,10.6,18.2,43,4.9,0,0.0,-0.8660254037844385,-0.5000000000000004,-2.4492935982947064e-16,1.0,1,1,3.1622776601683795,0.0,1,0,1,6374.839999999999
8,6,91.1,103.2,638.8,5.8,23.4,22,2.7,0,0.0,-0.8660254037844385,-0.5000000000000004,0.7818314824680298,0.6234898018587336,0,1,3.1622776601683795,0.0,0,1,1,3705.04
4,4,89.7,90.0,704.4,4.8,17.8,64,1.3,0,0.0,-1.0,-1.8369701987210294e-16,-2.4492935982947064e-16,1.0,1,1,1.4142135623730951,4.47213595499958,0,0,1,3381.12
3,4,83.9,8.0,30.2,2.6,12.7,48,1.8,0,0.0,0.8660254037844386,0.5000000000000001,-0.7818314824680299,0.6234898018587334,1,0,2.23606797749979,3.1622776601683795,0,0,0,78.52
3,4,69.0,2.4,15.5,0.7,17.4,24,5.4,0,0.0,1.0,6.123233995736766e-17,-0.7818314824680299,0.6234898018587334,1,1,2.23606797749979,3.1622776601683795,1,0,0,10.85
3,4,91.4,142.4,601.4,10.6,11.6,87,4.5,0,0.0,-0.8660254037844385,-0.5000000000000004,-2.4492935982947064e-16,1.0,1,1,2.23606797749979,5.385164807134504,1,0,1,6374.839999999999
3,4,91.4,142.4,601.4,10.6,19.8,39,5.4,0,0.0,-0.8660254037844385,-0.5000000000000004,-2.4492935982947064e-16,1.0,1,1,2.23606797749979,5.385164807134504,1,0,1,6374.839999999999
3,4,91.4,142.4,601.4,10.6,19.8,39,5.4,0,0.0,-0.8660254037844385,-0.5000000000000004,-2.4492935982947064e-16,1.0,1,1,2.23606797749979,5.385164807134504,1,0,1,6374.839999999999
3,4,88.8,147.3,614.5,9.0,14.4,66,5.4,0,0.0,-0.8660254037844385,-0.5000000000000004,0.9749279121818236,-0.2225209339563143,0,1,2.23606797749979,5.385164807134504,1,0,1,5530.5
2,4,94.8,108.3,647.1,17.0,20.1,40,4.0,0,0.0,-0.8660254037844385,-0.5000000000000004,0.9749279121818236,-0.2225209339563143,0,1,3.1622776601683795,6.324555320336759,1,1,1,11000.7
2,4,92.5,121.1,674.4,8.6,24.1,29,4.5,0,0.0,-1.0,-1.8369701987210294e-16,-0.7818314824680299,0.6234898018587334,1,1,3.1622776601683795,6.324555320336759,1,1,1,5799.839999999999
2,4,82.1,3.7,9.3,2.9,5.3,78,3.1,0,0.0,0.4999999999999999,0.8660254037844387,-0.7818314824680299,0.6234898018587334,1,0,3.1622776601683795,4.123105625617661,0,0,0,26.97
4,5,85.9,19.5,57.3,2.8,12.7,52,6.3,0,0.0,1.0,6.123233995736766e-17,-0.9749279121818236,-0.2225209339563146,0,1,1.0,2.0,0,0,0,160.43999999999997
4,5,91.4,30.7,74.3,7.5,18.2,29,3.1,0,0.0,1.0,6.123233995736766e-17,-0.433883739117558,-0.9009688679024191,0,1,1.0,2.0,0,0,0,557.25
4,5,90.2,99.6,631.2,6.3,21.4,33,3.1,0,0.0,-0.8660254037844385,-0.5000000000000004,-2.4492935982947064e-16,1.0,1,1,1.0,4.123105625617661,0,1,1,3976.56
4,5,92.5,88.0,698.6,7.1,20.3,45,3.1,0,0.0,-1.0,-1.8369701987210294e-16,-0.7818314824680299,0.6234898018587334,1,1,1.0,4.123105625617661,0,0,1,4960.06
4,5,88.6,91.8,709.9,7.1,17.4,56,5.4,0,0.0,-1.0,-1.8369701987210294e-16,0.7818314824680298,0.6234898018587336,0,1,1.0,4.123105625617661,1,0,1,5040.29
4,4,85.9,19.5,57.3,2.8,13.7,43,5.8,0,0.0,1.0,6.123233995736766e-17,-0.9749279121818236,-0.2225209339563146,0,1,1.4142135623730951,2.23606797749979,1,0,0,160.43999999999997
3,4,91.7,33.3,77.5,9.0,18.8,18,4.5,0,0.0,1.0,6.123233995736766e-17,-0.9749279121818236,-0.2225209339563146,0,1,2.23606797749979,3.1622776601683795,1,0,0,697.5
3,4,89.7,90.0,704.4,4.8,22.8,39,3.6,0,0.0,-1.0,-1.8369701987210294e-16,-2.4492935982947064e-16,1.0,1,1,2.23606797749979,5.385164807134504,1,1,1,3381.12
3,4,91.8,78.5,724.3,9.2,18.9,35,2.7,0,0.0,-1.0,-1.8369701987210294e-16,0.7818314824680298,0.6234898018587336,0,1,2.23606797749979,5.385164807134504,0,0,1,6663.56
3,4,88.1,25.7,67.6,3.8,15.8,27,7.6,0,0.0,1.0,6.123233995736766e-17,0.9749279121818236,-0.2225209339563143,0,1,2.23606797749979,3.1622776601683795,0,0,0,256.87999999999994
3,5,88.1,25.7,67.6,3.8,15.5,27,6.3,0,0.0,1.0,6.123233995736766e-17,0.9749279121818236,-0.2225209339563143,0,1,2.0,3.0,0,0,0,256.87999999999994
3,4,91.7,35.8,80.8,7.8,11.6,30,6.3,0,0.0,1.0,6.123233995736766e-17,-0.7818314824680299,0.6234898018587334,1,1,2.23606797749979,3.1622776601683795,0,0,0,630.24
3,4,91.7,35.8,80.8,7.8,15.2,27,4.9,0,0.0,1.0,6.123233995736766e-17,-0.7818314824680299,0.6234898018587334,1,1,2.23606797749979,3.1622776601683795,1,0,0,630.24
3,4,90.1,39.7,86.6,6.2,10.6,30,4.0,0,0.0,1.0,6.123233995736766e-17,0.7818314824680298,0.6234898018587336,0,1,2.23606797749979,3.1622776601683795,1,0,0,536.92
3,4,93.0,75.3,466.6,7.7,19.6,36,3.1,0,0.0,-0.8660254037844385,-0.5000000000000004,-0.433883739117558,-0.9009688679024191,0,1,2.23606797749979,5.385164807134504,0,0,0,3592.82
3,4,91.5,145.4,608.2,10.7,10.3,74,2.2,0,0.0,-0.8660254037844385,-0.5000000000000004,0.7818314824680298,0.6234898018587336,0,1,2.23606797749979,5.385164807134504,0,0,1,6507.74
3,4,91.5,145.4,608.2,10.7,17.1,43,5.4,0,0.0,-0.8660254037844385,-0.5000000000000004,0.7818314824680298,0.6234898018587336,0,1,2.23606797749979,5.385164807134504,1,0,1,6507.74
3,4,92.4,124.1,680.7,8.5,22.5,42,5.4,0,0.0,-1.0,-1.8369701987210294e-16,-2.4492935982947064e-16,1.0,1,1,2.23606797749979,5.385164807134504,1,0,1,5785.950000000001
3,4,84.4,73.4,671.9,3.2,17.9,45,3.1,0,0.0,-1.0,-1.8369701987210294e-16,0.9749279121818236,-0.2225209339563143,0,1,2.23606797749979,5.385164807134504,0,0,0,2150.08
3,4,94.3,85.1,692.3,15.9,19.8,50,5.4,0,0.0,-1.0,-1.8369701987210294e-16,-0.9749279121818236,-0.2225209339563146,0,1,2.23606797749979,5.385164807134504,1,0,1,11007.57
3,4,92.6,46.5,691.8,8.8,20.6,24,5.4,0,0.0,-0.8660254037844386,0.5000000000000001,-2.4492935982947064e-16,1.0,1,0,2.23606797749979,3.1622776601683795,1,1,1,6087.84
3,5,87.6,52.2,103.8,5.0,9.0,49,2.2,0,0.0,1.0,6.123233995736766e-17,0.7818314824680298,0.6234898018587336,0,1,2.0,3.0,0,0,0,519.0
3,5,93.5,149.3,728.6,8.1,17.2,43,3.1,0,0.0,-1.0,-1.8369701987210294e-16,-0.9749279121818236,-0.2225209339563146,0,1,2.0,5.0990195135927845,0,0,1,5901.66
3,5,91.4,37.9,673.8,5.2,15.9,46,3.6,0,0.0,-0.8660254037844386,0.5000000000000001,0.4338837391175582,-0.900968867902419,0,0,2.0,3.0,1,0,1,3503.76
2,5,92.6,46.5,691.8,8.8,15.4,35,0.9,0,0.0,-0.8660254037844386,0.5000000000000001,-2.4492935982947064e-16,1.0,1,0,3.0,4.0,0,0,1,6087.84
4,6,68.2,21.5,87.2,0.8,15.4,40,2.7,0,0.0,0.8660254037844386,0.5000000000000001,-0.7818314824680299,0.6234898018587334,1,0,1.4142135623730951,2.23606797749979,0,0,0,69.76
4,6,87.2,23.9,64.7,4.1,14.0,39,3.1,0,0.0,1.0,6.123233995736766e-17,0.7818314824680298,0.6234898018587336,0,1,1.4142135623730951,2.23606797749979,0,0,0,265.27
4,6,89.3,51.3,102.2,9.6,10.6,46,4.9,0,0.0,1.0,6.123233995736766e-17,-2.4492935982947064e-16,1.0,1,1,1.4142135623730951,2.23606797749979,1,0,0,981.12
4,6,93.7,80.9,685.2,17.9,17.6,42,3.1,0,0.0,-1.0,-1.8369701987210294e-16,-0.433883739117558,-0.9009688679024191,0,1,1.4142135623730951,4.0,0,0,1,12265.08
3,5,88.1,25.7,67.6,3.8,14.9,38,2.7,0,0.0,1.0,6.123233995736766e-17,0.9749279121818236,-0.2225209339563143,0,1,2.0,3.0,0,0,0,256.87999999999994
3,5,93.5,139.4,594.2,20.3,17.6,52,5.8,0,0.0,-0.8660254037844385,-0.5000000000000004,-0.7818314824680299,0.6234898018587334,1,1,2.0,5.0990195135927845,1,0,1,12062.260000000002
3,6,92.4,124.1,680.7,8.5,17.2,58,1.3,0,0.0,-1.0,-1.8369701987210294e-16,-2.4492935982947064e-16,1.0,1,1,2.23606797749979,5.0,0,0,1,5785.950000000001
3,6,90.9,126.5,686.5,7.0,15.6,66,3.1,0,0.0,-1.0,-1.8369701987210294e-16,0.7818314824680298,0.6234898018587336,0,1,2.23606797749979,5.0,0,0,1,4805.5
9,9,85.8,48.3,313.4,3.9,18.0,42,2.7,0,3.0983866769659336,-0.4999999999999997,-0.8660254037844388,0.9749279121818236,-0.2225209339563143,0,0,5.656854249492381,3.1622776601683795,0,0,0,1222.26
1,4,91.0,129.5,692.6,7.0,21.7,38,2.2,0,3.2391205039150983,-1.0,-1.8369701987210294e-16,0.9749279121818236,-0.2225209339563143,0,1,4.123105625617661,7.280109889280518,0,1,1,4848.2
2,5,90.9,126.5,686.5,7.0,21.9,39,1.8,0,3.311955217185412,-1.0,-1.8369701987210294e-16,0.7818314824680298,0.6234898018587336,0,1,3.0,6.082762530298219,0,1,1,4805.5
1,2,95.5,99.9,513.3,13.2,23.3,31,4.5,0,3.444694119853468,-0.8660254037844385,-0.5000000000000004,0.4338837391175582,-0.900968867902419,0,1,5.0,8.06225774829855,1,1,1,6775.559999999999
8,6,90.1,108.0,529.8,12.5,21.2,51,8.9,0,3.535024679044072,-0.8660254037844385,-0.5000000000000004,-0.9749279121818236,-0.2225209339563146,0,1,3.1622776601683795,0.0,0,0,1,6622.499999999999
1,2,90.0,51.3,296.3,8.7,16.6,53,5.4,0,3.671762470133679,-0.4999999999999997,-0.8660254037844388,-0.7818314824680299,0.6234898018587334,1,0,5.0,8.06225774829855,1,0,0,2577.81
2,5,95.5,99.9,513.3,13.2,23.8,32,5.4,0,3.7469911955897888,-0.8660254037844385,-0.5000000000000004,0.4338837391175582,-0.900968867902419,0,1,3.0,6.082762530298219,1,1,1,6775.559999999999
6,5,95.2,131.7,578.8,10.4,27.4,22,4.0,0,3.896014985701187,-0.8660254037844385,-0.5000000000000004,-0.433883739117558,-0.9009688679024191,0,1,1.0,2.23606797749979,1,1,1,6019.52
5,4,90.1,39.7,86.6,6.2,13.2,40,5.4,0,3.9490341796057353,1.0,6.123233995736766e-17,0.7818314824680298,0.6234898018587336,0,1,1.0,1.4142135623730951,1,0,0,536.92
8,3,84.4,73.4,671.9,3.2,24.2,28,3.6,0,3.959385603071812,-1.0,-1.8369701987210294e-16,0.9749279121818236,-0.2225209339563143,0,1,3.605551275463989,3.0,1,1,0,2150.08
2,2,94.8,108.3,647.1,17.0,17.4,43,6.7,0,4.0682341000072455,-0.8660254037844385,-0.5000000000000004,0.9749279121818236,-0.2225209339563143,0,1,4.242640687119285,7.211102550927978,0,0,1,11000.7
8,6,93.7,80.9,685.2,17.9,23.7,25,4.5,0,4.114949378888321,-1.0,-1.8369701987210294e-16,-0.433883739117558,-0.9009688679024191,0,1,3.1622776601683795,0.0,1,1,1,12265.08
6,5,92.5,56.4,433.3,7.1,23.2,39,5.4,0,4.1777912086911595,1.2246467991473532e-16,-1.0,-0.9749279121818236,-0.2225209339563146,0,0,1.0,2.23606797749979,1,1,0,3076.43
9,9,90.1,68.6,355.2,7.2,24.8,29,2.2,0,4.319611795463217,-0.4999999999999997,-0.8660254037844388,-2.4492935982947064e-16,1.0,1,0,5.656854249492381,3.1622776601683795,0,1,0,2557.44
3,4,90.1,51.2,424.1,6.2,24.6,43,1.8,0,4.374153311094872,-0.4999999999999997,-0.8660254037844388,-0.7818314824680299,0.6234898018587334,1,0,2.23606797749979,5.385164807134504,0,0,0,2629.42
5,4,94.3,85.1,692.3,15.9,20.1,47,4.9,0,4.396916369201411,-1.0,-1.8369701987210294e-16,-0.9749279121818236,-0.2225209339563146,0,1,1.0,3.605551275463989,1,0,1,11007.57
1,5,93.4,145.4,721.4,8.1,29.6,27,2.7,0,4.396916369201411,-1.0,-1.8369701987210294e-16,-0.7818314824680299,0.6234898018587334,1,1,4.0,7.071067811865476,0,1,1,5843.339999999999
7,4,94.8,108.3,647.1,17.0,16.4,47,1.3,0,4.470346026302089,-0.8660254037844385,-0.5000000000000004,-2.4492935982947064e-16,1.0,1,1,2.23606797749979,2.23606797749979,0,0,1,11000.7
2,4,93.4,145.4,721.4,8.1,28.6,27,2.2,0,4.505743453051808,-1.0,-1.8369701987210294e-16,-0.7818314824680299,0.6234898018587334,1,1,3.1622776601683795,6.324555320336759,0,1,1,5843.339999999999
2,2,92.1,111.2,654.1,9.6,18.4,45,3.6,0,4.519671728752646,-0.8660254037844385,-0.5000000000000004,0.4338837391175582,-0.900968867902419,0,1,4.242640687119285,7.211102550927978,1,0,1,6279.36
2,4,92.1,111.2,654.1,9.6,20.5,35,4.0,0,4.526587849560099,-0.8660254037844385,-0.5000000000000004,0.4338837391175582,-0.900968867902419,0,1,3.1622776601683795,6.324555320336759,1,1,1,6279.36
7,4,92.4,117.9,668.0,12.2,19.0,34,5.8,0,4.560701700396551,-1.0,-1.8369701987210294e-16,-0.9749279121818236,-0.2225209339563146,0,1,2.23606797749979,2.23606797749979,1,0,1,8149.599999999999
7,4,90.1,39.7,86.6,6.2,16.1,29,3.1,0,4.6006532675824126,1.0,6.123233995736766e-17,0.7818314824680298,0.6234898018587336,0,1,2.23606797749979,1.4142135623730951,0,0,0,536.92
6,4,95.2,131.7,578.8,10.4,20.3,41,4.0,0,4.696219543776074,-0.8660254037844385,-0.5000000000000004,-0.433883739117558,-0.9009688679024191,0,1,1.4142135623730951,2.8284271247461903,1,0,1,6019.52
6,3,90.6,50.1,100.4,7.8,15.2,31,8.5,0,4.7207437172011995,1.0,6.123233995736766e-17,-0.7818314824680299,0.6234898018587334,1,1,2.23606797749979,2.0,0,0,0,783.12
8,6,92.5,121.1,674.4,8.6,17.8,56,1.8,0,4.726815425847545,-1.0,-1.8369701987210294e-16,-0.7818314824680299,0.6234898018587334,1,1,3.1622776601683795,0.0,0,0,1,5799.839999999999
8,5,89.7,90.0,704.4,4.8,17.8,67,2.2,0,4.762763379175216,-1.0,-1.8369701987210294e-16,-2.4492935982947064e-16,1.0,1,1,3.0,1.0,0,0,1,3381.12
6,5,84.9,18.2,55.0,3.0,5.3,70,4.5,0,4.837972937225308,1.0,6.123233995736766e-17,-0.433883739117558,-0.9009688679024191,0,1,1.0,0.0,1,0,0,165.0
6,5,92.1,111.2,654.1,9.6,16.6,47,0.9,0,4.9206090599309436,-0.8660254037844385,-0.5000000000000004,0.4338837391175582,-0.900968867902419,0,1,1.0,2.23606797749979,0,0,1,6279.36
6,5,96.0,127.1,570.5,16.5,23.4,33,4.5,0,5.034755925405697,-0.8660254037844385,-0.5000000000000004,0.4338837391175582,-0.900968867902419,0,1,1.0,2.23606797749979,1,1,1,9413.25
6,5,91.2,48.3,97.8,12.5,14.6,26,9.4,0,5.0447554899062235,1.0,6.123233995736766e-17,-0.9749279121818236,-0.2225209339563146,0,1,1.0,0.0,0,0,0,1222.5
8,6,95.2,131.7,578.8,10.4,20.7,45,2.2,0,5.054695943009243,-0.8660254037844385,-0.5000000000000004,-0.433883739117558,-0.9009688679024191,0,1,3.1622776601683795,0.0,0,0,1,6019.52
5,4,92.9,133.3,699.6,9.2,21.9,35,1.8,0,5.0645780936826545,-1.0,-1.8369701987210294e-16,0.4338837391175582,-0.900968867902419,0,1,1.0,3.605551275463989,0,1,1,6436.32
8,6,85.6,90.4,609.6,6.6,17.4,50,4.0,0,5.122689835132589,-0.8660254037844385,-0.5000000000000004,0.4338837391175582,-0.900968867902419,0,1,3.1622776601683795,0.0,1,0,0,4023.36
7,4,91.4,142.4,601.4,10.6,20.1,39,5.4,0,5.146330009977495,-0.8660254037844385,-0.5000000000000004,-2.4492935982947064e-16,1.0,1,1,2.23606797749979,2.23606797749979,1,1,1,6374.839999999999
4,4,90.9,126.5,686.5,7.0,17.7,39,2.2,0,5.294739346624758,-1.0,-1.8369701987210294e-16,0.7818314824680298,0.6234898018587336,0,1,1.4142135623730951,4.47213595499958,0,0,1,4805.5
1,4,90.2,96.9,624.2,8.9,14.2,53,1.8,0,5.4711295994695215,-0.8660254037844385,-0.5000000000000004,-0.7818314824680299,0.6234898018587334,1,1,4.123105625617661,7.280109889280518,0,0,1,5555.380000000001
1,4,90.2,96.9,624.2,8.9,20.3,39,4.9,0,5.835586915304099,-0.8660254037844385,-0.5000000000000004,-0.7818314824680299,0.6234898018587334,1,1,4.123105625617661,7.280109889280518,1,1,1,5555.380000000001
6,5,81.5,9.1,55.2,2.7,5.8,54,5.8,0,5.86118220888365,0.8660254037844387,-0.4999999999999998,-0.433883739117558,-0.9009688679024191,0,0,1.0,0.0,1,0,0,149.04000000000002
2,5,90.2,99.6,631.2,6.3,19.2,44,2.7,0,5.886446510784952,-0.8660254037844385,-0.5000000000000004,-2.4492935982947064e-16,1.0,1,1,3.0,6.082762530298219,0,0,1,3976.56
2,5,90.1,82.9,735.7,6.2,18.3,45,2.2,0,5.945179160883146,-1.0,-1.8369701987210294e-16,0.4338837391175582,-0.900968867902419,0,1,3.0,6.082762530298219,0,0,1,4561.34
8,6,88.8,147.3,614.5,9.0,14.4,66,5.4,0,6.0490254755037745,-0.8660254037844385,-0.5000000000000004,0.9749279121818236,-0.2225209339563143,0,1,3.1622776601683795,0.0,1,0,1,5530.5
1,3,92.4,124.1,680.7,8.5,23.9,32,6.7,0,6.077735467916371,-1.0,-1.8369701987210294e-16,-2.4492935982947064e-16,1.0,1,1,4.47213595499958,7.615773105863909,0,1,1,5785.950000000001
8,6,84.9,32.8,664.2,3.0,19.1,32,4.0,0,6.108853585330878,-0.8660254037844386,0.5000000000000001,0.7818314824680298,0.6234898018587336,0,0,3.1622776601683795,2.23606797749979,1,0,0,1992.6
5,4,86.8,15.6,48.3,3.9,12.4,53,2.2,0,6.357189552703953,0.8660254037844386,0.5000000000000001,-2.4492935982947064e-16,1.0,1,0,1.0,1.4142135623730951,0,0,0,188.37
7,4,91.7,48.5,696.1,11.1,16.8,45,4.5,0,6.466438734356828,-0.8660254037844386,0.5000000000000001,0.7818314824680298,0.6234898018587336,0,0,2.23606797749979,1.4142135623730951,1,0,1,7726.71
8,6,93.9,135.7,586.7,15.1,20.8,34,4.9,0,6.496991539664597,-0.8660254037844385,-0.5000000000000004,-0.9749279121818236,-0.2225209339563146,0,1,3.1622776601683795,0.0,1,1,1,8859.17
2,5,91.0,129.5,692.6,7.0,17.6,46,3.1,0,6.515581118867995,-1.0,-1.8369701987210294e-16,0.9749279121818236,-0.2225209339563143,0,1,3.0,6.082762530298219,0,0,1,4848.2
8,6,89.3,51.3,102.2,9.6,11.5,39,5.8,0,6.550013783873601,1.0,6.123233995736766e-17,-2.4492935982947064e-16,1.0,1,1,3.1622776601683795,2.23606797749979,1,0,0,981.12
1,5,90.9,126.5,686.5,7.0,21.0,42,2.2,0,6.574923533816964,-1.0,-1.8369701987210294e-16,0.7818314824680298,0.6234898018587336,0,1,4.0,7.071067811865476,0,0,1,4805.5
6,4,90.8,41.9,89.4,7.9,13.3,42,0.9,0,6.597325642103277,1.0,6.123233995736766e-17,-0.7818314824680299,0.6234898018587334,1,1,1.4142135623730951,1.0,0,0,0,706.2600000000001
7,4,90.7,44.0,92.4,5.5,11.5,60,4.0,0,6.777067234586317,1.0,6.123233995736766e-17,-2.4492935982947064e-16,1.0,1,1,2.23606797749979,1.4142135623730951,1,0,0,508.2000000000001
6,5,91.2,48.3,97.8,12.5,11.7,33,4.0,0,6.791414652138289,1.0,6.123233995736766e-17,-0.9749279121818236,-0.2225209339563146,0,1,1.0,0.0,1,0,0,1222.5
2,5,95.2,131.7,578.8,10.4,24.2,28,2.7,0,6.865780622806118,-0.8660254037844385,-0.5000000000000004,-0.433883739117558,-0.9009688679024191,0,1,3.0,6.082762530298219,0,1,1,6019.52
2,2,94.8,108.3,647.1,17.0,24.6,22,4.5,0,6.871705363502997,-0.8660254037844385,-0.5000000000000004,0.9749279121818236,-0.2225209339563143,0,1,4.242640687119285,7.211102550927978,1,1,1,11000.7
4,5,92.9,133.3,699.6,9.2,24.3,25,4.0,0,7.005794550268334,-1.0,-1.8369701987210294e-16,0.4338837391175582,-0.900968867902419,0,1,1.0,4.123105625617661,1,1,1,6436.32
2,2,94.8,108.3,647.1,17.0,24.6,22,4.5,0,7.114895253099682,-0.8660254037844385,-0.5000000000000004,0.9749279121818236,-0.2225209339563143,0,1,4.242640687119285,7.211102550927978,1,1,1,11000.7
2,5,93.9,135.7,586.7,15.1,23.5,36,5.4,0,7.116671534664371,-0.8660254037844385,-0.5000000000000004,-0.9749279121818236,-0.2225209339563146,0,1,3.0,6.082762530298219,1,1,1,8859.17
6,5,81.5,9.1,55.2,2.7,5.8,54,5.8,0,7.2730241863624325,0.8660254037844387,-0.4999999999999998,-0.433883739117558,-0.9009688679024191,0,0,1.0,0.0,1,0,0,149.04000000000002
4,5,92.9,137.0,706.4,9.2,21.5,15,0.9,0,7.29455449459464,-1.0,-1.8369701987210294e-16,-0.433883739117558,-0.9009688679024191,0,1,1.0,4.123105625617661,0,1,1,6498.879999999999
3,4,91.0,129.5,692.6,7.0,13.9,59,6.3,0,7.324054530488469,-1.0,-1.8369701987210294e-16,0.9749279121818236,-0.2225209339563143,0,1,2.23606797749979,5.385164807134504,0,0,1,4848.2
2,4,63.5,70.8,665.3,0.8,22.6,38,3.6,0,7.337052016446,-1.0,-1.8369701987210294e-16,0.7818314824680298,0.6234898018587336,0,1,3.1622776601683795,6.324555320336759,1,1,0,532.24
1,5,91.0,129.5,692.6,7.0,21.6,33,2.2,0,7.370845671177689,-1.0,-1.8369701987210294e-16,0.9749279121818236,-0.2225209339563143,0,1,4.0,7.071067811865476,0,1,1,4848.2
6,5,90.1,37.6,83.7,7.2,12.4,54,3.6,0,7.460300719070477,1.0,6.123233995736766e-17,-2.4492935982947064e-16,1.0,1,1,1.0,0.0,1,0,0,602.64
7,4,83.9,8.7,32.1,2.1,8.8,68,2.2,0,7.602608366751705,0.8660254037844386,0.5000000000000001,-2.4492935982947064e-16,1.0,1,0,2.23606797749979,1.4142135623730951,0,0,0,67.41000000000001
8,6,91.4,37.9,673.8,5.2,20.2,37,2.7,0,7.695558308182038,-0.8660254037844386,0.5000000000000001,0.4338837391175582,-0.900968867902419,0,0,3.1622776601683795,2.23606797749979,0,1,1,3503.76
5,6,90.6,50.1,100.4,7.8,15.1,64,4.0,0,7.735963641954902,1.0,6.123233995736766e-17,-0.7818314824680299,0.6234898018587334,1,1,1.0,1.4142135623730951,1,0,0,783.12
4,5,92.9,137.0,706.4,9.2,22.1,34,1.8,0,7.814926166559439,-1.0,-1.8369701987210294e-16,-0.433883739117558,-0.9009688679024191,0,1,1.0,4.123105625617661,0,1,1,6498.879999999999
2,2,93.5,139.4,594.2,20.3,22.9,31,7.2,0,7.930345567660173,-0.8660254037844385,-0.5000000000000004,-0.7818314824680299,0.6234898018587334,1,1,4.242640687119285,7.211102550927978,0,1,1,12062.260000000002
7,5,91.0,129.5,692.6,7.0,20.7,37,2.2,0,8.14595680878856,-1.0,-1.8369701987210294e-16,0.9749279121818236,-0.2225209339563143,0,1,2.0,1.4142135623730951,0,1,1,4848.2
6,5,92.4,117.9,668.0,12.2,19.6,33,6.3,0,8.376349935246154,-1.0,-1.8369701987210294e-16,-0.9749279121818236,-0.2225209339563146,0,1,1.0,2.23606797749979,0,0,1,8149.599999999999
8,3,93.7,80.9,685.2,17.9,23.2,26,4.9,0,8.798534570130348,-1.0,-1.8369701987210294e-16,-0.433883739117558,-0.9009688679024191,0,1,3.605551275463989,3.0,1,1,1,12265.08
4,4,90.6,43.7,686.9,6.7,18.4,25,3.1,0,8.87459095593309,-0.8660254037844386,0.5000000000000001,-0.7818314824680299,0.6234898018587334,1,0,1.4142135623730951,2.23606797749979,0,0,1,4602.23
7,4,93.5,139.4,594.2,20.3,5.1,96,5.8,0,9.032403457412903,-0.8660254037844385,-0.5000000000000004,-0.7818314824680299,0.6234898018587334,1,1,2.23606797749979,2.23606797749979,1,0,1,12062.260000000002
7,4,94.3,85.1,692.3,15.9,20.1,47,4.9,0,9.043672853572556,-1.0,-1.8369701987210294e-16,-0.9749279121818236,-0.2225209339563146,0,1,2.23606797749979,2.23606797749979,1,0,1,11007.57
7,3,87.6,52.2,103.8,5.0,11.0,46,5.8,0,9.147434828188416,1.0,6.123233995736766e-17,0.7818314824680298,0.6234898018587336,0,1,2.8284271247461903,2.23606797749979,1,0,0,519.0
4,4,91.7,35.8,80.8,7.8,17.0,27,4.9,0,9.255055721694749,1.0,6.123233995736766e-17,-0.7818314824680299,0.6234898018587334,1,1,1.4142135623730951,2.23606797749979,1,0,0,630.24
4,4,91.7,35.8,80.8,7.8,17.0,27,4.9,0,9.255055721694749,1.0,6.123233995736766e-17,-0.7818314824680299,0.6234898018587334,1,1,1.4142135623730951,2.23606797749979,1,0,0,630.24
4,4,92.4,124.1,680.7,8.5,16.9,60,1.3,0,9.320556879671335,-1.0,-1.8369701987210294e-16,-2.4492935982947064e-16,1.0,1,1,1.4142135623730951,4.47213595499958,0,0,1,5785.950000000001
1,3,88.6,91.8,709.9,7.1,12.4,73,6.3,0,9.386253744002007,-1.0,-1.8369701987210294e-16,0.7818314824680298,0.6234898018587336,0,1,4.47213595499958,7.615773105863909,0,0,1,5040.29
4,5,92.9,133.3,699.6,9.2,19.4,19,1.3,0,9.492777158350648,-1.0,-1.8369701987210294e-16,0.4338837391175582,-0.900968867902419,0,1,1.0,4.123105625617661,0,0,1,6436.32
6,5,90.1,39.7,86.6,6.2,15.2,27,3.1,0,9.50323424244023,1.0,6.123233995736766e-17,0.7818314824680298,0.6234898018587336,0,1,1.0,0.0,0,0,0,536.92
8,6,90.2,99.6,631.2,6.3,16.2,59,3.1,0,9.51885543868136,-0.8660254037844385,-0.5000000000000004,-2.4492935982947064e-16,1.0,1,1,3.1622776601683795,0.0,0,0,1,3976.56
3,4,93.3,141.2,713.9,13.9,18.6,49,3.6,0,9.789783779225177,-1.0,-1.8369701987210294e-16,-0.9749279121818236,-0.2225209339563146,0,1,2.23606797749979,5.385164807134504,1,0,1,9923.21
4,3,87.6,52.2,103.8,5.0,11.0,46,5.8,0,9.855289003827721,1.0,6.123233995736766e-17,0.7818314824680298,0.6234898018587336,0,1,2.23606797749979,2.8284271247461903,1,0,0,519.0
2,2,88.3,150.3,309.9,6.8,13.4,79,3.6,0,9.866635737125803,-0.4999999999999997,-0.8660254037844388,-0.9749279121818236,-0.2225209339563146,0,0,4.242640687119285,7.211102550927978,1,0,0,2107.32
7,4,90.1,82.9,735.7,6.2,15.4,57,4.5,0,9.912292850506478,-1.0,-1.8369701987210294e-16,0.4338837391175582,-0.900968867902419,0,1,2.23606797749979,2.23606797749979,1,0,1,4561.34
4,4,93.5,149.3,728.6,8.1,22.9,39,4.9,0,10.558623398650365,-1.0,-1.8369701987210294e-16,-2.4492935982947064e-16,1.0,1,1,1.4142135623730951,4.47213595499958,1,1,1,5901.66
7,5,91.7,48.5,696.1,11.1,16.1,44,4.0,0,10.602927043594306,-0.8660254037844386,0.5000000000000001,0.7818314824680298,0.6234898018587336,0,0,2.0,1.0,1,0,1,7726.71
8,6,92.2,81.8,480.8,11.9,20.1,34,4.5,0,11.05292263070971,-0.8660254037844385,-0.5000000000000004,-0.7818314824680299,0.6234898018587334,1,1,3.1622776601683795,0.0,1,1,0,5721.52
4,6,93.5,149.3,728.6,8.1,28.3,26,3.1,0,11.318125329222497,-1.0,-1.8369701987210294e-16,-2.4492935982947064e-16,1.0,1,1,1.4142135623730951,4.0,0,1,1,5901.66
8,6,92.2,81.8,480.8,11.9,16.4,43,4.0,0,11.623378326826549,-0.8660254037844385,-0.5000000000000004,-0.7818314824680299,0.6234898018587334,1,1,3.1622776601683795,0.0,1,0,0,5721.52
4,4,92.9,133.3,699.6,9.2,26.4,21,4.5,0,12.26827606607881,-1.0,-1.8369701987210294e-16,0.4338837391175582,-0.900968867902419,0,1,1.4142135623730951,4.47213595499958,1,1,1,6436.32
1,5,93.5,149.3,728.6,8.1,27.8,27,3.1,0,12.493853708257559,-1.0,-1.8369701987210294e-16,-2.4492935982947064e-16,1.0,1,1,4.0,7.071067811865476,0,1,1,5901.66
6,4,91.0,129.5,692.6,7.0,18.7,43,2.7,0,12.754975394681882,-1.0,-1.8369701987210294e-16,0.9749279121818236,-0.2225209339563143,0,1,1.4142135623730951,2.8284271247461903,0,0,1,4848.2
9,4,84.4,73.4,671.9,3.2,24.3,36,3.1,0,12.824417347798434,-1.0,-1.8369701987210294e-16,0.9749279121818236,-0.2225209339563143,0,1,4.123105625617661,2.23606797749979,0,1,0,2150.08
4,5,92.5,121.1,674.4,8.6,17.7,25,3.1,0,14.111033611402526,-1.0,-1.8369701987210294e-16,-0.7818314824680299,0.6234898018587334,1,1,1.0,4.123105625617661,0,0,1,5799.839999999999
8,6,91.4,142.4,601.4,10.6,19.6,41,5.8,0,14.975784386454386,-0.8660254037844385,-0.5000000000000004,-2.4492935982947064e-16,1.0,1,1,3.1622776601683795,0.0,1,0,1,6374.839999999999
2,2,92.5,121.1,674.4,8.6,18.2,46,1.8,0,15.060056140120317,-1.0,-1.8369701987210294e-16,-0.7818314824680299,0.6234898018587334,1,1,4.242640687119285,7.211102550927978,0,0,1,5799.839999999999
1,2,91.0,129.5,692.6,7.0,18.8,40,2.2,0,15.278956931870228,-1.0,-1.8369701987210294e-16,0.9749279121818236,-0.2225209339563143,0,1,5.0,8.06225774829855,0,0,1,4848.2
6,5,92.5,121.1,674.4,8.6,25.1,27,4.0,0,22.98795059039517,-1.0,-1.8369701987210294e-16,-0.7818314824680299,0.6234898018587334,1,1,1.0,2.23606797749979,1,1,1,5799.839999999999
7,5,81.9,3.0,7.9,3.5,13.4,75,1.8,0,0.0,0.8660254037844387,-0.4999999999999998,-2.4492935982947064e-16,1.0,1,0,2.0,1.0,0,0,0,27.65
6,3,88.0,17.2,43.5,3.8,15.2,51,2.7,0,0.0,0.8660254037844387,-0.4999999999999998,0.4338837391175582,-0.900968867902419,0,0,2.23606797749979,2.0,0,0,0,165.29999999999998
4,4,83.0,23.3,85.3,2.3,16.7,20,3.1,0,0.0,0.8660254037844387,-0.4999999999999998,-0.9749279121818236,-0.2225209339563146,0,0,1.4142135623730951,2.23606797749979,0,0,0,196.19
2,4,94.2,122.3,589.9,12.9,15.4,66,4.0,0,7.136123421094016,-0.8660254037844385,-0.5000000000000004,-2.4492935982947064e-16,1.0,1,1,3.1622776601683795,6.324555320336759,1,0,1,7609.71
7,4,91.8,175.1,700.7,13.8,21.9,73,7.6,1,0.0,-0.8660254037844385,-0.5000000000000004,-2.4492935982947064e-16,1.0,1,1,2.23606797749979,2.23606797749979,0,0,1,9669.660000000002
2,4,91.8,175.1,700.7,13.8,22.4,54,7.6,0,5.206315295269377,-0.8660254037844385,-0.5000000000000004,-2.4492935982947064e-16,1.0,1,1,3.1622776601683795,6.324555320336759,0,0,1,9669.660000000002
3,4,91.8,175.1,700.7,13.8,26.8,38,6.3,0,3.7347659390288643,-0.8660254037844385,-0.5000000000000004,-2.4492935982947064e-16,1.0,1,1,2.23606797749979,5.385164807134504,0,1,1,9669.660000000002
5,4,91.8,175.1,700.7,13.8,25.7,39,5.4,0,2.1908902300206643,-0.8660254037844385,-0.5000000000000004,-2.4492935982947064e-16,1.0,1,1,1.0,3.605551275463989,1,1,1,9669.660000000002
2,4,92.2,91.6,503.6,9.6,20.7,70,2.2,0,3.7224194364083982,-0.8660254037844385,-0.5000000000000004,0.4338837391175582,-0.900968867902419,0,1,3.1622776601683795,6.324555320336759,0,0,1,4834.56
8,6,93.1,157.3,666.7,13.5,28.7,28,2.7,0,0.0,-0.8660254037844385,-0.5000000000000004,0.4338837391175582,-0.900968867902419,0,1,3.1622776601683795,0.0,0,1,1,9000.45
3,4,93.1,157.3,666.7,13.5,21.7,40,0.4,0,5.014576136903571,-0.8660254037844385,-0.5000000000000004,0.4338837391175582,-0.900968867902419,0,1,2.23606797749979,5.385164807134504,0,1,1,9000.45
8,5,93.1,157.3,666.7,13.5,26.8,25,3.1,0,3.632346074092681,-0.8660254037844385,-0.5000000000000004,0.4338837391175582,-0.900968867902419,0,1,3.0,1.0,0,1,1,9000.45
8,5,93.1,157.3,666.7,13.5,24.0,36,3.1,0,2.7997084092644666,-0.8660254037844385,-0.5000000000000004,0.4338837391175582,-0.900968867902419,0,1,3.0,1.0,0,1,1,9000.45
6,5,93.1,157.3,666.7,13.5,22.1,37,3.6,0,2.7077889710849594,-0.8660254037844385,-0.5000000000000004,0.4338837391175582,-0.900968867902419,0,1,1.0,2.23606797749979,1,1,1,9000.45
7,4,91.9,109.2,565.5,8.0,21.4,38,2.7,0,4.441410227562944,-0.8660254037844385,-0.5000000000000004,-0.433883739117558,-0.9009688679024191,0,1,2.23606797749979,2.23606797749979,0,1,1,4524.0
6,3,91.6,138.1,621.7,6.3,18.9,41,3.1,0,7.172823196664148,-0.8660254037844385,-0.5000000000000004,-0.433883739117558,-0.9009688679024191,0,1,2.23606797749979,3.605551275463989,0,0,1,3916.71
2,5,87.5,77.0,694.8,5.0,22.3,46,4.0,0,0.0,-0.8660254037844385,-0.5000000000000004,-0.433883739117558,-0.9009688679024191,0,1,3.0,6.082762530298219,1,0,0,3474.0
8,6,94.2,117.2,581.1,11.0,23.9,41,2.2,0,6.731371868142492,-0.8660254037844385,-0.5000000000000004,-0.7818314824680299,0.6234898018587334,1,1,3.1622776601683795,0.0,0,0,1,6392.1
4,3,94.2,117.2,581.1,11.0,21.4,44,2.7,0,3.632346074092681,-0.8660254037844385,-0.5000000000000004,-0.7818314824680299,0.6234898018587334,1,1,2.23606797749979,5.0,0,0,1,6392.1
3,4,91.8,170.9,692.3,13.7,20.6,59,0.9,0,0.0,-0.8660254037844385,-0.5000000000000004,-0.7818314824680299,0.6234898018587334,1,1,2.23606797749979,5.385164807134504,0,0,1,9484.509999999998
7,4,91.8,170.9,692.3,13.7,23.7,40,1.8,0,4.3354058863217375,-0.8660254037844385,-0.5000000000000004,-0.7818314824680299,0.6234898018587334,1,1,2.23606797749979,2.23606797749979,0,1,1,9484.509999999998
2,4,93.6,97.9,542.0,14.4,28.3,32,4.0,0,6.899153520400836,-0.8660254037844385,-0.5000000000000004,0.7818314824680298,0.6234898018587336,0,1,3.1622776601683795,6.324555320336759,1,1,1,7804.8
3,4,91.6,112.4,573.0,8.9,11.2,84,7.6,0,5.391237650051788,-0.8660254037844385,-0.5000000000000004,-0.9749279121818236,-0.2225209339563146,0,1,2.23606797749979,5.385164807134504,0,0,1,5099.7
2,4,91.6,112.4,573.0,8.9,21.4,42,3.1,0,5.743243422051801,-0.8660254037844385,-0.5000000000000004,-0.9749279121818236,-0.2225209339563146,0,1,3.1622776601683795,6.324555320336759,0,0,1,5099.7
6,3,91.1,141.1,629.1,7.1,19.3,39,3.6,0,4.470346026302089,-0.8660254037844385,-0.5000000000000004,-0.9749279121818236,-0.2225209339563146,0,1,2.23606797749979,3.605551275463989,1,0,1,4466.61
4,4,94.3,167.6,684.4,13.0,21.8,53,3.1,0,6.396677100506337,-0.8660254037844385,-0.5000000000000004,-0.9749279121818236,-0.2225209339563146,0,1,1.4142135623730951,4.47213595499958,0,0,1,8897.199999999999
4,4,93.7,102.2,550.3,14.6,22.1,54,7.6,0,3.771088843783045,-0.8660254037844385,-0.5000000000000004,0.9749279121818236,-0.2225209339563143,0,1,1.4142135623730951,4.47213595499958,0,0,1,8034.379999999999
6,5,94.3,131.7,607.1,22.7,19.4,55,4.0,0,2.568456540607268,-0.8660254037844385,-0.5000000000000004,0.9749279121818236,-0.2225209339563143,0,1,1.0,2.23606797749979,1,0,1,13781.17
2,2,92.1,152.6,658.2,14.3,23.7,24,3.1,0,0.0,-0.8660254037844385,-0.5000000000000004,0.9749279121818236,-0.2225209339563143,0,1,4.242640687119285,7.211102550927978,0,1,1,9412.26
3,4,92.1,152.6,658.2,14.3,21.0,32,3.1,0,0.0,-0.8660254037844385,-0.5000000000000004,0.9749279121818236,-0.2225209339563143,0,1,2.23606797749979,5.385164807134504,0,1,1,9412.26
4,4,92.1,152.6,658.2,14.3,19.1,53,2.7,0,5.793261874060661,-0.8660254037844385,-0.5000000000000004,0.9749279121818236,-0.2225209339563143,0,1,1.4142135623730951,4.47213595499958,0,0,1,9412.26
2,2,92.1,152.6,658.2,14.3,21.8,56,3.1,0,3.3967284379951197,-0.8660254037844385,-0.5000000000000004,0.9749279121818236,-0.2225209339563143,0,1,4.242640687119285,7.211102550927978,0,0,1,9412.26
8,6,92.1,152.6,658.2,14.3,20.1,58,4.5,0,6.979590210925184,-0.8660254037844385,-0.5000000000000004,0.9749279121818236,-0.2225209339563143,0,1,3.1622776601683795,0.0,1,0,1,9412.26
2,5,92.1,152.6,658.2,14.3,20.2,47,4.0,0,5.30334171348548,-0.8660254037844385,-0.5000000000000004,0.9749279121818236,-0.2225209339563143,0,1,3.0,6.082762530298219,1,0,1,9412.26
4,6,84.4,27.2,353.5,6.8,4.8,57,8.5,0,6.924351016815181,-2.4492935982947064e-16,1.0,-2.4492935982947064e-16,1.0,1,1,1.4142135623730951,2.23606797749979,0,0,0,2403.8
8,6,84.0,27.8,354.6,5.3,5.1,61,8.0,0,7.315895829477668,-2.4492935982947064e-16,1.0,0.4338837391175582,-0.900968867902419,0,1,3.1622776601683795,2.23606797749979,0,0,0,1879.38
4,6,84.6,26.4,352.0,2.0,5.1,61,4.9,0,6.091939199891792,-2.4492935982947064e-16,1.0,-0.433883739117558,-0.9009688679024191,0,1,1.4142135623730951,2.23606797749979,1,0,0,704.0
4,4,85.4,25.4,349.7,2.6,4.6,21,8.5,0,8.221849947407721,-2.4492935982947064e-16,1.0,0.7818314824680298,0.6234898018587336,0,1,1.4142135623730951,2.23606797749979,0,0,0,909.22
3,4,85.4,25.4,349.7,2.6,4.6,21,8.5,0,7.2395224934597335,-2.4492935982947064e-16,1.0,0.7818314824680298,0.6234898018587336,0,1,2.23606797749979,3.1622776601683795,0,0,0,909.22
4,4,85.4,25.4,349.7,2.6,4.6,21,8.5,0,8.665898851088013,-2.4492935982947064e-16,1.0,0.7818314824680298,0.6234898018587336,0,1,1.4142135623730951,2.23606797749979,0,0,0,909.22
4,4,85.4,25.4,349.7,2.6,4.6,21,8.5,0,7.071859638445951,-2.4492935982947064e-16,1.0,0.7818314824680298,0.6234898018587336,0,1,1.4142135623730951,2.23606797749979,0,0,0,909.22
4,6,84.7,26.7,352.6,4.1,2.2,59,4.9,0,6.979590210925184,-2.4492935982947064e-16,1.0,-0.9749279121818236,-0.2225209339563146,0,1,1.4142135623730951,2.23606797749979,1,0,0,1445.66
6,5,85.4,25.4,349.7,2.6,5.1,24,8.5,0,8.92362872849535,-2.4492935982947064e-16,1.0,0.9749279121818236,-0.2225209339563143,0,1,1.0,0.0,0,0,0,909.22
6,3,84.9,27.5,353.5,3.4,4.2,51,4.0,0,0.0,0.8660254037844386,0.5000000000000001,-2.4492935982947064e-16,1.0,1,0,2.23606797749979,2.0,1,0,0,1201.9
3,4,86.9,6.6,18.7,3.2,8.8,35,3.1,0,4.0964547563377804,0.8660254037844386,0.5000000000000001,0.4338837391175582,-0.900968867902419,0,0,2.23606797749979,3.1622776601683795,0,0,0,59.84
5,4,85.2,4.9,15.8,6.3,7.5,46,8.0,0,8.875506475722018,0.8660254037844386,0.5000000000000001,-0.9749279121818236,-0.2225209339563146,0,0,1.0,1.4142135623730951,0,0,0,99.54
2,5,93.9,169.7,411.8,12.3,23.4,40,6.3,0,0.0,-0.4999999999999997,-0.8660254037844388,-2.4492935982947064e-16,1.0,1,0,3.0,6.082762530298219,0,1,0,5065.14
7,6,91.2,183.1,437.7,12.5,12.6,90,7.6,1,0.0,-0.4999999999999997,-0.8660254037844388,0.4338837391175582,-0.900968867902419,0,0,2.23606797749979,1.0,0,0,0,5471.25
7,4,91.6,104.2,474.9,9.0,22.1,49,2.7,0,0.0,-0.4999999999999997,-0.8660254037844388,-0.7818314824680299,0.6234898018587334,1,0,2.23606797749979,2.23606797749979,0,0,0,4274.099999999999
7,4,91.6,104.2,474.9,9.0,24.2,32,1.8,0,0.0,-0.4999999999999997,-0.8660254037844388,-0.7818314824680299,0.6234898018587334,1,0,2.23606797749979,2.23606797749979,0,1,0,4274.099999999999
7,4,91.6,104.2,474.9,9.0,24.3,30,1.8,0,0.0,-0.4999999999999997,-0.8660254037844388,-0.7818314824680299,0.6234898018587334,1,0,2.23606797749979,2.23606797749979,0,1,0,4274.099999999999
2,5,91.6,104.2,474.9,9.0,18.7,53,1.8,0,0.0,-0.4999999999999997,-0.8660254037844388,-0.7818314824680299,0.6234898018587334,1,0,3.0,6.082762530298219,0,0,0,4274.099999999999
9,4,91.6,104.2,474.9,9.0,25.3,39,0.9,0,6.727171322029718,-0.4999999999999997,-0.8660254037844388,-0.7818314824680299,0.6234898018587334,1,0,4.123105625617661,2.23606797749979,0,1,0,4274.099999999999
4,5,91.6,100.2,466.3,6.3,22.9,40,1.3,0,5.098717769678478,-0.4999999999999997,-0.8660254037844388,-0.9749279121818236,-0.2225209339563146,0,0,1.0,4.123105625617661,0,1,0,2937.69
7,6,93.1,180.4,430.8,11.0,26.9,28,5.4,0,12.196949922771521,-0.4999999999999997,-0.8660254037844388,0.9749279121818236,-0.2225209339563143,0,0,2.23606797749979,1.0,1,1,0,4738.8
8,6,92.3,88.8,440.9,8.5,17.1,67,3.6,0,6.404000154397574,-0.4999999999999997,-0.8660254037844388,0.9749279121818236,-0.2225209339563143,0,0,3.1622776601683795,0.0,1,0,0,3747.65
7,5,93.1,180.4,430.8,11.0,22.2,48,1.3,0,0.0,1.2246467991473532e-16,-1.0,-2.4492935982947064e-16,1.0,1,0,2.0,1.4142135623730951,0,0,0,4738.8
6,4,90.4,89.5,290.8,6.4,14.3,46,1.8,0,3.896014985701187,1.2246467991473532e-16,-1.0,-2.4492935982947064e-16,1.0,1,0,1.4142135623730951,2.8284271247461903,0,0,0,1861.12
8,6,90.4,89.5,290.8,6.4,15.4,45,2.2,0,0.0,1.2246467991473532e-16,-1.0,-2.4492935982947064e-16,1.0,1,0,3.1622776601683795,0.0,0,0,0,1861.12
8,6,91.2,147.8,377.2,12.7,19.6,43,4.9,0,0.0,1.2246467991473532e-16,-1.0,0.4338837391175582,-0.900968867902419,0,0,3.1622776601683795,0.0,1,0,0,4790.44
6,5,53.4,71.0,233.8,0.4,10.6,90,2.7,0,0.0,1.2246467991473532e-16,-1.0,-0.7818314824680299,0.6234898018587334,1,0,1.0,2.23606797749979,0,0,0,93.52
6,5,90.4,93.3,298.1,7.5,20.7,25,4.9,0,0.0,1.2246467991473532e-16,-1.0,0.7818314824680298,0.6234898018587336,0,0,1.0,2.23606797749979,1,1,0,2235.75
6,5,90.4,93.3,298.1,7.5,19.1,39,5.4,0,5.478928806150884,1.2246467991473532e-16,-1.0,0.7818314824680298,0.6234898018587336,0,0,1.0,2.23606797749979,1,0,0,2235.75
3,6,91.1,94.1,232.1,7.1,19.2,38,4.5,0,0.0,1.2246467991473532e-16,-1.0,-0.9749279121818236,-0.2225209339563146,0,0,2.23606797749979,5.0,1,0,0,1647.91
3,6,91.1,94.1,232.1,7.1,19.2,38,4.5,0,0.0,1.2246467991473532e-16,-1.0,-0.9749279121818236,-0.2225209339563146,0,0,2.23606797749979,5.0,1,0,0,1647.91
6,5,85.1,28.0,113.8,3.5,11.3,94,4.9,0,0.0,0.4999999999999999,-0.8660254037844387,-0.7818314824680299,0.6234898018587334,1,0,1.0,0.0,1,0,0,398.3
1,4,89.6,84.1,714.3,5.7,19.0,52,2.2,0,0.0,-1.0,-1.8369701987210294e-16,-2.4492935982947064e-16,1.0,1,1,4.123105625617661,7.280109889280518,0,0,1,4071.51
7,4,89.6,84.1,714.3,5.7,17.1,53,5.4,0,3.200780964060577,-1.0,-1.8369701987210294e-16,-2.4492935982947064e-16,1.0,1,1,2.23606797749979,2.23606797749979,1,0,1,4071.51
3,4,89.6,84.1,714.3,5.7,23.8,35,3.6,0,6.034515835224177,-1.0,-1.8369701987210294e-16,-2.4492935982947064e-16,1.0,1,1,2.23606797749979,5.385164807134504,1,1,1,4071.51
2,4,92.4,105.8,758.1,9.9,16.0,45,1.8,0,0.0,-1.0,-1.8369701987210294e-16,-2.4492935982947064e-16,1.0,1,1,3.1622776601683795,6.324555320336759,0,0,1,7505.19
2,4,92.4,105.8,758.1,9.9,24.9,27,2.2,0,0.0,-1.0,-1.8369701987210294e-16,-2.4492935982947064e-16,1.0,1,1,3.1622776601683795,6.324555320336759,0,1,1,7505.19
7,4,92.4,105.8,758.1,9.9,25.3,27,2.7,0,0.0,-1.0,-1.8369701987210294e-16,-2.4492935982947064e-16,1.0,1,1,2.23606797749979,2.23606797749979,0,1,1,7505.19
6,3,92.4,105.8,758.1,9.9,24.8,28,1.8,0,7.777106540905464,-1.0,-1.8369701987210294e-16,-2.4492935982947064e-16,1.0,1,1,2.23606797749979,3.605551275463989,0,1,1,7505.19
2,4,50.4,46.2,706.6,0.4,12.2,78,6.3,0,0.0,-1.0,-1.8369701987210294e-16,-2.4492935982947064e-16,1.0,1,1,3.1622776601683795,6.324555320336759,0,0,0,282.64000000000004
6,5,92.6,115.4,777.1,8.8,24.3,27,4.9,0,0.0,-1.0,-1.8369701987210294e-16,0.4338837391175582,-0.900968867902419,0,1,1.0,2.23606797749979,1,1,1,6838.4800000000005
4,4,92.6,115.4,777.1,8.8,19.7,41,1.8,0,4.4846056843341815,-1.0,-1.8369701987210294e-16,0.4338837391175582,-0.900968867902419,0,1,1.4142135623730951,4.47213595499958,0,0,1,6838.4800000000005
3,4,91.2,134.7,817.5,7.2,18.5,30,2.7,0,0.0,-1.0,-1.8369701987210294e-16,0.4338837391175582,-0.900968867902419,0,1,2.23606797749979,5.385164807134504,0,0,1,5886.0
4,5,92.4,96.2,739.4,8.6,18.6,24,5.8,0,0.0,-1.0,-1.8369701987210294e-16,-0.433883739117558,-0.9009688679024191,0,1,1.0,4.123105625617661,1,0,1,6358.839999999999
4,4,92.4,96.2,739.4,8.6,19.2,24,4.9,0,5.57741475527486,-1.0,-1.8369701987210294e-16,-0.433883739117558,-0.9009688679024191,0,1,1.4142135623730951,4.47213595499958,1,0,1,6358.839999999999
6,5,92.8,119.0,783.5,7.5,21.6,27,2.2,0,0.0,-1.0,-1.8369701987210294e-16,-0.433883739117558,-0.9009688679024191,0,1,1.0,2.23606797749979,0,1,1,5876.25
5,4,92.8,119.0,783.5,7.5,21.6,28,6.3,0,5.796550698475776,-1.0,-1.8369701987210294e-16,-0.433883739117558,-0.9009688679024191,0,1,1.0,3.605551275463989,0,1,1,5876.25
6,3,92.8,119.0,783.5,7.5,18.9,34,7.2,0,9.6844125115785,-1.0,-1.8369701987210294e-16,-0.433883739117558,-0.9009688679024191,0,1,2.23606797749979,3.605551275463989,0,0,1,5876.25
1,4,92.8,119.0,783.5,7.5,16.8,28,4.0,0,6.554563987231505,-1.0,-1.8369701987210294e-16,-0.433883739117558,-0.9009688679024191,0,1,4.123105625617661,7.280109889280518,1,0,1,5876.25
6,5,92.8,119.0,783.5,7.5,16.8,28,4.0,0,4.0099627172572845,-1.0,-1.8369701987210294e-16,-0.433883739117558,-0.9009688679024191,0,1,1.0,2.23606797749979,1,0,1,5876.25
3,5,90.7,136.9,822.8,6.8,12.9,39,2.7,0,4.860423530555073,-1.0,-1.8369701987210294e-16,-0.433883739117558,-0.9009688679024191,0,1,2.0,5.0990195135927845,0,0,1,5595.04
6,5,88.1,53.3,726.9,5.4,13.7,56,1.8,0,5.799833934398968,-1.0,-1.8369701987210294e-16,-0.433883739117558,-0.9009688679024191,0,1,1.0,2.23606797749979,0,0,1,3925.26
1,4,92.2,102.3,751.5,8.4,24.2,27,3.1,0,0.0,-1.0,-1.8369701987210294e-16,-0.7818314824680299,0.6234898018587334,1,1,4.123105625617661,7.280109889280518,0,1,1,6312.6
5,4,92.2,102.3,751.5,8.4,24.1,27,3.1,0,0.0,-1.0,-1.8369701987210294e-16,-0.7818314824680299,0.6234898018587334,1,1,1.0,3.605551275463989,0,1,1,6312.6
6,5,92.2,102.3,751.5,8.4,21.2,32,2.2,0,0.0,-1.0,-1.8369701987210294e-16,-0.7818314824680299,0.6234898018587334,1,1,1.0,2.23606797749979,0,1,1,6312.6
6,5,92.2,102.3,751.5,8.4,19.7,35,1.8,0,0.0,-1.0,-1.8369701987210294e-16,-0.7818314824680299,0.6234898018587334,1,1,1.0,2.23606797749979,0,0,1,6312.6
4,3,92.2,102.3,751.5,8.4,23.5,27,4.0,0,5.403448912077494,-1.0,-1.8369701987210294e-16,-0.7818314824680299,0.6234898018587334,1,1,2.23606797749979,5.0,1,1,1,6312.6
3,3,92.2,102.3,751.5,8.4,24.2,27,3.1,0,6.406435598897262,-1.0,-1.8369701987210294e-16,-0.7818314824680299,0.6234898018587334,1,1,2.8284271247461903,5.830951894845301,0,1,1,6312.6
7,4,91.2,124.4,795.3,8.5,21.5,28,4.5,0,7.954615250690169,-1.0,-1.8369701987210294e-16,-0.7818314824680299,0.6234898018587334,1,1,2.23606797749979,2.23606797749979,1,1,1,6760.049999999999
4,4,91.2,124.4,795.3,8.5,17.1,41,2.2,0,7.320794322901137,-1.0,-1.8369701987210294e-16,-0.7818314824680299,0.6234898018587334,1,1,1.4142135623730951,4.47213595499958,0,0,1,6760.049999999999
1,4,92.1,87.7,721.1,9.5,18.1,54,3.1,0,4.832311168677187,-1.0,-1.8369701987210294e-16,0.7818314824680298,0.6234898018587336,0,1,4.123105625617661,7.280109889280518,0,0,1,6850.45
2,3,91.6,108.4,764.0,6.2,18.0,51,5.4,0,0.0,-1.0,-1.8369701987210294e-16,0.7818314824680298,0.6234898018587336,0,1,3.605551275463989,6.708203932499369,1,0,1,4736.8
4,3,91.6,108.4,764.0,6.2,9.8,86,1.8,0,0.0,-1.0,-1.8369701987210294e-16,0.7818314824680298,0.6234898018587336,0,1,2.23606797749979,5.0,0,0,1,4736.8
7,4,91.6,108.4,764.0,6.2,19.3,44,2.2,0,0.0,-1.0,-1.8369701987210294e-16,0.7818314824680298,0.6234898018587336,0,1,2.23606797749979,2.23606797749979,0,0,1,4736.8
6,3,91.6,108.4,764.0,6.2,23.0,34,2.2,0,10.944212650627845,-1.0,-1.8369701987210294e-16,0.7818314824680298,0.6234898018587336,0,1,2.23606797749979,3.605551275463989,0,1,1,4736.8
8,6,91.6,108.4,764.0,6.2,22.7,35,2.2,0,6.6150844181890465,-1.0,-1.8369701987210294e-16,0.7818314824680298,0.6234898018587336,0,1,3.1622776601683795,0.0,0,1,1,4736.8
2,4,91.6,108.4,764.0,6.2,20.4,41,1.8,0,4.4044260743905586,-1.0,-1.8369701987210294e-16,0.7818314824680298,0.6234898018587336,0,1,3.1622776601683795,6.324555320336759,0,0,1,4736.8
2,5,91.6,108.4,764.0,6.2,19.3,44,2.2,0,5.631941420377028,-1.0,-1.8369701987210294e-16,0.7818314824680298,0.6234898018587336,0,1,3.0,6.082762530298219,0,0,1,4736.8
8,6,91.9,111.7,770.3,6.5,15.7,51,2.2,0,0.0,-1.0,-1.8369701987210294e-16,0.7818314824680298,0.6234898018587336,0,1,3.1622776601683795,0.0,0,0,1,5006.95
6,3,91.5,130.1,807.1,7.5,20.6,37,1.8,0,0.0,-1.0,-1.8369701987210294e-16,0.7818314824680298,0.6234898018587336,0,1,2.23606797749979,3.605551275463989,0,1,1,6053.25
8,6,91.5,130.1,807.1,7.5,15.9,51,4.5,0,4.860423530555073,-1.0,-1.8369701987210294e-16,0.7818314824680298,0.6234898018587336,0,1,3.1622776601683795,0.0,1,0,1,6053.25
6,3,91.5,130.1,807.1,7.5,12.2,66,4.9,0,6.286261600723525,-1.0,-1.8369701987210294e-16,0.7818314824680298,0.6234898018587336,0,1,2.23606797749979,3.605551275463989,1,0,1,6053.25
2,2,91.5,130.1,807.1,7.5,16.8,43,3.1,0,6.215515159379699,-1.0,-1.8369701987210294e-16,0.7818314824680298,0.6234898018587336,0,1,4.242640687119285,7.211102550927978,0,0,1,6053.25
1,4,91.5,130.1,807.1,7.5,21.3,35,2.2,0,9.216876330717097,-1.0,-1.8369701987210294e-16,0.7818314824680298,0.6234898018587336,0,1,4.123105625617661,7.280109889280518,0,1,1,6053.25
5,4,92.1,99.0,745.3,9.6,10.1,75,3.6,0,0.0,-1.0,-1.8369701987210294e-16,-0.9749279121818236,-0.2225209339563146,0,1,1.0,3.605551275463989,1,0,1,7154.879999999999
3,4,92.1,99.0,745.3,9.6,17.4,57,4.5,0,0.0,-1.0,-1.8369701987210294e-16,-0.9749279121818236,-0.2225209339563146,0,1,2.23606797749979,5.385164807134504,1,0,1,7154.879999999999
5,4,92.1,99.0,745.3,9.6,12.8,64,3.6,0,4.526587849560099,-1.0,-1.8369701987210294e-16,-0.9749279121818236,-0.2225209339563146,0,1,1.0,3.605551275463989,1,0,1,7154.879999999999
5,4,92.1,99.0,745.3,9.6,10.1,75,3.6,0,5.551412113580936,-1.0,-1.8369701987210294e-16,-0.9749279121818236,-0.2225209339563146,0,1,1.0,3.605551275463989,1,0,1,7154.879999999999
4,4,92.1,99.0,745.3,9.6,15.4,53,6.3,0,6.577174064194019,-1.0,-1.8369701987210294e-16,-0.9749279121818236,-0.2225209339563146,0,1,1.4142135623730951,4.47213595499958,0,0,1,7154.879999999999
7,4,92.1,99.0,745.3,9.6,20.6,43,3.6,0,4.774567096401516,-1.0,-1.8369701987210294e-16,-0.9749279121818236,-0.2225209339563146,0,1,2.23606797749979,2.23606797749979,1,0,1,7154.879999999999
7,4,92.1,99.0,745.3,9.6,19.8,47,2.7,0,4.580808146797506,-1.0,-1.8369701987210294e-16,-0.9749279121818236,-0.2225209339563146,0,1,2.23606797749979,2.23606797749979,0,0,1,7154.879999999999
7,4,92.1,99.0,745.3,9.6,18.7,50,2.2,0,6.2524981817819,-1.0,-1.8369701987210294e-16,-0.9749279121818236,-0.2225209339563146,0,1,2.23606797749979,2.23606797749979,0,0,1,7154.879999999999
4,4,92.1,99.0,745.3,9.6,20.8,35,4.9,0,7.604064386806341,-1.0,-1.8369701987210294e-16,-0.9749279121818236,-0.2225209339563146,0,1,1.4142135623730951,4.47213595499958,1,1,1,7154.879999999999
4,4,92.1,99.0,745.3,9.6,20.8,35,4.9,0,4.237918764737583,-1.0,-1.8369701987210294e-16,-0.9749279121818236,-0.2225209339563146,0,1,1.4142135623730951,4.47213595499958,1,1,1,7154.879999999999
6,3,92.5,122.0,789.7,10.2,15.9,55,3.6,0,0.0,-1.0,-1.8369701987210294e-16,-0.9749279121818236,-0.2225209339563146,0,1,2.23606797749979,3.605551275463989,1,0,1,8054.94
6,3,92.5,122.0,789.7,10.2,19.7,39,2.7,0,0.0,-1.0,-1.8369701987210294e-16,-0.9749279121818236,-0.2225209339563146,0,1,2.23606797749979,3.605551275463989,0,0,1,8054.94
1,4,92.5,122.0,789.7,10.2,21.1,39,2.2,0,6.752257542191354,-1.0,-1.8369701987210294e-16,-0.9749279121818236,-0.2225209339563146,0,1,4.123105625617661,7.280109889280518,0,1,1,8054.94
6,5,92.5,122.0,789.7,10.2,18.4,42,2.2,0,4.0871127234585645,-1.0,-1.8369701987210294e-16,-0.9749279121818236,-0.2225209339563146,0,1,1.0,2.23606797749979,0,0,1,8054.94
4,3,92.5,122.0,789.7,10.2,17.3,45,4.0,0,5.635520666810364,-1.0,-1.8369701987210294e-16,-0.9749279121818236,-0.2225209339563146,0,1,2.23606797749979,5.0,1,0,1,8054.94
7,4,88.2,55.2,732.3,11.6,15.2,64,3.1,0,3.3967284379951197,-1.0,-1.8369701987210294e-16,-0.9749279121818236,-0.2225209339563146,0,1,2.23606797749979,2.23606797749979,0,0,1,8494.679999999998
4,3,91.9,111.7,770.3,6.5,15.9,53,2.2,0,5.23331524273074,-1.0,-1.8369701987210294e-16,0.9749279121818236,-0.2225209339563143,0,1,2.23606797749979,5.0,0,0,1,5006.95
6,5,91.9,111.7,770.3,6.5,21.1,35,2.7,0,6.166973798940213,-1.0,-1.8369701987210294e-16,0.9749279121818236,-0.2225209339563143,0,1,1.0,2.23606797749979,0,1,1,5006.95
6,5,91.9,111.7,770.3,6.5,19.6,45,3.1,0,8.462140438560494,-1.0,-1.8369701987210294e-16,0.9749279121818236,-0.2225209339563143,0,1,1.0,2.23606797749979,0,0,1,5006.95
4,5,91.1,132.3,812.1,12.5,15.9,38,5.4,0,4.6006532675824126,-1.0,-1.8369701987210294e-16,0.9749279121818236,-0.2225209339563143,0,1,1.0,4.123105625617661,1,0,1,10151.25
4,5,91.1,132.3,812.1,12.5,16.4,27,3.6,0,0.0,-1.0,-1.8369701987210294e-16,0.9749279121818236,-0.2225209339563143,0,1,1.0,4.123105625617661,1,0,1,10151.25
6,5,91.2,94.3,744.4,8.4,16.8,47,4.9,0,7.54217768756609,-1.0,-1.8369701987210294e-16,-0.7818314824680299,0.6234898018587334,1,1,1.0,2.23606797749979,1,0,1,6252.96
4,5,91.0,276.3,825.1,7.1,13.8,77,7.6,0,0.0,-1.0,-1.8369701987210294e-16,-2.4492935982947064e-16,1.0,1,1,1.0,4.123105625617661,0,0,1,5858.21
7,4,91.0,276.3,825.1,7.1,13.8,77,7.6,0,7.29455449459464,-1.0,-1.8369701987210294e-16,-2.4492935982947064e-16,1.0,1,1,2.23606797749979,2.23606797749979,0,0,1,5858.21
3,4,91.9,133.6,520.5,8.0,14.2,58,4.0,0,0.0,-0.4999999999999997,-0.8660254037844388,0.4338837391175582,-0.900968867902419,0,0,2.23606797749979,5.385164807134504,1,0,1,4164.0
4,5,92.0,203.2,664.5,8.1,10.4,75,0.9,0,0.0,-0.8660254037844385,-0.5000000000000004,-2.4492935982947064e-16,1.0,1,1,1.0,4.123105625617661,0,0,1,5382.45
5,4,94.8,222.4,698.6,13.9,20.3,42,2.7,0,0.0,-0.8660254037844385,-0.5000000000000004,-0.433883739117558,-0.9009688679024191,0,1,1.0,3.605551275463989,0,0,1,9710.54
6,5,90.3,290.0,855.3,7.4,10.3,78,4.0,0,8.27318553133337,-1.0,-1.8369701987210294e-16,-0.9749279121818236,-0.2225209339563146,0,1,1.0,2.23606797749979,1,0,1,6329.22
6,5,91.2,94.3,744.4,8.4,15.4,57,4.9,0,10.01834943293545,-1.0,-1.8369701987210294e-16,-0.7818314824680299,0.6234898018587334,1,1,1.0,2.23606797749979,1,0,1,6252.96
8,6,92.1,207.0,672.6,8.2,21.1,54,2.2,0,0.0,-0.8660254037844385,-0.5000000000000004,0.7818314824680298,0.6234898018587336,0,1,3.1622776601683795,0.0,0,0,1,5515.32
2,2,93.7,231.1,715.1,8.4,21.9,42,2.2,0,14.540847001515024,-0.8660254037844385,-0.5000000000000004,-0.7818314824680299,0.6234898018587334,1,1,4.242640687119285,7.211102550927978,0,0,1,6006.84
6,5,90.9,18.9,30.6,8.0,8.7,51,5.8,0,0.0,1.0,6.123233995736766e-17,-0.433883739117558,-0.9009688679024191,0,1,1.0,0.0,1,0,0,244.8
4,5,18.7,1.1,171.4,0.0,5.2,100,0.9,0,0.0,0.4999999999999999,0.8660254037844387,-2.4492935982947064e-16,1.0,1,0,1.0,2.0,0,0,0,0.0
5,4,93.7,101.3,458.8,11.9,19.3,39,7.2,0,6.669677959112052,-0.4999999999999997,-0.8660254037844388,0.4338837391175582,-0.900968867902419,0,0,1.0,3.605551275463989,0,0,0,5459.72
8,6,90.7,194.1,643.0,6.8,16.2,63,2.7,0,8.040934741916862,-0.8660254037844385,-0.5000000000000004,-0.433883739117558,-0.9009688679024191,0,1,3.1622776601683795,0.0,0,0,1,4372.4
8,6,95.2,217.7,690.0,18.0,28.2,29,1.8,0,6.223495721707589,-0.8660254037844385,-0.5000000000000004,0.4338837391175582,-0.900968867902419,0,1,3.1622776601683795,0.0,0,1,1,12420.0
9,6,91.6,248.4,753.8,6.3,20.5,58,2.7,0,10.23524781444853,-0.8660254037844385,-0.5000000000000004,-0.433883739117558,-0.9009688679024191,0,1,4.123105625617661,1.0,0,0,1,4748.94
8,4,91.6,273.8,819.1,7.7,21.3,44,4.5,0,7.472601339103303,-0.8660254037844385,-0.5000000000000004,-0.7818314824680299,0.6234898018587334,1,1,3.1622776601683795,2.0,1,0,1,6307.070000000001
2,4,91.6,181.3,613.0,7.6,20.9,50,2.2,0,8.0,-0.8660254037844385,-0.5000000000000004,-2.4492935982947064e-16,1.0,1,1,3.1622776601683795,6.324555320336759,0,0,1,4658.8
3,4,90.5,96.7,750.5,11.4,20.6,55,5.4,0,8.907372683153636,-1.0,-1.8369701987210294e-16,-2.4492935982947064e-16,1.0,1,1,2.23606797749979,5.385164807134504,1,0,1,8555.7
5,5,90.9,18.9,30.6,8.0,11.6,48,5.4,0,0.0,1.0,6.123233995736766e-17,-0.433883739117558,-0.9009688679024191,0,1,0.0,1.0,1,0,0,244.8
6,4,94.8,227.0,706.7,12.0,23.3,34,3.1,0,9.26150748979632,-0.8660254037844385,-0.5000000000000004,-0.9749279121818236,-0.2225209339563146,0,1,1.4142135623730951,2.8284271247461903,0,1,1,8480.400000000001
7,4,94.8,227.0,706.7,12.0,23.3,34,3.1,0,0.0,-0.8660254037844385,-0.5000000000000004,-0.9749279121818236,-0.2225209339563146,0,1,2.23606797749979,2.23606797749979,0,1,1,8480.400000000001
7,4,84.7,9.5,58.3,4.1,7.5,71,6.3,0,7.105993827874493,0.8660254037844386,0.5000000000000001,0.7818314824680298,0.6234898018587336,0,0,2.23606797749979,1.4142135623730951,0,0,0,239.03
8,6,91.1,91.3,738.1,7.2,20.7,46,2.7,0,9.375399876637282,-1.0,-1.8369701987210294e-16,-0.9749279121818236,-0.2225209339563146,0,1,3.1622776601683795,0.0,0,0,1,5314.320000000001
1,3,91.0,276.3,825.1,7.1,21.9,43,4.0,0,11.601307745543334,-1.0,-1.8369701987210294e-16,-2.4492935982947064e-16,1.0,1,1,4.47213595499958,7.615773105863909,1,0,1,5858.21
2,4,93.4,15.0,25.6,11.4,15.2,19,7.6,0,0.0,1.0,6.123233995736766e-17,0.9749279121818236,-0.2225209339563143,0,1,3.1622776601683795,4.123105625617661,0,0,0,291.84000000000003
6,5,84.1,4.6,46.7,2.2,5.3,68,1.8,0,0.0,0.8660254037844386,0.5000000000000001,0.7818314824680298,0.6234898018587336,0,0,1.0,0.0,0,0,0,102.74
4,5,85.0,9.0,56.9,3.5,10.1,62,1.8,0,10.730019293181094,0.8660254037844386,0.5000000000000001,-2.4492935982947064e-16,1.0,1,0,1.0,2.0,0,0,0,199.15
4,3,90.5,96.7,750.5,11.4,20.4,55,4.9,0,5.525038863695192,-1.0,-1.8369701987210294e-16,-2.4492935982947064e-16,1.0,1,1,2.23606797749979,5.0,1,0,1,8555.7
5,6,91.6,181.3,613.0,7.6,24.3,33,3.6,0,5.521240278525491,-0.8660254037844385,-0.5000000000000004,-2.4492935982947064e-16,1.0,1,1,1.0,3.0,1,1,1,4658.8
1,2,93.7,231.1,715.1,8.4,25.9,32,3.1,0,0.0,-0.8660254037844385,-0.5000000000000004,-0.7818314824680299,0.6234898018587334,1,1,5.0,8.06225774829855,0,1,1,6006.84
9,5,93.3,49.5,297.7,14.0,28.0,34,4.5,0,0.0,1.2246467991473532e-16,-1.0,0.4338837391175582,-0.900968867902419,0,0,4.0,1.4142135623730951,1,1,0,4167.8
9,5,93.3,49.5,297.7,14.0,28.0,34,4.5,0,6.760557812982168,1.2246467991473532e-16,-1.0,0.4338837391175582,-0.900968867902419,0,0,4.0,1.4142135623730951,1,1,0,4167.8
3,4,91.1,88.2,731.7,8.3,22.8,46,4.0,0,5.966385232119962,-1.0,-1.8369701987210294e-16,-0.433883739117558,-0.9009688679024191,0,1,2.23606797749979,5.385164807134504,1,0,1,6073.110000000001
9,9,94.8,227.0,706.7,12.0,25.0,36,4.0,0,0.0,-0.8660254037844385,-0.5000000000000004,-0.9749279121818236,-0.2225209339563146,0,1,5.656854249492381,3.1622776601683795,1,1,1,8480.400000000001
8,6,90.7,194.1,643.0,6.8,21.3,41,3.6,0,0.0,-0.8660254037844385,-0.5000000000000004,-0.433883739117558,-0.9009688679024191,0,1,3.1622776601683795,0.0,1,0,1,4372.4
2,4,87.9,84.8,725.1,3.7,21.8,34,2.2,0,6.27074623372868,-1.0,-1.8369701987210294e-16,0.4338837391175582,-0.900968867902419,0,1,3.1622776601683795,6.324555320336759,0,1,0,2682.8700000000003
2,2,94.6,212.1,680.9,9.5,27.9,27,2.2,0,0.0,-0.8660254037844385,-0.5000000000000004,0.9749279121818236,-0.2225209339563143,0,1,4.242640687119285,7.211102550927978,0,1,1,6468.55
6,5,87.1,291.3,860.6,4.0,17.0,67,4.9,0,5.639093106427918,-1.0,-1.8369701987210294e-16,-0.7818314824680299,0.6234898018587334,1,1,1.0,2.23606797749979,1,0,0,3442.4
4,5,84.7,8.2,55.0,2.9,14.2,46,4.0,0,0.0,0.8660254037844386,0.5000000000000001,-0.7818314824680299,0.6234898018587334,1,0,1.0,2.0,1,0,0,159.5
4,3,90.3,290.0,855.3,7.4,19.9,44,3.1,0,6.684726482067955,-1.0,-1.8369701987210294e-16,-0.9749279121818236,-0.2225209339563146,0,1,2.23606797749979,5.0,0,0,1,6329.22
1,4,92.3,96.2,450.2,12.1,23.4,31,5.4,0,0.0,-0.4999999999999997,-0.8660254037844388,0.9749279121818236,-0.2225209339563143,0,0,4.123105625617661,7.280109889280518,1,1,0,5447.42
6,3,84.1,7.3,52.8,2.7,14.7,42,2.7,0,0.0,0.8660254037844386,0.5000000000000001,-0.9749279121818236,-0.2225209339563146,0,0,2.23606797749979,2.0,0,0,0,142.56
7,4,84.6,3.2,43.6,3.3,8.2,53,9.4,0,5.86435814188795,0.8660254037844386,0.5000000000000001,-0.9749279121818236,-0.2225209339563146,0,0,2.23606797749979,1.4142135623730951,0,0,0,143.88
9,4,92.3,92.1,442.1,9.8,22.8,27,4.5,0,4.519671728752646,-0.4999999999999997,-0.8660254037844388,0.7818314824680298,0.6234898018587336,0,0,4.123105625617661,2.23606797749979,1,1,0,4332.580000000001
7,5,93.7,231.1,715.1,8.4,26.4,33,3.6,0,0.0,-0.8660254037844385,-0.5000000000000004,-0.7818314824680299,0.6234898018587334,1,1,2.0,1.4142135623730951,1,1,1,6006.84
5,4,93.6,235.1,723.1,10.1,24.1,50,4.0,0,0.0,-0.8660254037844385,-0.5000000000000004,-2.4492935982947064e-16,1.0,1,1,1.0,3.605551275463989,1,0,1,7303.31
8,6,94.8,222.4,698.6,13.9,27.5,27,4.9,0,20.90669781703359,-0.8660254037844385,-0.5000000000000004,-0.433883739117558,-0.9009688679024191,0,1,3.1622776601683795,0.0,1,1,1,9710.54
6,3,92.7,164.1,575.8,8.9,26.3,39,3.1,0,6.510948637362581,-0.4999999999999997,-0.8660254037844388,0.9749279121818236,-0.2225209339563143,0,0,2.23606797749979,3.605551275463989,0,1,1,5124.62
6,5,93.4,17.3,28.3,9.9,13.8,24,5.8,0,0.0,1.0,6.123233995736766e-17,0.4338837391175582,-0.900968867902419,0,1,1.0,0.0,1,0,0,280.17
2,4,92.0,203.2,664.5,8.1,24.9,42,5.4,0,4.999279844427725,-0.8660254037844385,-0.5000000000000004,-2.4492935982947064e-16,1.0,1,1,3.1622776601683795,6.324555320336759,1,0,1,5382.45
2,5,91.6,181.3,613.0,7.6,24.8,36,4.0,0,5.28609484539549,-0.8660254037844385,-0.5000000000000004,-2.4492935982947064e-16,1.0,1,1,3.0,6.082762530298219,1,1,1,4658.8
8,8,91.7,191.4,635.9,7.8,26.2,36,4.5,0,14.767196094002763,-0.8660254037844385,-0.5000000000000004,0.4338837391175582,-0.900968867902419,0,1,4.242640687119285,2.0,1,1,1,4960.02
2,4,95.2,217.7,690.0,18.0,30.8,19,4.5,0,0.0,-0.8660254037844385,-0.5000000000000004,0.4338837391175582,-0.900968867902419,0,1,3.1622776601683795,6.324555320336759,1,1,1,12420.0
8,6,88.9,263.1,795.9,5.2,29.3,27,3.6,0,6.337166659764884,-0.4999999999999997,-0.8660254037844388,-2.4492935982947064e-16,1.0,1,0,3.1622776601683795,0.0,1,1,1,4138.68
1,3,91.2,94.3,744.4,8.4,22.3,48,4.0,0,3.6846234812775256,-1.0,-1.8369701987210294e-16,-0.7818314824680299,0.6234898018587334,1,1,4.47213595499958,7.615773105863909,1,0,1,6252.96
8,6,93.7,231.1,715.1,8.4,26.9,31,3.6,0,5.9693962778586025,-0.8660254037844385,-0.5000000000000004,-0.7818314824680299,0.6234898018587334,1,1,3.1622776601683795,0.0,1,1,1,6006.84
2,2,91.6,248.4,753.8,6.3,20.4,56,2.2,0,0.0,-0.8660254037844385,-0.5000000000000004,-0.433883739117558,-0.9009688679024191,0,1,4.242640687119285,7.211102550927978,0,0,1,4748.94
8,6,91.6,248.4,753.8,6.3,20.4,56,2.2,0,0.0,-0.8660254037844385,-0.5000000000000004,-0.433883739117558,-0.9009688679024191,0,1,3.1622776601683795,0.0,0,0,1,4748.94
2,4,92.1,207.0,672.6,8.2,27.9,33,2.2,0,4.952528197477469,-0.8660254037844385,-0.5000000000000004,0.7818314824680298,0.6234898018587336,0,1,3.1622776601683795,6.324555320336759,0,1,1,5515.32
1,3,94.8,222.4,698.6,13.9,26.2,34,5.8,0,0.0,-0.8660254037844385,-0.5000000000000004,-0.433883739117558,-0.9009688679024191,0,1,4.47213595499958,7.615773105863909,1,1,1,9710.54
3,4,91.6,181.3,613.0,7.6,24.6,44,4.0,0,5.349922439811376,-0.8660254037844385,-0.5000000000000004,-2.4492935982947064e-16,1.0,1,1,2.23606797749979,5.385164807134504,1,0,1,4658.8
7,4,89.7,287.2,849.3,6.8,19.4,45,3.6,0,0.0,-1.0,-1.8369701987210294e-16,-0.433883739117558,-0.9009688679024191,0,1,2.23606797749979,2.23606797749979,1,0,1,5775.24
1,3,92.1,178.0,605.3,9.6,23.3,40,4.0,0,6.352201561768894,-0.8660254037844385,-0.5000000000000004,-0.7818314824680299,0.6234898018587334,1,1,4.47213595499958,7.615773105863909,1,1,1,5810.879999999999
8,6,94.8,222.4,698.6,13.9,23.9,38,6.7,0,0.0,-0.8660254037844385,-0.5000000000000004,-0.433883739117558,-0.9009688679024191,0,1,3.1622776601683795,0.0,0,1,1,9710.54
2,4,93.6,235.1,723.1,10.1,20.9,66,4.9,0,7.916192221529972,-0.8660254037844385,-0.5000000000000004,-2.4492935982947064e-16,1.0,1,1,3.1622776601683795,6.324555320336759,1,0,1,7303.31
1,4,90.6,269.8,811.2,5.5,22.2,45,3.6,0,0.0,-0.8660254037844385,-0.5000000000000004,-0.9749279121818236,-0.2225209339563146,0,1,4.123105625617661,7.280109889280518,1,0,1,4461.6
2,5,90.8,84.7,376.6,5.6,23.8,51,1.8,0,0.0,-0.4999999999999997,-0.8660254037844388,-0.7818314824680299,0.6234898018587334,1,0,3.0,6.082762530298219,0,0,0,2108.96
8,6,92.1,207.0,672.6,8.2,26.8,35,1.3,0,3.4289285156385594,-0.8660254037844385,-0.5000000000000004,0.7818314824680298,0.6234898018587336,0,1,3.1622776601683795,0.0,0,1,1,5515.32
8,6,89.4,253.6,768.4,9.7,14.2,73,2.7,0,0.0,-0.8660254037844385,-0.5000000000000004,-0.7818314824680299,0.6234898018587334,1,1,3.1622776601683795,0.0,0,0,1,7453.48
2,5,93.7,231.1,715.1,8.4,23.6,53,4.0,0,6.3696084232815355,-0.8660254037844385,-0.5000000000000004,-0.7818314824680299,0.6234898018587334,1,1,3.0,6.082762530298219,1,0,1,6006.84
1,3,91.1,91.3,738.1,7.2,19.1,46,2.2,0,3.031715724546226,-1.0,-1.8369701987210294e-16,-0.9749279121818236,-0.2225209339563146,0,1,4.47213595499958,7.615773105863909,0,0,1,5314.320000000001
5,4,90.3,290.0,855.3,7.4,16.2,58,3.6,0,0.0,-1.0,-1.8369701987210294e-16,-0.9749279121818236,-0.2225209339563146,0,1,1.0,3.605551275463989,1,0,1,6329.22
8,6,92.1,207.0,672.6,8.2,25.5,29,1.8,0,4.212464647953151,-0.8660254037844385,-0.5000000000000004,0.7818314824680298,0.6234898018587336,0,1,3.1622776601683795,0.0,0,1,1,5515.32
6,5,87.9,24.9,41.6,3.7,10.9,64,3.1,0,5.41154398932107,0.8660254037844387,-0.4999999999999998,0.7818314824680298,0.6234898018587336,0,0,1.0,0.0,0,0,0,153.92000000000002
1,2,90.7,80.9,368.3,16.8,14.8,78,8.0,0,0.0,-0.4999999999999997,-0.8660254037844388,-0.9749279121818236,-0.2225209339563146,0,0,5.0,8.06225774829855,0,0,0,6187.4400000000005
2,5,90.3,290.0,855.3,7.4,16.2,58,3.6,0,7.105993827874493,-1.0,-1.8369701987210294e-16,-0.9749279121818236,-0.2225209339563146,0,1,3.0,6.082762530298219,1,0,1,6329.22
5,5,94.0,47.9,100.7,10.7,17.3,80,4.5,0,0.0,-0.8660254037844385,-0.5000000000000004,-2.4492935982947064e-16,1.0,1,1,0.0,3.1622776601683795,1,0,0,1077.49
6,5,92.0,203.2,664.5,8.1,19.1,70,2.2,0,0.0,-0.8660254037844385,-0.5000000000000004,-2.4492935982947064e-16,1.0,1,1,1.0,2.23606797749979,0,0,1,5382.45
3,4,93.4,17.3,28.3,9.9,8.9,35,8.0,0,0.0,1.0,6.123233995736766e-17,0.4338837391175582,-0.900968867902419,0,1,2.23606797749979,3.1622776601683795,0,0,0,280.17
7,4,89.7,284.9,844.0,10.1,10.5,77,4.0,0,0.0,-1.0,-1.8369701987210294e-16,0.4338837391175582,-0.900968867902419,0,1,2.23606797749979,2.23606797749979,1,0,1,8524.4
7,4,91.6,181.3,613.0,7.6,19.3,61,4.9,0,0.0,-0.8660254037844385,-0.5000000000000004,-2.4492935982947064e-16,1.0,1,1,2.23606797749979,2.23606797749979,1,0,1,4658.8
4,5,95.2,217.7,690.0,18.0,23.4,49,5.4,0,6.3696084232815355,-0.8660254037844385,-0.5000000000000004,0.4338837391175582,-0.900968867902419,0,1,1.0,4.123105625617661,1,0,1,12420.0
1,4,90.5,196.8,649.9,16.3,11.8,88,4.9,0,7.060977031744631,-0.8660254037844385,-0.5000000000000004,-0.9749279121818236,-0.2225209339563146,0,1,4.123105625617661,7.280109889280518,1,0,1,10593.37
7,4,91.5,238.2,730.6,7.5,17.7,65,4.0,0,0.0,-0.8660254037844385,-0.5000000000000004,0.7818314824680298,0.6234898018587336,0,1,2.23606797749979,2.23606797749979,1,0,1,5479.5
4,5,89.4,266.2,803.3,5.6,17.4,54,3.1,0,0.0,-0.8660254037844385,-0.5000000000000004,-0.433883739117558,-0.9009688679024191,0,1,1.0,4.123105625617661,0,0,1,4498.48
3,4,91.6,248.4,753.8,6.3,16.8,56,3.1,0,0.0,-0.8660254037844385,-0.5000000000000004,-0.433883739117558,-0.9009688679024191,0,1,2.23606797749979,5.385164807134504,0,0,1,4748.94
3,4,94.6,160.0,567.2,16.7,17.9,48,2.7,0,0.0,-0.4999999999999997,-0.8660254037844388,0.7818314824680298,0.6234898018587336,0,0,2.23606797749979,5.385164807134504,0,0,1,9472.24
2,4,91.6,248.4,753.8,6.3,16.6,59,2.7,0,0.0,-0.8660254037844385,-0.5000000000000004,-0.433883739117558,-0.9009688679024191,0,1,3.1622776601683795,6.324555320336759,0,0,1,4748.94
1,4,91.7,191.4,635.9,7.8,19.9,50,4.0,0,12.064296216078333,-0.8660254037844385,-0.5000000000000004,0.4338837391175582,-0.900968867902419,0,1,4.123105625617661,7.280109889280518,1,0,1,4960.02
8,6,93.7,231.1,715.1,8.4,18.9,64,4.9,0,5.399387692439001,-0.8660254037844385,-0.5000000000000004,-0.7818314824680299,0.6234898018587334,1,1,3.1622776601683795,0.0,1,0,1,6006.84
7,4,91.6,273.8,819.1,7.7,15.5,72,8.0,0,4.7207437172011995,-0.8660254037844385,-0.5000000000000004,-0.7818314824680299,0.6234898018587334,1,1,2.23606797749979,2.23606797749979,0,0,1,6307.070000000001
2,5,93.7,231.1,715.1,8.4,18.9,64,4.9,0,0.0,-0.8660254037844385,-0.5000000000000004,-0.7818314824680299,0.6234898018587334,1,1,3.0,6.082762530298219,1,0,1,6006.84
8,6,93.7,231.1,715.1,8.4,18.9,64,4.9,0,0.0,-0.8660254037844385,-0.5000000000000004,-0.7818314824680299,0.6234898018587334,1,1,3.1622776601683795,0.0,1,0,1,6006.84
1,4,91.0,276.3,825.1,7.1,14.5,76,7.6,0,5.551412113580936,-1.0,-1.8369701987210294e-16,-2.4492935982947064e-16,1.0,1,1,4.123105625617661,7.280109889280518,0,0,1,5858.21
6,5,75.1,4.4,16.2,1.9,4.6,82,6.3,0,6.094768055634314,0.8660254037844386,0.5000000000000001,0.9749279121818236,-0.2225209339563143,0,0,1.0,0.0,0,0,0,30.78
6,4,75.1,4.4,16.2,1.9,5.1,77,5.4,0,4.837972937225308,0.8660254037844386,0.5000000000000001,0.9749279121818236,-0.2225209339563143,0,0,1.4142135623730951,1.0,1,0,0,30.78
2,2,79.5,3.6,15.3,1.8,4.6,59,0.9,0,6.468804360775681,0.8660254037844386,0.5000000000000001,-0.7818314824680299,0.6234898018587334,1,0,4.242640687119285,5.0,0,0,0,27.540000000000003
6,5,87.2,15.1,36.9,7.1,10.2,45,5.8,0,5.341543522260509,1.0,6.123233995736766e-17,0.7818314824680298,0.6234898018587336,0,1,1.0,0.0,1,0,0,261.98999999999995
3,4,90.2,18.5,41.1,7.3,11.2,41,5.4,0,6.139503299620189,1.0,6.123233995736766e-17,0.4338837391175582,-0.900968867902419,0,1,2.23606797749979,3.1622776601683795,1,0,0,300.03000000000003
6,5,91.3,20.6,43.5,8.5,13.3,27,3.6,0,6.4137253155232505,1.0,6.123233995736766e-17,-0.433883739117558,-0.9009688679024191,0,1,1.0,0.0,1,0,0,369.75
6,3,91.0,14.6,25.6,12.3,13.7,33,9.4,0,11.18468069728001,0.8660254037844387,-0.4999999999999998,-2.4492935982947064e-16,1.0,1,0,2.23606797749979,2.0,0,0,0,314.88000000000005
5,4,91.0,14.6,25.6,12.3,17.6,27,5.8,0,0.0,0.8660254037844387,-0.4999999999999998,-2.4492935982947064e-16,1.0,1,0,1.0,1.4142135623730951,1,0,0,314.88000000000005
4,3,89.6,25.4,73.7,5.7,18.0,40,4.0,0,9.962509698029573,0.4999999999999999,-0.8660254037844387,-0.9749279121818236,-0.2225209339563146,0,0,2.23606797749979,2.8284271247461903,1,0,0,420.09
8,3,88.2,96.2,229.0,4.7,14.3,79,4.0,0,4.7207437172011995,1.2246467991473532e-16,-1.0,0.7818314824680298,0.6234898018587336,0,0,3.605551275463989,3.0,1,0,0,1076.3
9,4,90.5,61.1,252.6,9.4,24.5,50,3.1,0,11.583230718444417,1.2246467991473532e-16,-1.0,-0.7818314824680299,0.6234898018587334,1,0,4.123105625617661,2.23606797749979,0,0,0,2374.44
4,3,93.0,103.8,316.7,10.8,26.4,35,2.7,0,7.127301394808567,1.2246467991473532e-16,-1.0,-0.433883739117558,-0.9009688679024191,0,0,2.23606797749979,5.0,0,1,0,3420.36
2,5,93.7,121.7,350.2,18.0,22.7,40,9.4,0,5.345737905957119,1.2246467991473532e-16,-1.0,-0.433883739117558,-0.9009688679024191,0,0,3.0,6.082762530298219,0,1,0,6303.599999999999
4,3,93.5,85.3,395.0,9.9,27.2,28,1.3,0,4.607211592522591,-0.4999999999999997,-0.8660254037844388,-0.433883739117558,-0.9009688679024191,0,0,2.23606797749979,5.0,0,1,0,3910.5
4,3,93.7,101.3,423.4,14.7,26.1,45,4.0,0,6.588392208422455,-0.4999999999999997,-0.8660254037844388,-2.4492935982947064e-16,1.0,1,0,2.23606797749979,5.0,1,0,0,6223.98
7,4,93.7,101.3,423.4,14.7,18.2,82,4.5,0,4.87705956450294,-0.4999999999999997,-0.8660254037844388,-2.4492935982947064e-16,1.0,1,0,2.23606797749979,2.23606797749979,1,0,0,6223.98
7,4,89.2,103.9,431.6,6.4,22.6,57,4.9,0,16.340975773239965,-0.4999999999999997,-0.8660254037844388,0.7818314824680298,0.6234898018587336,0,0,2.23606797749979,2.23606797749979,1,0,0,2762.24
9,9,93.2,114.4,560.0,9.5,30.2,25,4.5,0,5.151019153802789,-0.4999999999999997,-0.8660254037844388,-0.433883739117558,-0.9009688679024191,0,0,5.656854249492381,3.1622776601683795,1,1,1,5320.0
4,3,93.2,114.4,560.0,9.5,30.2,22,4.9,0,0.0,-0.4999999999999997,-0.8660254037844388,-0.433883739117558,-0.9009688679024191,0,0,2.23606797749979,5.0,1,1,1,5320.0
3,4,94.9,130.3,587.1,14.1,23.4,40,5.8,0,4.262922320024243,-0.8660254037844385,-0.5000000000000004,-2.4492935982947064e-16,1.0,1,1,2.23606797749979,5.385164807134504,1,1,1,8278.11
8,6,94.9,130.3,587.1,14.1,31.0,27,5.4,0,0.0,-0.8660254037844385,-0.5000000000000004,-2.4492935982947064e-16,1.0,1,1,3.1622776601683795,0.0,1,1,1,8278.11
2,5,94.9,130.3,587.1,14.1,33.1,25,4.0,0,9.06951956708692,-0.8660254037844385,-0.5000000000000004,-2.4492935982947064e-16,1.0,1,1,3.0,6.082762530298219,1,1,1,8278.11
2,4,95.0,135.5,596.3,21.3,30.6,28,3.6,0,4.7979153089546145,-0.8660254037844385,-0.5000000000000004,0.7818314824680298,0.6234898018587336,0,1,3.1622776601683795,6.324555320336759,1,1,1,12701.19
5,4,95.1,141.3,605.8,17.7,24.1,43,6.3,0,4.756828460010884,-0.8660254037844385,-0.5000000000000004,0.9749279121818236,-0.2225209339563143,0,1,1.0,3.605551275463989,0,0,1,10722.659999999998
5,4,95.1,141.3,605.8,17.7,26.4,34,3.6,0,8.049537970605089,-0.8660254037844385,-0.5000000000000004,0.9749279121818236,-0.2225209339563143,0,1,1.0,3.605551275463989,1,1,1,10722.659999999998
4,4,95.1,141.3,605.8,17.7,19.4,71,7.6,0,10.456569093394224,-0.8660254037844385,-0.5000000000000004,0.9749279121818236,-0.2225209339563143,0,1,1.4142135623730951,4.47213595499958,0,0,1,10722.659999999998
4,4,95.1,141.3,605.8,17.7,20.6,58,1.3,0,0.0,-0.8660254037844385,-0.5000000000000004,0.4338837391175582,-0.900968867902419,0,1,1.4142135623730951,4.47213595499958,0,0,1,10722.659999999998
4,4,95.1,141.3,605.8,17.7,28.7,33,4.0,0,0.0,-0.8660254037844385,-0.5000000000000004,0.4338837391175582,-0.900968867902419,0,1,1.4142135623730951,4.47213595499958,1,1,1,10722.659999999998
4,4,95.8,152.0,624.1,13.8,32.4,21,4.5,0,0.0,-0.8660254037844385,-0.5000000000000004,-0.433883739117558,-0.9009688679024191,0,1,1.4142135623730951,4.47213595499958,1,1,1,8612.58
1,3,95.9,158.0,633.6,11.3,32.4,27,2.2,0,0.0,-0.8660254037844385,-0.5000000000000004,-0.9749279121818236,-0.2225209339563146,0,1,4.47213595499958,7.615773105863909,0,1,1,7159.68
1,3,95.9,158.0,633.6,11.3,27.5,29,4.5,0,10.262002197436313,-0.8660254037844385,-0.5000000000000004,-0.9749279121818236,-0.2225209339563146,0,1,4.47213595499958,7.615773105863909,1,1,1,7159.68
6,6,96.0,164.0,643.0,14.0,30.8,30,4.9,0,6.847913758745002,-0.8660254037844385,-0.5000000000000004,-0.7818314824680299,0.6234898018587334,1,1,1.4142135623730951,2.0,1,1,1,9002.0
6,6,96.2,175.5,661.8,16.8,23.9,42,2.2,0,0.0,-0.8660254037844385,-0.5000000000000004,0.7818314824680298,0.6234898018587336,0,1,1.4142135623730951,2.0,0,0,1,11118.24
4,5,96.2,175.5,661.8,16.8,32.6,26,3.1,0,5.1603592087517685,-0.8660254037844385,-0.5000000000000004,0.7818314824680298,0.6234898018587336,0,1,1.0,4.123105625617661,0,1,1,11118.24
3,4,96.1,181.1,671.2,14.3,32.3,27,2.2,0,7.829634793152082,-0.8660254037844385,-0.5000000000000004,0.9749279121818236,-0.2225209339563143,0,1,2.23606797749979,5.385164807134504,0,1,1,9598.160000000002
6,5,96.1,181.1,671.2,14.3,33.3,26,2.7,0,10.09324760571553,-0.8660254037844385,-0.5000000000000004,0.9749279121818236,-0.2225209339563143,0,1,1.0,2.23606797749979,0,1,1,9598.160000000002
7,5,96.1,181.1,671.2,14.3,27.3,63,4.9,1,7.2546557086380945,-0.8660254037844385,-0.5000000000000004,0.9749279121818236,-0.2225209339563143,0,1,2.0,1.4142135623730951,1,0,1,9598.160000000002
8,6,96.1,181.1,671.2,14.3,21.6,65,4.9,1,0.0,-0.8660254037844385,-0.5000000000000004,0.9749279121818236,-0.2225209339563143,0,1,3.1622776601683795,0.0,1,0,1,9598.160000000002
7,5,96.1,181.1,671.2,14.3,21.6,65,4.9,1,0.0,-0.8660254037844385,-0.5000000000000004,0.9749279121818236,-0.2225209339563143,0,1,2.0,1.4142135623730951,1,0,1,9598.160000000002
4,4,96.1,181.1,671.2,14.3,20.7,69,4.9,1,0.0,-0.8660254037844385,-0.5000000000000004,0.9749279121818236,-0.2225209339563143,0,1,1.4142135623730951,4.47213595499958,1,0,1,9598.160000000002
2,4,94.5,139.4,689.1,20.0,29.2,30,4.9,0,4.726815425847545,-0.8660254037844385,-0.5000000000000004,0.4338837391175582,-0.900968867902419,0,1,3.1622776601683795,6.324555320336759,1,1,1,13782.0
4,3,94.5,139.4,689.1,20.0,28.9,29,4.9,0,10.614719407753219,-0.8660254037844385,-0.5000000000000004,0.4338837391175582,-0.900968867902419,0,1,2.23606797749979,5.0,1,1,1,13782.0
1,2,91.0,163.2,744.4,10.1,26.7,35,1.8,0,6.207503737585291,-0.8660254037844385,-0.5000000000000004,-0.433883739117558,-0.9009688679024191,0,1,5.0,8.06225774829855,0,1,1,7518.44
1,2,91.0,166.9,752.6,7.1,18.5,73,8.5,0,0.0,-0.8660254037844385,-0.5000000000000004,-0.9749279121818236,-0.2225209339563146,0,1,5.0,8.06225774829855,0,0,1,5343.46
2,4,91.0,166.9,752.6,7.1,25.9,41,3.6,0,0.0,-0.8660254037844385,-0.5000000000000004,-0.9749279121818236,-0.2225209339563146,0,1,3.1622776601683795,6.324555320336759,1,0,1,5343.46
1,2,91.0,166.9,752.6,7.1,25.9,41,3.6,0,0.0,-0.8660254037844385,-0.5000000000000004,-0.9749279121818236,-0.2225209339563146,0,1,5.0,8.06225774829855,1,0,1,5343.46
5,4,91.0,166.9,752.6,7.1,21.1,71,7.6,1,4.854840036525403,-0.8660254037844385,-0.5000000000000004,-0.9749279121818236,-0.2225209339563146,0,1,1.0,3.605551275463989,0,0,1,5343.46
6,5,91.0,166.9,752.6,7.1,18.2,62,5.4,0,3.2391205039150983,-0.8660254037844385,-0.5000000000000004,-0.9749279121818236,-0.2225209339563146,0,1,1.0,2.23606797749979,1,0,1,5343.46
8,6,81.6,56.7,665.6,1.9,27.8,35,2.7,0,0.0,-0.8660254037844385,-0.5000000000000004,-2.4492935982947064e-16,1.0,1,1,3.1622776601683795,0.0,0,1,0,1264.64
4,3,81.6,56.7,665.6,1.9,27.8,32,2.7,0,6.372083499879649,-0.8660254037844385,-0.5000000000000004,-2.4492935982947064e-16,1.0,1,1,2.23606797749979,5.0,0,1,0,1264.64
2,4,81.6,56.7,665.6,1.9,21.9,71,5.8,0,10.8577528488471,-0.8660254037844385,-0.5000000000000004,-2.4492935982947064e-16,1.0,1,1,3.1622776601683795,6.324555320336759,1,0,0,1264.64
7,4,81.6,56.7,665.6,1.9,21.2,70,6.7,0,7.3109874766113645,-0.8660254037844385,-0.5000000000000004,-2.4492935982947064e-16,1.0,1,1,2.23606797749979,2.23606797749979,0,0,0,1264.64
1,4,94.4,146.0,614.7,11.3,25.6,42,4.0,0,0.0,-0.8660254037844385,-0.5000000000000004,-0.7818314824680299,0.6234898018587334,1,1,4.123105625617661,7.280109889280518,1,0,1,6946.110000000001
6,3,79.5,3.0,106.7,1.1,11.8,31,4.5,0,0.0,-0.5000000000000004,0.8660254037844384,0.9749279121818236,-0.2225209339563143,0,0,2.23606797749979,2.0,1,0,0,117.37000000000002
