X,Y,FFMC,DMC,DC,ISI,temp,RH,wind,rain,area,month_sin,month_cos,day_sin,day_cos,is_weekend,is_peak_season,hot_and_dry,moderate_wind_danger,ISI_x_DC,double_drought
7,5,86.2,26.2,94.3,5.1,8.2,51,6.7,0,0.0,1.0,6.123233995736766e-17,-0.9749279121818236,-0.2225209339563146,0,0,0,0,480.92999999999995,0
7,4,90.6,35.4,669.1,6.7,18.0,33,0.9,0,0.0,-0.8660254037844386,0.5000000000000001,0.9749279121818236,-0.22252093395631434,0,0,0,0,4482.97,0
7,4,90.6,43.7,686.9,6.7,14.6,33,1.3,0,0.0,-0.8660254037844386,0.5000000000000001,-0.7818314824680299,0.6234898018587334,1,0,0,0,4602.23,0
8,6,91.7,33.3,77.5,9.0,8.3,97,4.0,1,0.0,1.0,6.123233995736766e-17,-0.9749279121818236,-0.2225209339563146,0,0,0,1,697.5,0
8,6,89.3,51.3,102.2,9.6,11.4,99,1.8,0,0.0,1.0,6.123233995736766e-17,-2.4492935982947064e-16,1.0,1,0,0,0,981.12,0
8,6,92.3,85.3,488.0,14.7,22.2,29,5.4,0,0.0,-0.8660254037844385,-0.5000000000000004,-2.4492935982947064e-16,1.0,1,1,0,1,7173.599999999999,0
8,6,91.5,145.4,608.2,10.7,8.0,86,2.2,0,0.0,-0.8660254037844385,-0.5000000000000004,0.7818314824680298,0.6234898018587336,0,1,0,1,6507.74,1
8,6,91.0,129.5,692.6,7.0,13.1,63,5.4,0,0.0,-1.0,-1.8369701987210297e-16,0.9749279121818236,-0.22252093395631434,0,1,0,1,4848.2,1
7,5,92.5,88.0,698.6,7.1,17.8,51,7.2,0,0.0,-1.0,-1.8369701987210297e-16,-0.7818314824680299,0.6234898018587334,1,1,0,0,4960.0599999999995,0
7,5,92.8,73.2,713.0,22.6,19.3,38,4.0,0,0.0,-1.0,-1.8369701987210297e-16,-0.7818314824680299,0.6234898018587334,1,1,0,1,16113.800000000001,0
6,5,63.5,70.8,665.3,0.8,17.0,72,6.7,0,0.0,-0.8660254037844385,-0.5000000000000004,-0.9749279121818236,-0.2225209339563146,0,1,0,0,532.24,0
6,5,90.9,126.5,686.5,7.0,21.3,42,2.2,0,0.0,-1.0,-1.8369701987210297e-16,0.7818314824680298,0.6234898018587336,0,1,0,1,4805.5,1
6,5,92.9,133.3,699.6,9.2,26.4,21,4.5,0,0.0,-1.0,-1.8369701987210297e-16,0.43388373911755823,-0.900968867902419,0,1,1,1,6436.32,1
6,5,93.3,141.2,713.9,13.9,22.9,44,5.4,0,0.0,-1.0,-1.8369701987210297e-16,-0.9749279121818236,-0.2225209339563146,0,1,0,1,9923.21,1
5,5,91.7,35.8,80.8,7.8,15.1,27,5.4,0,0.0,1.0,6.123233995736766e-17,-0.7818314824680299,0.6234898018587334,1,0,0,1,630.24,0
8,5,84.9,32.8,664.2,3.0,16.7,47,4.9,0,0.0,-0.8660254037844386,0.5000000000000001,0.7818314824680298,0.6234898018587336,0,0,0,1,1992.6000000000001,0
6,4,89.2,27.9,70.8,6.3,15.9,35,4.0,0,0.0,1.0,6.123233995736766e-17,0.43388373911755823,-0.900968867902419,0,0,0,1,446.03999999999996,0
6,4,86.3,27.4,97.1,5.1,9.3,44,4.5,0,0.0,0.8660254037844387,-0.4999999999999998,-0.7818314824680299,0.6234898018587334,1,0,0,1,495.2099999999999,0
6,4,91.0,129.5,692.6,7.0,18.3,40,2.7,0,0.0,-1.0,-1.8369701987210297e-16,0.9749279121818236,-0.22252093395631434,0,1,0,1,4848.2,1
5,4,91.8,78.5,724.3,9.2,19.1,38,2.7,0,0.0,-1.0,-1.8369701987210297e-16,0.7818314824680298,0.6234898018587336,0,1,0,1,6663.5599999999995,0
7,4,94.3,96.3,200.0,56.1,21.0,44,4.5,0,0.0,1.2246467991473532e-16,-1.0,-2.4492935982947064e-16,1.0,1,0,0,1,11220.0,0
7,4,90.2,110.9,537.4,6.2,19.5,43,5.8,0,0.0,-0.8660254037844385,-0.5000000000000004,-0.7818314824680299,0.6234898018587334,1,1,0,1,3331.88,1
7,4,93.5,139.4,594.2,20.3,23.7,32,5.8,0,0.0,-0.8660254037844385,-0.5000000000000004,-0.7818314824680299,0.6234898018587334,1,1,0,1,12062.260000000002,1
7,4,91.4,142.4,601.4,10.6,16.3,60,5.4,0,0.0,-0.8660254037844385,-0.5000000000000004,-2.4492935982947064e-16,1.0,1,1,0,1,6374.839999999999,1
7,4,92.4,117.9,668.0,12.2,19.0,34,5.8,0,0.0,-1.0,-1.8369701987210297e-16,-0.9749279121818236,-0.2225209339563146,0,1,0,1,8149.599999999999,1
7,4,90.9,126.5,686.5,7.0,19.4,48,1.3,0,0.0,-1.0,-1.8369701987210297e-16,0.7818314824680298,0.6234898018587336,0,1,0,0,4805.5,1
6,3,93.4,145.4,721.4,8.1,30.2,24,2.7,0,0.0,-1.0,-1.8369701987210297e-16,-0.7818314824680299,0.6234898018587334,1,1,1,1,5843.339999999999,1
6,3,93.5,149.3,728.6,8.1,22.8,39,3.6,0,0.0,-1.0,-1.8369701987210297e-16,-2.4492935982947064e-16,1.0,1,1,0,1,5901.66,1
6,3,94.3,85.1,692.3,15.9,25.4,24,3.6,0,0.0,-1.0,-1.8369701987210297e-16,-0.9749279121818236,-0.2225209339563146,0,1,1,1,11007.57,0
6,3,88.6,91.8,709.9,7.1,11.2,78,7.6,0,0.0,-1.0,-1.8369701987210297e-16,0.7818314824680298,0.6234898018587336,0,1,0,0,5040.29,0
6,3,88.6,69.7,706.8,5.8,20.6,37,1.8,0,0.0,-1.0,-1.8369701987210297e-16,-0.9749279121818236,-0.2225209339563146,0,1,0,0,4099.44,0
6,3,91.8,78.5,724.3,9.2,21.2,32,2.7,0,0.0,-1.0,-1.8369701987210297e-16,0.7818314824680298,0.6234898018587336,0,1,0,1,6663.5599999999995,0
6,3,90.3,80.7,730.2,6.3,18.2,62,4.5,0,0.0,-1.0,-1.8369701987210297e-16,0.9749279121818236,-0.22252093395631434,0,1,0,1,4600.26,0
6,3,90.6,35.4,669.1,6.7,21.7,24,4.5,0,0.0,-0.8660254037844386,0.5000000000000001,0.9749279121818236,-0.22252093395631434,0,0,0,1,4482.97,0
7,4,90.0,41.5,682.6,8.7,11.3,60,5.4,0,0.0,-0.8660254037844386,0.5000000000000001,-0.9749279121818236,-0.2225209339563146,0,0,0,1,5938.62,0
7,3,90.6,43.7,686.9,6.7,17.8,27,4.0,0,0.0,-0.8660254037844386,0.5000000000000001,-0.7818314824680299,0.6234898018587334,1,0,0,1,4602.23,0
4,4,88.1,25.7,67.6,3.8,14.1,43,2.7,0,0.0,1.0,6.123233995736766e-17,0.9749279121818236,-0.22252093395631434,0,0,0,1,256.87999999999994,0
4,4,79.5,60.6,366.7,1.5,23.3,37,3.1,0,0.0,-0.4999999999999997,-0.8660254037844388,0.9749279121818236,-0.22252093395631434,0,0,0,1,550.05,0
4,4,90.2,96.9,624.2,8.9,18.4,42,6.7,0,0.0,-0.8660254037844385,-0.5000000000000004,-0.7818314824680299,0.6234898018587334,1,1,0,0,5555.380000000001,0
4,4,94.8,108.3,647.1,17.0,16.6,54,5.4,0,0.0,-0.8660254037844385,-0.5000000000000004,0.9749279121818236,-0.22252093395631434,0,1,0,1,11000.7,1
4,4,92.5,88.0,698.6,7.1,19.6,48,2.7,0,0.0,-1.0,-1.8369701987210297e-16,-0.7818314824680299,0.6234898018587334,1,1,0,1,4960.0599999999995,0
4,4,90.1,82.9,735.7,6.2,12.9,74,4.9,0,0.0,-1.0,-1.8369701987210297e-16,0.43388373911755823,-0.900968867902419,0,1,0,1,4561.34,0
5,6,94.3,85.1,692.3,15.9,25.9,24,4.0,0,0.0,-1.0,-1.8369701987210297e-16,0.43388373911755823,-0.900968867902419,0,1,1,1,11007.57,0
5,6,90.9,126.5,686.5,7.0,14.7,70,3.6,0,0.0,-1.0,-1.8369701987210297e-16,0.7818314824680298,0.6234898018587336,0,1,0,1,4805.5,1
6,6,94.2,62.3,442.9,11.0,23.0,36,3.1,0,0.0,-0.4999999999999997,-0.8660254037844388,0.7818314824680298,0.6234898018587336,0,0,0,1,4871.9,0
4,4,87.2,23.9,64.7,4.1,11.8,35,1.8,0,0.0,1.0,6.123233995736766e-17,0.7818314824680298,0.6234898018587336,0,0,0,0,265.27,0
4,4,87.6,52.2,103.8,5.0,11.0,46,5.8,0,0.0,1.0,6.123233995736766e-17,0.7818314824680298,0.6234898018587336,0,0,0,1,519.0,0
4,4,92.9,137.0,706.4,9.2,20.8,17,1.3,0,0.0,-1.0,-1.8369701987210297e-16,-0.433883739117558,-0.9009688679024191,0,1,0,0,6498.879999999999,1
4,3,90.2,99.6,631.2,6.3,21.5,34,2.2,0,0.0,-0.8660254037844385,-0.5000000000000004,-2.4492935982947064e-16,1.0,1,1,0,1,3976.5600000000004,0
4,3,92.1,111.2,654.1,9.6,20.4,42,4.9,0,0.0,-0.8660254037844385,-0.5000000000000004,0.43388373911755823,-0.900968867902419,0,1,0,1,6279.36,1
4,3,92.1,111.2,654.1,9.6,20.4,42,4.9,0,0.0,-0.8660254037844385,-0.5000000000000004,0.43388373911755823,-0.900968867902419,0,1,0,1,6279.36,1
4,3,91.7,114.3,661.3,6.3,17.6,45,3.6,0,0.0,-0.8660254037844385,-0.5000000000000004,-0.433883739117558,-0.9009688679024191,0,1,0,1,4166.19,1
4,3,92.9,137.0,706.4,9.2,27.7,24,2.2,0,0.0,-1.0,-1.8369701987210297e-16,-0.433883739117558,-0.9009688679024191,0,1,1,1,6498.879999999999,1
4,3,90.3,80.7,730.2,6.3,17.8,63,4.9,0,0.0,-1.0,-1.8369701987210297e-16,0.9749279121818236,-0.22252093395631434,0,1,0,1,4600.26,0
4,3,92.6,46.5,691.8,8.8,13.8,50,2.7,0,0.0,-0.8660254037844386,0.5000000000000001,-2.4492935982947064e-16,1.0,1,0,0,1,6087.84,0
2,2,84.0,9.3,34.0,2.1,13.9,40,5.4,0,0.0,0.8660254037844386,0.5000000000000001,0.7818314824680298,0.6234898018587336,0,0,0,1,71.4,0
2,2,86.6,13.2,43.0,5.3,12.3,51,0.9,0,0.0,0.8660254037844386,0.5000000000000001,-0.9749279121818236,-0.2225209339563146,0,0,0,0,227.9,0
2,2,89.3,51.3,102.2,9.6,11.5,39,5.8,0,0.0,1.0,6.123233995736766e-17,-2.4492935982947064e-16,1.0,1,0,0,1,981.12,0
2,2,89.3,51.3,102.2,9.6,5.5,59,6.3,0,0.0,1.0,6.123233995736766e-17,-2.4492935982947064e-16,1.0,1,0,0,0,981.12,0
2,2,93.0,75.3,466.6,7.7,18.8,35,4.9,0,0.0,-0.8660254037844385,-0.5000000000000004,-0.433883739117558,-0.9009688679024191,0,1,0,1,3592.82,0
2,2,90.2,99.6,631.2,6.3,20.8,33,2.7,0,0.0,-0.8660254037844385,-0.5000000000000004,-2.4492935982947064e-16,1.0,1,1,0,1,3976.5600000000004,0
2,2,91.1,103.2,638.8,5.8,23.1,31,3.1,0,0.0,-0.8660254037844385,-0.5000000000000004,0.7818314824680298,0.6234898018587336,0,1,0,1,3705.0399999999995,1
2,2,91.7,114.3,661.3,6.3,18.6,44,4.5,0,0.0,-0.8660254037844385,-0.5000000000000004,-0.433883739117558,-0.9009688679024191,0,1,0,1,4166.19,1
2,2,92.4,117.9,668.0,12.2,19.6,33,5.4,0,0.0,-1.0,-1.8369701987210297e-16,-0.9749279121818236,-0.2225209339563146,0,1,0,1,8149.599999999999,1
2,2,92.4,117.9,668.0,12.2,19.6,33,6.3,0,0.0,-1.0,-1.8369701987210297e-16,-0.9749279121818236,-0.2225209339563146,0,1,0,0,8149.599999999999,1
4,5,91.7,33.3,77.5,9.0,17.2,26,4.5,0,0.0,1.0,6.123233995736766e-17,-0.9749279121818236,-0.2225209339563146,0,0,0,1,697.5,0
4,5,91.2,48.3,97.8,12.5,15.8,27,7.6,0,0.0,1.0,6.123233995736766e-17,-0.9749279121818236,-0.2225209339563146,0,0,0,0,1222.5,0
4,5,94.3,85.1,692.3,15.9,17.7,37,3.6,0,0.0,-1.0,-1.8369701987210297e-16,-0.9749279121818236,-0.2225209339563146,0,1,0,1,11007.57,0
5,4,91.7,33.3,77.5,9.0,15.6,25,6.3,0,0.0,1.0,6.123233995736766e-17,-0.9749279121818236,-0.2225209339563146,0,0,0,0,697.5,0
5,4,88.8,147.3,614.5,9.0,17.3,43,4.5,0,0.0,-0.8660254037844385,-0.5000000000000004,0.9749279121818236,-0.22252093395631434,0,1,0,1,5530.5,1
5,4,93.3,141.2,713.9,13.9,27.6,30,1.3,0,0.0,-1.0,-1.8369701987210297e-16,-0.9749279121818236,-0.2225209339563146,0,1,1,0,9923.21,1
9,9,84.2,6.8,26.6,7.7,6.7,79,3.1,0,0.0,0.8660254037844386,0.5000000000000001,-0.433883739117558,-0.9009688679024191,0,0,0,1,204.82000000000002,0
9,9,86.6,13.2,43.0,5.3,15.7,43,3.1,0,0.0,0.8660254037844386,0.5000000000000001,-0.9749279121818236,-0.2225209339563146,0,0,0,1,227.9,0
1,3,87.6,52.2,103.8,5.0,8.3,72,3.1,0,0.0,1.0,6.123233995736766e-17,0.7818314824680298,0.6234898018587336,0,0,0,1,519.0,0
1,2,90.1,108.0,529.8,12.5,14.7,66,2.7,0,0.0,-0.8660254037844385,-0.5000000000000004,-0.9749279121818236,-0.2225209339563146,0,1,0,1,6622.499999999999,1
1,2,91.0,121.2,561.6,7.0,21.6,19,6.7,0,0.0,-0.8660254037844385,-0.5000000000000004,0.9749279121818236,-0.22252093395631434,0,1,0,0,3931.2000000000003,1
1,2,91.4,142.4,601.4,10.6,19.5,39,6.3,0,0.0,-0.8660254037844385,-0.5000000000000004,-2.4492935982947064e-16,1.0,1,1,0,0,6374.839999999999,1
1,2,90.2,99.6,631.2,6.3,17.9,44,2.2,0,0.0,-0.8660254037844385,-0.5000000000000004,-2.4492935982947064e-16,1.0,1,1,0,1,3976.5600000000004,0
1,2,94.8,108.3,647.1,17.0,18.6,51,4.5,0,0.0,-0.8660254037844385,-0.5000000000000004,0.9749279121818236,-0.22252093395631434,0,1,0,1,11000.7,1
1,2,92.1,111.2,654.1,9.6,16.6,47,0.9,0,0.0,-0.8660254037844385,-0.5000000000000004,0.43388373911755823,-0.900968867902419,0,1,0,0,6279.36,1
1,2,91.7,114.3,661.3,6.3,20.2,45,3.6,0,0.0,-0.8660254037844385,-0.5000000000000004,-0.433883739117558,-0.9009688679024191,0,1,0,1,4166.19,1
1,2,92.9,137.0,706.4,9.2,21.5,15,0.9,0,0.0,-1.0,-1.8369701987210297e-16,-0.433883739117558,-0.9009688679024191,0,1,0,0,6498.879999999999,1
1,2,92.9,137.0,706.4,9.2,22.4,34,2.2,0,0.0,-1.0,-1.8369701987210297e-16,-0.433883739117558,-0.9009688679024191,0,1,0,1,6498.879999999999,1
1,2,93.5,149.3,728.6,8.1,25.3,36,3.6,0,0.0,-1.0,-1.8369701987210297e-16,-2.4492935982947064e-16,1.0,1,1,1,1,5901.66,1
6,5,91.7,35.8,80.8,7.8,17.4,25,4.9,0,0.0,1.0,6.123233995736766e-17,-0.7818314824680299,0.6234898018587334,1,0,0,1,630.24,0
6,5,90.2,96.9,624.2,8.9,14.7,59,5.8,0,0.0,-0.8660254037844385,-0.5000000000000004,-0.7818314824680299,0.6234898018587334,1,1,0,1,5555.380000000001,0
8,6,91.7,35.8,80.8,7.8,17.4,24,5.4,0,0.0,1.0,6.123233995736766e-17,-0.9749279121818236,-0.2225209339563146,0,0,0,1,630.24,0
8,6,92.3,85.3,488.0,14.7,20.8,32,6.3,0,0.0,-0.8660254037844385,-0.5000000000000004,-2.4492935982947064e-16,1.0,1,1,0,0,7173.599999999999,0
8,6,91.4,142.4,601.4,10.6,18.2,43,4.9,0,0.0,-0.8660254037844385,-0.5000000000000004,-2.4492935982947064e-16,1.0,1,1,0,1,6374.839999999999,1
8,6,91.1,103.2,638.8,5.8,23.4,22,2.7,0,0.0,-0.8660254037844385,-0.5000000000000004,0.7818314824680298,0.6234898018587336,0,1,0,1,3705.0399999999995,1
4,4,89.7,90.0,704.4,4.8,17.8,64,1.3,0,0.0,-1.0,-1.8369701987210297e-16,-2.4492935982947064e-16,1.0,1,1,0,0,3381.12,0
3,4,83.9,8.0,30.2,2.6,12.7,48,1.8,0,0.0,0.8660254037844386,0.5000000000000001,-0.7818314824680299,0.6234898018587334,1,0,0,0,78.52,0
3,4,69.0,2.4,15.5,0.7,17.4,24,5.4,0,0.0,1.0,6.123233995736766e-17,-0.7818314824680299,0.6234898018587334,1,0,0,1,10.85,0
3,4,91.4,142.4,601.4,10.6,11.6,87,4.5,0,0.0,-0.8660254037844385,-0.5000000000000004,-2.4492935982947064e-16,1.0,1,1,0,1,6374.839999999999,1
3,4,91.4,142.4,601.4,10.6,19.8,39,5.4,0,0.0,-0.8660254037844385,-0.5000000000000004,-2.4492935982947064e-16,1.0,1,1,0,1,6374.839999999999,1
3,4,91.4,142.4,601.4,10.6,19.8,39,5.4,0,0.0,-0.8660254037844385,-0.5000000000000004,-2.4492935982947064e-16,1.0,1,1,0,1,6374.839999999999,1
3,4,88.8,147.3,614.5,9.0,14.4,66,5.4,0,0.0,-0.8660254037844385,-0.5000000000000004,0.9749279121818236,-0.22252093395631434,0,1,0,1,5530.5,1
2,4,94.8,108.3,647.1,17.0,20.1,40,4.0,0,0.0,-0.8660254037844385,-0.5000000000000004,0.9749279121818236,-0.22252093395631434,0,1,0,1,11000.7,1
2,4,92.5,121.1,674.4,8.6,24.1,29,4.5,0,0.0,-1.0,-1.8369701987210297e-16,-0.7818314824680299,0.6234898018587334,1,1,0,1,5799.839999999999,1
4,5,85.9,19.5,57.3,2.8,12.7,52,6.3,0,0.0,1.0,6.123233995736766e-17,-0.9749279121818236,-0.2225209339563146,0,0,0,0,160.43999999999997,0
4,5,91.4,30.7,74.3,7.5,18.2,29,3.1,0,0.0,1.0,6.123233995736766e-17,-0.433883739117558,-0.9009688679024191,0,0,0,1,557.25,0
4,5,90.2,99.6,631.2,6.3,21.4,33,3.1,0,0.0,-0.8660254037844385,-0.5000000000000004,-2.4492935982947064e-16,1.0,1,1,0,1,3976.5600000000004,0
4,5,92.5,88.0,698.6,7.1,20.3,45,3.1,0,0.0,-1.0,-1.8369701987210297e-16,-0.7818314824680299,0.6234898018587334,1,1,0,1,4960.0599999999995,0
4,5,88.6,91.8,709.9,7.1,17.4,56,5.4,0,0.0,-1.0,-1.8369701987210297e-16,0.7818314824680298,0.6234898018587336,0,1,0,1,5040.29,0
4,4,85.9,19.5,57.3,2.8,13.7,43,5.8,0,0.0,1.0,6.123233995736766e-17,-0.9749279121818236,-0.2225209339563146,0,0,0,1,160.43999999999997,0
3,4,91.7,33.3,77.5,9.0,18.8,18,4.5,0,0.0,1.0,6.123233995736766e-17,-0.9749279121818236,-0.2225209339563146,0,0,0,1,697.5,0
3,4,89.7,90.0,704.4,4.8,22.8,39,3.6,0,0.0,-1.0,-1.8369701987210297e-16,-2.4492935982947064e-16,1.0,1,1,0,1,3381.12,0
3,4,91.8,78.5,724.3,9.2,18.9,35,2.7,0,0.0,-1.0,-1.8369701987210297e-16,0.7818314824680298,0.6234898018587336,0,1,0,1,6663.5599999999995,0
3,4,88.1,25.7,67.6,3.8,15.8,27,7.6,0,0.0,1.0,6.123233995736766e-17,0.9749279121818236,-0.22252093395631434,0,0,0,0,256.87999999999994,0
3,5,88.1,25.7,67.6,3.8,15.5,27,6.3,0,0.0,1.0,6.123233995736766e-17,0.9749279121818236,-0.22252093395631434,0,0,0,0,256.87999999999994,0
3,4,91.7,35.8,80.8,7.8,11.6,30,6.3,0,0.0,1.0,6.123233995736766e-17,-0.7818314824680299,0.6234898018587334,1,0,0,0,630.24,0
3,4,91.7,35.8,80.8,7.8,15.2,27,4.9,0,0.0,1.0,6.123233995736766e-17,-0.7818314824680299,0.6234898018587334,1,0,0,1,630.24,0
3,4,90.1,39.7,86.6,6.2,10.6,30,4.0,0,0.0,1.0,6.123233995736766e-17,0.7818314824680298,0.6234898018587336,0,0,0,1,536.92,0
3,4,93.0,75.3,466.6,7.7,19.6,36,3.1,0,0.0,-0.8660254037844385,-0.5000000000000004,-0.433883739117558,-0.9009688679024191,0,1,0,1,3592.82,0
3,4,91.5,145.4,608.2,10.7,10.3,74,2.2,0,0.0,-0.8660254037844385,-0.5000000000000004,0.7818314824680298,0.6234898018587336,0,1,0,1,6507.74,1
3,4,91.5,145.4,608.2,10.7,17.1,43,5.4,0,0.0,-0.8660254037844385,-0.5000000000000004,0.7818314824680298,0.6234898018587336,0,1,0,1,6507.74,1
3,4,92.4,124.1,680.7,8.5,22.5,42,5.4,0,0.0,-1.0,-1.8369701987210297e-16,-2.4492935982947064e-16,1.0,1,1,0,1,5785.950000000001,1
3,4,84.4,73.4,671.9,3.2,17.9,45,3.1,0,0.0,-1.0,-1.8369701987210297e-16,0.9749279121818236,-0.22252093395631434,0,1,0,1,2150.08,0
3,4,94.3,85.1,692.3,15.9,19.8,50,5.4,0,0.0,-1.0,-1.8369701987210297e-16,-0.9749279121818236,-0.2225209339563146,0,1,0,1,11007.57,0
3,4,92.6,46.5,691.8,8.8,20.6,24,5.4,0,0.0,-0.8660254037844386,0.5000000000000001,-2.4492935982947064e-16,1.0,1,0,0,1,6087.84,0
3,5,87.6,52.2,103.8,5.0,9.0,49,2.2,0,0.0,1.0,6.123233995736766e-17,0.7818314824680298,0.6234898018587336,0,0,0,1,519.0,0
3,5,93.5,149.3,728.6,8.1,17.2,43,3.1,0,0.0,-1.0,-1.8369701987210297e-16,-0.9749279121818236,-0.2225209339563146,0,1,0,1,5901.66,1
3,5,91.4,37.9,673.8,5.2,15.9,46,3.6,0,0.0,-0.8660254037844386,0.5000000000000001,0.43388373911755823,-0.900968867902419,0,0,0,1,3503.7599999999998,0
2,5,92.6,46.5,691.8,8.8,15.4,35,0.9,0,0.0,-0.8660254037844386,0.5000000000000001,-2.4492935982947064e-16,1.0,1,0,0,0,6087.84,0
4,6,68.2,21.5,87.2,0.8,15.4,40,2.7,0,0.0,0.8660254037844386,0.5000000000000001,-0.7818314824680299,0.6234898018587334,1,0,0,1,69.76,0
4,6,87.2,23.9,64.7,4.1,14.0,39,3.1,0,0.0,1.0,6.123233995736766e-17,0.7818314824680298,0.6234898018587336,0,0,0,1,265.27,0
4,6,89.3,51.3,102.2,9.6,10.6,46,4.9,0,0.0,1.0,6.123233995736766e-17,-2.4492935982947064e-16,1.0,1,0,0,1,981.12,0
4,6,93.7,80.9,685.2,17.9,17.6,42,3.1,0,0.0,-1.0,-1.8369701987210297e-16,-0.433883739117558,-0.9009688679024191,0,1,0,1,12265.08,0
3,5,88.1,25.7,67.6,3.8,14.9,38,2.7,0,0.0,1.0,6.123233995736766e-17,0.9749279121818236,-0.22252093395631434,0,0,0,1,256.87999999999994,0
3,5,93.5,139.4,594.2,20.3,17.6,52,5.8,0,0.0,-0.8660254037844385,-0.5000000000000004,-0.7818314824680299,0.6234898018587334,1,1,0,1,12062.260000000002,1
3,6,92.4,124.1,680.7,8.5,17.2,58,1.3,0,0.0,-1.0,-1.8369701987210297e-16,-2.4492935982947064e-16,1.0,1,1,0,0,5785.950000000001,1
3,6,90.9,126.5,686.5,7.0,15.6,66,3.1,0,0.0,-1.0,-1.8369701987210297e-16,0.7818314824680298,0.6234898018587336,0,1,0,1,4805.5,1
9,9,85.8,48.3,313.4,3.9,18.0,42,2.7,0,1.3718734232835912,-0.4999999999999997,-0.8660254037844388,0.9749279121818236,-0.22252093395631434,0,0,0,1,1222.26,0
1,4,91.0,129.5,692.6,7.0,21.7,38,2.2,0,1.4879176110549965,-1.0,-1.8369701987210297e-16,0.9749279121818236,-0.22252093395631434,0,1,0,1,4848.2,1
2,5,90.9,126.5,686.5,7.0,21.9,39,1.8,0,1.5496460764328734,-1.0,-1.8369701987210297e-16,0.7818314824680298,0.6234898018587336,0,1,0,0,4805.5,1
1,2,95.5,99.9,513.3,13.2,23.3,31,4.5,0,1.665058701126251,-0.8660254037844385,-0.5000000000000004,0.43388373911755823,-0.900968867902419,0,1,0,1,6775.559999999999,0
8,6,90.1,108.0,529.8,12.5,21.2,51,8.9,0,1.7457398856331305,-0.8660254037844385,-0.5000000000000004,-0.9749279121818236,-0.2225209339563146,0,1,0,0,6622.499999999999,1
1,2,90.0,51.3,296.3,8.7,16.6,53,5.4,0,1.871151126038377,-0.4999999999999997,-0.8660254037844388,-0.7818314824680299,0.6234898018587334,1,0,0,1,2577.81,0
2,5,95.5,99.9,513.3,13.2,23.8,32,5.4,0,1.9418248802963836,-0.8660254037844385,-0.5000000000000004,0.43388373911755823,-0.900968867902419,0,1,0,1,6775.559999999999,0
6,5,95.2,131.7,578.8,10.4,27.4,22,4.0,0,2.085319607417149,-0.8660254037844385,-0.5000000000000004,-0.433883739117558,-0.9009688679024191,0,1,1,1,6019.5199999999995,1
5,4,90.1,39.7,86.6,6.2,13.2,40,5.4,0,2.137487026962011,1.0,6.123233995736766e-17,0.7818314824680298,0.6234898018587336,0,0,0,1,536.92,0
2,2,94.8,108.3,647.1,17.0,17.4,43,6.7,0,2.256899323355114,-0.8660254037844385,-0.5000000000000004,0.9749279121818236,-0.22252093395631434,0,1,0,0,11000.7,1
8,6,93.7,80.9,685.2,17.9,23.7,25,4.5,0,2.304498534556948,-1.0,-1.8369701987210297e-16,-0.433883739117558,-0.9009688679024191,0,1,0,1,12265.08,0
6,5,92.5,56.4,433.3,7.1,23.2,39,5.4,0,2.369238390881553,1.2246467991473532e-16,-1.0,-0.9749279121818236,-0.2225209339563146,0,0,0,1,3076.43,0
9,9,90.1,68.6,355.2,7.2,24.8,29,2.2,0,2.518320965365726,-0.4999999999999997,-0.8660254037844388,-2.4492935982947064e-16,1.0,1,0,0,1,2557.44,0
3,4,90.1,51.2,424.1,6.2,24.6,43,1.8,0,2.5767505003672446,-0.4999999999999997,-0.8660254037844388,-0.7818314824680299,0.6234898018587334,1,0,0,0,2629.42,0
1,5,93.4,145.4,721.4,8.1,29.6,27,2.7,0,2.6013156576438003,-1.0,-1.8369701987210297e-16,-0.7818314824680299,0.6234898018587334,1,1,1,1,5843.339999999999,1
7,4,94.8,108.3,647.1,17.0,16.4,47,1.3,0,2.681277361518893,-0.8660254037844385,-0.5000000000000004,-2.4492935982947064e-16,1.0,1,1,0,0,11000.7,1
2,4,93.4,145.4,721.4,8.1,28.6,27,2.2,0,2.720214963515233,-1.0,-1.8369701987210297e-16,-0.7818314824680299,0.6234898018587334,1,1,1,1,5843.339999999999,1
2,2,92.1,111.2,654.1,9.6,18.4,45,3.6,0,2.7356059215361235,-0.8660254037844385,-0.5000000000000004,0.43388373911755823,-0.900968867902419,0,1,0,1,6279.36,1
2,4,92.1,111.2,654.1,9.6,20.5,35,4.0,0,2.7432629528842014,-0.8660254037844385,-0.5000000000000004,0.43388373911755823,-0.900968867902419,0,1,0,1,6279.36,1
7,4,92.4,117.9,668.0,12.2,19.0,34,5.8,0,2.78117312419415,-1.0,-1.8369701987210297e-16,-0.9749279121818236,-0.2225209339563146,0,1,0,1,8149.599999999999,1
7,4,90.1,39.7,86.6,6.2,16.1,29,3.1,0,2.8258700604329556,1.0,6.123233995736766e-17,0.7818314824680298,0.6234898018587336,0,0,0,1,536.92,0
6,4,95.2,131.7,578.8,10.4,20.3,41,4.0,0,2.9340951639200985,-0.8660254037844385,-0.5000000000000004,-0.433883739117558,-0.9009688679024191,0,1,0,1,6019.5199999999995,1
6,3,90.6,50.1,100.4,7.8,15.2,31,8.5,0,2.962164620501919,1.0,6.123233995736766e-17,-0.7818314824680299,0.6234898018587334,1,0,0,0,783.12,0
8,5,89.7,90.0,704.4,4.8,17.8,67,2.2,0,3.0105399741420067,-1.0,-1.8369701987210297e-16,-2.4492935982947064e-16,1.0,1,1,0,1,3381.12,0
6,5,84.9,18.2,55.0,3.0,5.3,70,4.5,0,3.098010564079308,1.0,6.123233995736766e-17,-0.433883739117558,-0.9009688679024191,0,0,0,1,165.0,0
6,5,92.1,111.2,654.1,9.6,16.6,47,0.9,0,3.195424902182602,-0.8660254037844385,-0.5000000000000004,0.43388373911755823,-0.900968867902419,0,1,0,0,6279.36,1
6,5,96.0,127.1,570.5,16.5,23.4,33,4.5,0,3.3322278565146015,-0.8660254037844385,-0.5000000000000004,0.43388373911755823,-0.900968867902419,0,1,0,1,9413.25,1
6,5,91.2,48.3,97.8,12.5,14.6,26,9.4,0,3.344335802002338,1.0,6.123233995736766e-17,-0.9749279121818236,-0.2225209339563146,0,0,0,0,1222.5,0
8,6,95.2,131.7,578.8,10.4,20.7,45,2.2,0,3.3563918849562295,-0.8660254037844385,-0.5000000000000004,-0.433883739117558,-0.9009688679024191,0,1,0,1,6019.5199999999995,1
5,4,92.9,133.3,699.6,9.2,21.9,35,1.8,0,3.368396731692884,-1.0,-1.8369701987210297e-16,0.43388373911755823,-0.900968867902419,0,1,0,0,6436.32,1
8,6,85.6,90.4,609.6,6.6,17.4,50,4.0,0,3.439383408379416,-0.8660254037844385,-0.5000000000000004,0.43388373911755823,-0.900968867902419,0,1,0,1,4023.36,0
7,4,91.4,142.4,601.4,10.6,20.1,39,5.4,0,3.4684529461886062,-0.8660254037844385,-0.5000000000000004,-2.4492935982947064e-16,1.0,1,1,0,1,6374.839999999999,1
4,4,90.9,126.5,686.5,7.0,17.7,39,2.2,0,3.65347413875374,-1.0,-1.8369701987210297e-16,0.7818314824680298,0.6234898018587336,0,1,0,1,4805.5,1
1,4,90.2,96.9,624.2,8.9,14.2,53,1.8,0,3.879027836705692,-0.8660254037844385,-0.5000000000000004,-0.7818314824680299,0.6234898018587334,1,1,0,0,5555.380000000001,0
1,4,90.2,96.9,624.2,8.9,20.3,39,4.9,0,4.364361120519436,-0.8660254037844385,-0.5000000000000004,-0.7818314824680299,0.6234898018587334,1,1,0,1,5555.380000000001,0
6,5,81.5,9.1,55.2,2.7,5.8,54,5.8,0,4.399416941028138,0.8660254037844387,-0.4999999999999998,-0.433883739117558,-0.9009688679024191,0,0,0,1,149.04000000000002,0
2,5,90.2,99.6,631.2,6.3,19.2,44,2.7,0,4.434143961357314,-0.8660254037844385,-0.5000000000000004,-2.4492935982947064e-16,1.0,1,1,0,1,3976.5600000000004,0
2,5,90.1,82.9,735.7,6.2,18.3,45,2.2,0,4.51535248489686,-1.0,-1.8369701987210297e-16,0.43388373911755823,-0.900968867902419,0,1,0,1,4561.34,0
8,6,88.8,147.3,614.5,9.0,14.4,66,5.4,0,4.6605703910922625,-0.8660254037844385,-0.5000000000000004,0.9749279121818236,-0.22252093395631434,0,1,0,1,5530.5,1
1,3,92.4,124.1,680.7,8.5,23.9,32,6.7,0,4.701085332824276,-1.0,-1.8369701987210297e-16,-2.4492935982947064e-16,1.0,1,1,0,0,5785.950000000001,1
8,6,84.9,32.8,664.2,3.0,19.1,32,4.0,0,4.745177878402399,-0.8660254037844386,0.5000000000000001,0.7818314824680298,0.6234898018587336,0,0,0,1,1992.6000000000001,0
5,4,86.8,15.6,48.3,3.9,12.4,53,2.2,0,5.103720117265269,0.8660254037844386,0.5000000000000001,-2.4492935982947064e-16,1.0,1,0,0,1,188.36999999999998,0
8,6,93.9,135.7,586.7,15.1,20.8,34,4.9,0,5.310754459153717,-0.8660254037844385,-0.5000000000000004,-0.9749279121818236,-0.2225209339563146,0,1,0,1,8859.17,1
2,5,91.0,129.5,692.6,7.0,17.6,46,3.1,0,5.338564634781933,-1.0,-1.8369701987210297e-16,0.9749279121818236,-0.22252093395631434,0,1,0,1,4848.2,1
8,6,89.3,51.3,102.2,9.6,11.5,39,5.8,0,5.3902499328125195,1.0,6.123233995736766e-17,-2.4492935982947064e-16,1.0,1,0,0,1,981.12,0
1,5,90.9,126.5,686.5,7.0,21.0,42,2.2,0,5.427781382050821,-1.0,-1.8369701987210297e-16,0.7818314824680298,0.6234898018587336,0,1,0,1,4805.5,1
6,4,90.8,41.9,89.4,7.9,13.3,42,0.9,0,5.461635287850357,1.0,6.123233995736766e-17,-0.7818314824680299,0.6234898018587334,1,0,0,0,706.2600000000001,0
7,4,90.7,44.0,92.4,5.5,11.5,60,4.0,0,5.736705238448766,1.0,6.123233995736766e-17,-2.4492935982947064e-16,1.0,1,0,0,1,508.20000000000005,0
6,5,91.2,48.3,97.8,12.5,11.7,33,4.0,0,5.758925598898673,1.0,6.123233995736766e-17,-0.9749279121818236,-0.2225209339563146,0,0,0,1,1222.5,0
2,5,95.2,131.7,578.8,10.4,24.2,28,2.7,0,5.874721923214178,-0.8660254037844385,-0.5000000000000004,-0.433883739117558,-0.9009688679024191,0,1,0,1,6019.5199999999995,1
2,2,94.8,108.3,647.1,17.0,24.6,22,4.5,0,5.883992314169926,-0.8660254037844385,-0.5000000000000004,0.9749279121818236,-0.22252093395631434,0,1,0,1,11000.7,1
4,5,92.9,133.3,699.6,9.2,24.3,25,4.0,0,6.095569085927998,-1.0,-1.8369701987210297e-16,0.43388373911755823,-0.900968867902419,0,1,0,1,6436.32,1
2,2,94.8,108.3,647.1,17.0,24.6,22,4.5,0,6.270211256120742,-0.8660254037844385,-0.5000000000000004,0.9749279121818236,-0.22252093395631434,0,1,0,1,11000.7,1
2,5,93.9,135.7,586.7,15.1,23.5,36,5.4,0,6.273073104013591,-0.8660254037844385,-0.5000000000000004,-0.9749279121818236,-0.2225209339563146,0,1,0,1,8859.17,1
6,5,81.5,9.1,55.2,2.7,5.8,54,5.8,0,6.527294593230731,0.8660254037844387,-0.4999999999999998,-0.433883739117558,-0.9009688679024191,0,0,0,1,149.04000000000002,0
4,5,92.9,137.0,706.4,9.2,21.5,15,0.9,0,6.562659821036685,-1.0,-1.8369701987210297e-16,-0.433883739117558,-0.9009688679024191,0,1,0,0,6498.879999999999,1
3,4,91.0,129.5,692.6,7.0,13.9,59,6.3,0,6.611256456620206,-1.0,-1.8369701987210297e-16,0.9749279121818236,-0.22252093395631434,0,1,0,0,4848.2,1
2,4,63.5,70.8,665.3,0.8,22.6,38,3.6,0,6.63271928280567,-1.0,-1.8369701987210297e-16,0.7818314824680298,0.6234898018587336,0,1,0,1,532.24,0
1,5,91.0,129.5,692.6,7.0,21.6,33,2.2,0,6.688670365627596,-1.0,-1.8369701987210297e-16,0.9749279121818236,-0.22252093395631434,0,1,0,1,4848.2,1
6,5,90.1,37.6,83.7,7.2,12.4,54,3.6,0,6.837805042579978,1.0,6.123233995736766e-17,-2.4492935982947064e-16,1.0,1,0,0,1,602.64,0
7,4,83.9,8.7,32.1,2.1,8.8,68,2.2,0,7.078118085360891,0.8660254037844386,0.5000000000000001,-2.4492935982947064e-16,1.0,1,0,0,1,67.41000000000001,0
8,6,91.4,37.9,673.8,5.2,20.2,37,2.7,0,7.237108757071761,-0.8660254037844386,0.5000000000000001,0.43388373911755823,-0.900968867902419,0,0,0,1,3503.7599999999998,0
5,6,90.6,50.1,100.4,7.8,15.1,64,4.0,0,7.306720510435501,1.0,6.123233995736766e-17,-0.7818314824680299,0.6234898018587334,1,0,0,1,783.12,0
4,5,92.9,137.0,706.4,9.2,22.1,34,1.8,0,7.443630643411432,-1.0,-1.8369701987210297e-16,-0.433883739117558,-0.9009688679024191,0,1,0,0,6498.879999999999,1
2,2,93.5,139.4,594.2,20.3,22.9,31,7.2,0,7.64582083599461,-0.8660254037844385,-0.5000000000000004,-0.7818314824680299,0.6234898018587334,1,1,0,0,12062.260000000002,1
7,5,91.0,129.5,692.6,7.0,20.7,37,2.2,0,8.030087917215173,-1.0,-1.8369701987210297e-16,0.9749279121818236,-0.22252093395631434,0,1,0,1,4848.2,1
6,5,92.4,117.9,668.0,12.2,19.6,33,6.3,0,8.450109423614768,-1.0,-1.8369701987210297e-16,-0.9749279121818236,-0.2225209339563146,0,1,0,0,8149.599999999999,1
8,3,93.7,80.9,685.2,17.9,23.2,26,4.9,0,9.244858024660294,-1.0,-1.8369701987210297e-16,-0.433883739117558,-0.9009688679024191,0,1,0,1,12265.08,0
4,4,90.6,43.7,686.9,6.7,18.4,25,3.1,0,9.391464261965595,-0.8660254037844386,0.5000000000000001,-0.7818314824680299,0.6234898018587334,1,0,0,1,4602.23,0
7,4,93.5,139.4,594.2,20.3,5.1,96,5.8,0,9.698992420742146,-0.8660254037844385,-0.5000000000000004,-0.7818314824680299,0.6234898018587334,1,1,0,1,12062.260000000002,1
7,4,94.3,85.1,692.3,15.9,20.1,47,4.9,0,9.721124610364184,-1.0,-1.8369701987210297e-16,-0.9749279121818236,-0.2225209339563146,0,1,0,1,11007.57,0
4,4,91.7,35.8,80.8,7.8,17.0,27,4.9,0,10.140491771116316,1.0,6.123233995736766e-17,-0.7818314824680299,0.6234898018587334,1,0,0,1,630.24,0
4,4,91.7,35.8,80.8,7.8,17.0,27,4.9,0,10.140491771116316,1.0,6.123233995736766e-17,-0.7818314824680299,0.6234898018587334,1,0,0,1,630.24,0
4,4,92.4,124.1,680.7,8.5,16.9,60,1.3,0,10.272067342488063,-1.0,-1.8369701987210297e-16,-2.4492935982947064e-16,1.0,1,1,0,0,5785.950000000001,1
1,3,88.6,91.8,709.9,7.1,12.4,73,6.3,0,10.404807337769059,-1.0,-1.8369701987210297e-16,0.7818314824680298,0.6234898018587336,0,1,0,0,5040.29,0
4,5,92.9,133.3,699.6,9.2,19.4,19,1.3,0,10.621676314459854,-1.0,-1.8369701987210297e-16,0.43388373911755823,-0.900968867902419,0,1,0,0,6436.32,1
6,5,90.1,39.7,86.6,6.2,15.2,27,3.1,0,10.643074875654902,1.0,6.123233995736766e-17,0.7818314824680298,0.6234898018587336,0,0,0,1,536.92,0
8,6,90.2,99.6,631.2,6.3,16.2,59,3.1,0,10.675077204403372,-0.8660254037844385,-0.5000000000000004,-2.4492935982947064e-16,1.0,1,1,0,1,3976.5600000000004,0
3,4,93.3,141.2,713.9,13.9,18.6,49,3.6,0,11.237025397427173,-1.0,-1.8369701987210297e-16,-0.9749279121818236,-0.2225209339563146,0,1,0,1,9923.21,1
4,3,87.6,52.2,103.8,5.0,11.0,46,5.8,0,11.374851454472644,1.0,6.123233995736766e-17,0.7818314824680298,0.6234898018587336,0,0,0,1,519.0,0
2,2,88.3,150.3,309.9,6.8,13.4,79,3.6,0,11.39880282406853,-0.4999999999999997,-0.8660254037844388,-0.9749279121818236,-0.2225209339563146,0,0,0,1,2107.3199999999997,0
7,4,90.1,82.9,735.7,6.2,15.4,57,4.5,0,11.495409196215384,-1.0,-1.8369701987210297e-16,0.43388373911755823,-0.900968867902419,0,1,0,1,4561.34,0
4,4,93.5,149.3,728.6,8.1,22.9,39,4.9,0,12.902452829090054,-1.0,-1.8369701987210297e-16,-2.4492935982947064e-16,1.0,1,1,0,1,5901.66,1
7,5,91.7,48.5,696.1,11.1,16.1,44,4.0,0,13.001589474746263,-0.8660254037844386,0.5000000000000001,0.7818314824680298,0.6234898018587336,0,0,0,1,7726.71,0
8,6,92.2,81.8,480.8,11.9,20.1,34,4.5,0,14.02795388265963,-0.8660254037844385,-0.5000000000000004,-0.7818314824680299,0.6234898018587334,1,1,0,1,5721.52,0
4,6,93.5,149.3,728.6,8.1,28.3,26,3.1,0,14.649335299740946,-1.0,-1.8369701987210297e-16,-2.4492935982947064e-16,1.0,1,1,1,1,5901.66,1
8,6,92.2,81.8,480.8,11.9,16.4,43,4.0,0,15.379623896564803,-0.8660254037844385,-0.5000000000000004,-0.7818314824680299,0.6234898018587334,1,1,0,1,5721.52,0
4,4,92.9,133.3,699.6,9.2,26.4,21,4.5,0,16.97518230531199,-1.0,-1.8369701987210297e-16,0.43388373911755823,-0.900968867902419,0,1,1,1,6436.32,1
1,5,93.5,149.3,728.6,8.1,27.8,27,3.1,0,17.550083416888125,-1.0,-1.8369701987210297e-16,-2.4492935982947064e-16,1.0,1,1,1,1,5901.66,1
6,4,91.0,129.5,692.6,7.0,18.7,43,2.7,0,18.226382936885916,-1.0,-1.8369701987210297e-16,0.9749279121818236,-0.22252093395631434,0,1,0,1,4848.2,1
4,5,92.5,121.1,674.4,8.6,17.7,25,3.1,0,21.923589934192456,-1.0,-1.8369701987210297e-16,-0.7818314824680299,0.6234898018587334,1,1,0,1,5799.839999999999,1
8,6,91.4,142.4,601.4,10.6,19.6,41,5.8,0,24.441636765695577,-0.8660254037844385,-0.5000000000000004,-2.4492935982947064e-16,1.0,1,1,0,1,6374.839999999999,1
2,2,92.5,121.1,674.4,8.6,18.2,46,1.8,0,24.69364178279121,-1.0,-1.8369701987210297e-16,-0.7818314824680299,0.6234898018587334,1,1,0,0,5799.839999999999,1
1,2,91.0,129.5,692.6,7.0,18.8,40,2.2,0,25.353704930833842,-1.0,-1.8369701987210297e-16,0.9749279121818236,-0.22252093395631434,0,1,0,1,4848.2,1
6,5,92.5,121.1,674.4,8.6,25.1,27,4.0,0,53.49837639139796,-1.0,-1.8369701987210297e-16,-0.7818314824680299,0.6234898018587334,1,1,1,1,5799.839999999999,1
7,5,81.9,3.0,7.9,3.5,13.4,75,1.8,0,0.0,0.8660254037844387,-0.4999999999999998,-2.4492935982947064e-16,1.0,1,0,0,0,27.650000000000002,0
6,3,88.0,17.2,43.5,3.8,15.2,51,2.7,0,0.0,0.8660254037844387,-0.4999999999999998,0.43388373911755823,-0.900968867902419,0,0,0,1,165.29999999999998,0
4,4,83.0,23.3,85.3,2.3,16.7,20,3.1,0,0.0,0.8660254037844387,-0.4999999999999998,-0.9749279121818236,-0.2225209339563146,0,0,0,1,196.18999999999997,0
2,4,94.2,122.3,589.9,12.9,15.4,66,4.0,0,6.304451621986263,-0.8660254037844385,-0.5000000000000004,-2.4492935982947064e-16,1.0,1,1,0,1,7609.71,1
7,4,91.8,175.1,700.7,13.8,21.9,73,7.6,1,0.0,-0.8660254037844385,-0.5000000000000004,-2.4492935982947064e-16,1.0,1,1,0,0,9669.660000000002,1
2,4,91.8,175.1,700.7,13.8,22.4,54,7.6,0,3.5427118234278177,-0.8660254037844385,-0.5000000000000004,-2.4492935982947064e-16,1.0,1,1,0,0,9669.660000000002,1
3,4,91.8,175.1,700.7,13.8,26.8,38,6.3,0,1.9302591134950615,-0.8660254037844385,-0.5000000000000004,-2.4492935982947064e-16,1.0,1,1,1,0,9669.660000000002,1
5,4,91.8,175.1,700.7,13.8,25.7,39,5.4,0,0.7280691456073046,-0.8660254037844385,-0.5000000000000004,-2.4492935982947064e-16,1.0,1,1,1,1,9669.660000000002,1
2,4,92.2,91.6,503.6,9.6,20.7,70,2.2,0,1.9186104133751092,-0.8660254037844385,-0.5000000000000004,0.43388373911755823,-0.900968867902419,0,1,0,1,4834.56,0
8,6,93.1,157.3,666.7,13.5,28.7,28,2.7,0,0.0,-0.8660254037844385,-0.5000000000000004,0.43388373911755823,-0.900968867902419,0,1,1,1,9000.45,1
3,4,93.1,157.3,666.7,13.5,21.7,40,0.4,0,3.307853808714001,-0.8660254037844385,-0.5000000000000004,0.43388373911755823,-0.900968867902419,0,1,0,0,9000.45,1
8,5,93.1,157.3,666.7,13.5,26.8,25,3.1,0,1.834595707524323,-0.8660254037844385,-0.5000000000000004,0.43388373911755823,-0.900968867902419,0,1,1,1,9000.45,1
8,5,93.1,157.3,666.7,13.5,24.0,36,3.1,0,1.139830666892969,-0.8660254037844385,-0.5000000000000004,0.43388373911755823,-0.900968867902419,0,1,0,1,9000.45,1
6,5,93.1,157.3,666.7,13.5,22.1,37,3.6,0,1.072353608712763,-0.8660254037844385,-0.5000000000000004,0.43388373911755823,-0.900968867902419,0,1,0,1,9000.45,1
7,4,91.9,109.2,565.5,8.0,21.4,38,2.7,0,2.6496366333825767,-0.8660254037844385,-0.5000000000000004,-0.433883739117558,-0.9009688679024191,0,1,0,1,4524.0,1
6,3,91.6,138.1,621.7,6.3,18.9,41,3.1,0,6.363846360779768,-0.8660254037844385,-0.5000000000000004,-0.433883739117558,-0.9009688679024191,0,1,0,1,3916.71,1
2,5,87.5,77.0,694.8,5.0,22.3,46,4.0,0,0.0,-0.8660254037844385,-0.5000000000000004,-0.433883739117558,-0.9009688679024191,0,1,0,1,3474.0,0
8,6,94.2,117.2,581.1,11.0,23.9,41,2.2,0,5.666194604820492,-0.8660254037844385,-0.5000000000000004,-0.7818314824680299,0.6234898018587334,1,1,0,1,6392.1,1
4,3,94.2,117.2,581.1,11.0,21.4,44,2.7,0,1.834595707524323,-0.8660254037844385,-0.5000000000000004,-0.7818314824680299,0.6234898018587334,1,1,0,1,6392.1,1
3,4,91.8,170.9,692.3,13.7,20.6,59,0.9,0,0.0,-0.8660254037844385,-0.5000000000000004,-0.7818314824680299,0.6234898018587334,1,1,0,0,9484.509999999998,1
7,4,91.8,170.9,692.3,13.7,23.7,40,1.8,0,2.5351784960523482,-0.8660254037844385,-0.5000000000000004,-0.7818314824680299,0.6234898018587334,1,1,0,0,9484.509999999998,1
2,4,93.6,97.9,542.0,14.4,28.3,32,4.0,0,5.927026577049406,-0.8660254037844385,-0.5000000000000004,0.7818314824680298,0.6234898018587336,0,1,1,1,7804.8,0
3,4,91.6,112.4,573.0,8.9,11.2,84,7.6,0,3.776110290628159,-0.8660254037844385,-0.5000000000000004,-0.9749279121818236,-0.2225209339563146,0,1,0,0,5099.7,1
6,3,91.1,141.1,629.1,7.1,19.3,39,3.6,0,2.681277361518893,-0.8660254037844385,-0.5000000000000004,-0.9749279121818236,-0.2225209339563146,0,1,0,1,4466.61,1
4,4,94.3,167.6,684.4,13.0,21.8,53,3.1,0,5.161819701771826,-0.8660254037844385,-0.5000000000000004,-0.9749279121818236,-0.2225209339563146,0,1,0,1,8897.199999999999,1
4,4,93.7,102.2,550.3,14.6,22.1,54,7.6,0,1.964714184711364,-0.8660254037844385,-0.5000000000000004,0.9749279121818236,-0.22252093395631434,0,1,0,0,8034.379999999999,1
6,5,94.3,131.7,607.1,22.7,19.4,55,4.0,0,0.973641231502993,-0.8660254037844385,-0.5000000000000004,0.9749279121818236,-0.22252093395631434,0,1,0,1,13781.17,1
2,2,92.1,152.6,658.2,14.3,23.7,24,3.1,0,0.0,-0.8660254037844385,-0.5000000000000004,0.9749279121818236,-0.22252093395631434,0,1,0,1,9412.26,1
3,4,92.1,152.6,658.2,14.3,21.0,32,3.1,0,0.0,-0.8660254037844385,-0.5000000000000004,0.9749279121818236,-0.22252093395631434,0,1,0,1,9412.26,1
4,4,92.1,152.6,658.2,14.3,19.1,53,2.7,0,4.306670773522981,-0.8660254037844385,-0.5000000000000004,0.9749279121818236,-0.22252093395631434,0,1,0,1,9412.26,1
2,2,92.1,152.6,658.2,14.3,21.8,56,3.1,0,1.622920805944071,-0.8660254037844385,-0.5000000000000004,0.9749279121818236,-0.22252093395631434,0,1,0,1,9412.26,1
8,6,92.1,152.6,658.2,14.3,20.1,58,4.5,0,6.053955696720362,-0.8660254037844385,-0.5000000000000004,0.9749279121818236,-0.22252093395631434,0,1,0,1,9412.26,1
2,5,92.1,152.6,658.2,14.3,20.2,47,4.0,0,3.664332082715001,-0.8660254037844385,-0.5000000000000004,0.9749279121818236,-0.22252093395631434,0,1,0,1,9412.26,1
4,6,84.4,27.2,353.5,6.8,4.8,57,8.5,0,5.96665718043126,-2.4492935982947064e-16,1.0,-2.4492935982947064e-16,1.0,1,0,0,0,2403.7999999999997,0
8,6,84.0,27.8,354.6,5.3,5.1,61,8.0,0,6.597800043933313,-2.4492935982947064e-16,1.0,0.43388373911755823,-0.900968867902419,0,0,0,0,1879.38,0
4,6,84.6,26.4,352.0,2.0,5.1,61,4.9,0,4.721188057798876,-2.4492935982947064e-16,1.0,-0.433883739117558,-0.9009688679024191,0,0,0,1,704.0,0
4,4,85.4,25.4,349.7,2.6,4.6,21,8.5,0,8.167374440794886,-2.4492935982947064e-16,1.0,0.7818314824680298,0.6234898018587336,0,0,0,0,909.22,0
3,4,85.4,25.4,349.7,2.6,4.6,21,8.5,0,6.472437610773178,-2.4492935982947064e-16,1.0,0.7818314824680298,0.6234898018587336,0,0,0,0,909.22,0
4,4,85.4,25.4,349.7,2.6,4.6,21,8.5,0,8.991692060103935,-2.4492935982947064e-16,1.0,0.7818314824680298,0.6234898018587336,0,0,0,0,909.22,0
4,4,85.4,25.4,349.7,2.6,4.6,21,8.5,0,6.201055460176266,-2.4492935982947064e-16,1.0,0.7818314824680298,0.6234898018587336,0,0,0,0,909.22,0
4,6,84.7,26.7,352.6,4.1,2.2,59,4.9,0,6.053955696720362,-2.4492935982947064e-16,1.0,-0.9749279121818236,-0.2225209339563146,0,0,0,1,1445.6599999999999,0
6,5,85.4,25.4,349.7,2.6,5.1,24,8.5,0,9.48654311667649,-2.4492935982947064e-16,1.0,0.9749279121818236,-0.22252093395631434,0,0,0,0,909.22,0
6,3,84.9,27.5,353.5,3.4,4.2,51,4.0,0,0.0,0.8660254037844386,0.5000000000000001,-2.4492935982947064e-16,1.0,1,0,0,1,1201.8999999999999,0
3,4,86.9,6.6,18.7,3.2,8.8,35,3.1,0,2.285600156161528,0.8660254037844386,0.5000000000000001,0.43388373911755823,-0.900968867902419,0,0,0,1,59.84,0
5,4,85.2,4.9,15.8,6.3,7.5,46,8.0,0,9.39323537973589,0.8660254037844386,0.5000000000000001,-0.9749279121818236,-0.2225209339563146,0,0,0,0,99.54,0
2,5,93.9,169.7,411.8,12.3,23.4,40,6.3,0,0.0,-0.4999999999999997,-0.8660254037844388,-2.4492935982947064e-16,1.0,1,0,0,0,5065.14,0
7,6,91.2,183.1,437.7,12.5,12.6,90,7.6,1,0.0,-0.4999999999999997,-0.8660254037844388,0.43388373911755823,-0.900968867902419,0,0,0,0,5471.25,0
7,4,91.6,104.2,474.9,9.0,22.1,49,2.7,0,0.0,-0.4999999999999997,-0.8660254037844388,-0.7818314824680299,0.6234898018587334,1,0,0,1,4274.099999999999,0
7,4,91.6,104.2,474.9,9.0,24.2,32,1.8,0,0.0,-0.4999999999999997,-0.8660254037844388,-0.7818314824680299,0.6234898018587334,1,0,0,0,4274.099999999999,0
7,4,91.6,104.2,474.9,9.0,24.3,30,1.8,0,0.0,-0.4999999999999997,-0.8660254037844388,-0.7818314824680299,0.6234898018587334,1,0,0,0,4274.099999999999,0
2,5,91.6,104.2,474.9,9.0,18.7,53,1.8,0,0.0,-0.4999999999999997,-0.8660254037844388,-0.7818314824680299,0.6234898018587334,1,0,0,0,4274.099999999999,0
9,4,91.6,104.2,474.9,9.0,25.3,39,0.9,0,5.659732743490096,-0.4999999999999997,-0.8660254037844388,-0.7818314824680299,0.6234898018587334,1,0,1,0,4274.099999999999,0
4,5,91.6,100.2,466.3,6.3,22.9,40,1.3,0,3.4100189662470557,-0.4999999999999997,-0.8660254037844388,-0.9749279121818236,-0.2225209339563146,0,0,0,0,2937.69,0
8,6,92.3,88.8,440.9,8.5,17.1,67,3.6,0,5.172627135929298,-0.4999999999999997,-0.8660254037844388,0.9749279121818236,-0.22252093395631434,0,0,0,1,3747.6499999999996,0
7,5,93.1,180.4,430.8,11.0,22.2,48,1.3,0,0.0,1.2246467991473532e-16,-1.0,-2.4492935982947064e-16,1.0,1,0,0,0,4738.8,0
6,4,90.4,89.5,290.8,6.4,14.3,46,1.8,0,2.085319607417149,1.2246467991473532e-16,-1.0,-2.4492935982947064e-16,1.0,1,0,0,0,1861.1200000000001,0
8,6,91.2,147.8,377.2,12.7,19.6,43,4.9,0,0.0,1.2246467991473532e-16,-1.0,0.43388373911755823,-0.900968867902419,0,0,0,1,4790.44,0
6,5,53.4,71.0,233.8,0.4,10.6,90,2.7,0,0.0,1.2246467991473532e-16,-1.0,-0.7818314824680299,0.6234898018587334,1,0,0,1,93.52000000000001,0
6,5,90.4,93.3,298.1,7.5,20.7,25,4.9,0,0.0,1.2246467991473532e-16,-1.0,0.7818314824680298,0.6234898018587336,0,0,0,1,2235.75,0
6,5,90.4,93.3,298.1,7.5,19.1,39,5.4,0,3.8891419711822675,1.2246467991473532e-16,-1.0,0.7818314824680298,0.6234898018587336,0,0,0,1,2235.75,0
3,6,91.1,94.1,232.1,7.1,19.2,38,4.5,0,0.0,1.2246467991473532e-16,-1.0,-0.9749279121818236,-0.2225209339563146,0,0,0,1,1647.9099999999999,0
3,6,91.1,94.1,232.1,7.1,19.2,38,4.5,0,0.0,1.2246467991473532e-16,-1.0,-0.9749279121818236,-0.2225209339563146,0,0,0,1,1647.9099999999999,0
6,5,85.1,28.0,113.8,3.5,11.3,94,4.9,0,0.0,0.49999999999999994,-0.8660254037844387,-0.7818314824680299,0.6234898018587334,1,0,0,1,398.3,0
1,4,89.6,84.1,714.3,5.7,19.0,52,2.2,0,0.0,-1.0,-1.8369701987210297e-16,-2.4492935982947064e-16,1.0,1,1,0,1,4071.5099999999998,0
7,4,89.6,84.1,714.3,5.7,17.1,53,5.4,0,1.4558814832217188,-1.0,-1.8369701987210297e-16,-2.4492935982947064e-16,1.0,1,1,0,1,4071.5099999999998,0
3,4,89.6,84.1,714.3,5.7,23.8,35,3.6,0,4.6401551296984636,-1.0,-1.8369701987210297e-16,-2.4492935982947064e-16,1.0,1,1,0,1,4071.5099999999998,0
2,4,92.4,105.8,758.1,9.9,16.0,45,1.8,0,0.0,-1.0,-1.8369701987210297e-16,-2.4492935982947064e-16,1.0,1,1,0,0,7505.1900000000005,1
2,4,92.4,105.8,758.1,9.9,24.9,27,2.2,0,0.0,-1.0,-1.8369701987210297e-16,-2.4492935982947064e-16,1.0,1,1,0,1,7505.1900000000005,1
7,4,92.4,105.8,758.1,9.9,25.3,27,2.7,0,0.0,-1.0,-1.8369701987210297e-16,-2.4492935982947064e-16,1.0,1,1,1,1,7505.1900000000005,1
6,3,92.4,105.8,758.1,9.9,24.8,28,1.8,0,7.3779129787063376,-1.0,-1.8369701987210297e-16,-2.4492935982947064e-16,1.0,1,1,0,0,7505.1900000000005,1
2,4,50.4,46.2,706.6,0.4,12.2,78,6.3,0,0.0,-1.0,-1.8369701987210297e-16,-2.4492935982947064e-16,1.0,1,1,0,0,282.64000000000004,0
6,5,92.6,115.4,777.1,8.8,24.3,27,4.9,0,0.0,-1.0,-1.8369701987210297e-16,0.43388373911755823,-0.900968867902419,0,1,0,1,6838.4800000000005,1
4,4,92.6,115.4,777.1,8.8,19.7,41,1.8,0,2.6969325732189744,-1.0,-1.8369701987210297e-16,0.43388373911755823,-0.900968867902419,0,1,0,0,6838.4800000000005,1
3,4,91.2,134.7,817.5,7.2,18.5,30,2.7,0,0.0,-1.0,-1.8369701987210297e-16,0.43388373911755823,-0.900968867902419,0,1,0,1,5886.0,1
4,5,92.4,96.2,739.4,8.6,18.6,24,5.8,0,0.0,-1.0,-1.8369701987210297e-16,-0.433883739117558,-0.9009688679024191,0,1,0,1,6358.839999999999,0
6,5,92.8,119.0,783.5,7.5,21.6,27,2.2,0,0.0,-1.0,-1.8369701987210297e-16,-0.433883739117558,-0.9009688679024191,0,1,0,1,5876.25,1
5,4,92.8,119.0,783.5,7.5,21.6,28,6.3,0,4.311141081531942,-1.0,-1.8369701987210297e-16,-0.433883739117558,-0.9009688679024191,0,1,0,0,5876.25,1
6,3,92.8,119.0,783.5,7.5,18.9,34,7.2,0,11.016917363027286,-1.0,-1.8369701987210297e-16,-0.433883739117558,-0.9009688679024191,0,1,0,0,5876.25,1
6,5,92.8,119.0,783.5,7.5,16.8,28,4.0,0,2.1981567961997976,-1.0,-1.8369701987210297e-16,-0.433883739117558,-0.9009688679024191,0,1,0,1,5876.25,1
3,5,90.7,136.9,822.8,6.8,12.9,39,2.7,0,3.1243409245032283,-1.0,-1.8369701987210297e-16,-0.433883739117558,-0.9009688679024191,0,1,0,1,5595.04,1
6,5,88.1,53.3,726.9,5.4,13.7,56,1.8,0,4.315605888665397,-1.0,-1.8369701987210297e-16,-0.433883739117558,-0.9009688679024191,0,1,0,0,3925.26,0
1,4,92.2,102.3,751.5,8.4,24.2,27,3.1,0,0.0,-1.0,-1.8369701987210297e-16,-0.7818314824680299,0.6234898018587334,1,1,0,1,6312.6,1
5,4,92.2,102.3,751.5,8.4,24.1,27,3.1,0,0.0,-1.0,-1.8369701987210297e-16,-0.7818314824680299,0.6234898018587334,1,1,0,1,6312.6,1
6,5,92.2,102.3,751.5,8.4,19.7,35,1.8,0,0.0,-1.0,-1.8369701987210297e-16,-0.7818314824680299,0.6234898018587334,1,1,0,0,6312.6,1
4,3,92.2,102.3,751.5,8.4,23.5,27,4.0,0,3.7917597715914795,-1.0,-1.8369701987210297e-16,-0.7818314824680299,0.6234898018587334,1,1,0,1,6312.6,1
3,3,92.2,102.3,751.5,8.4,24.2,27,3.1,0,5.1762236572477365,-1.0,-1.8369701987210297e-16,-0.7818314824680299,0.6234898018587334,1,1,0,1,6312.6,1
7,4,91.2,124.4,795.3,8.5,21.5,28,4.5,0,7.688648274635586,-1.0,-1.8369701987210297e-16,-0.7818314824680299,0.6234898018587334,1,1,0,1,6760.049999999999,1
4,4,91.2,124.4,795.3,8.5,17.1,41,2.2,0,6.605877799791831,-1.0,-1.8369701987210297e-16,-0.7818314824680299,0.6234898018587334,1,1,0,1,6760.049999999999,1
1,4,92.1,87.7,721.1,9.5,18.1,54,3.1,0,3.0913863053895585,-1.0,-1.8369701987210297e-16,0.7818314824680298,0.6234898018587336,0,1,0,1,6850.45,0
2,3,91.6,108.4,764.0,6.2,18.0,51,5.4,0,0.0,-1.0,-1.8369701987210297e-16,0.7818314824680298,0.6234898018587336,0,1,0,1,4736.8,1
4,3,91.6,108.4,764.0,6.2,9.8,86,1.8,0,0.0,-1.0,-1.8369701987210297e-16,0.7818314824680298,0.6234898018587336,0,1,0,0,4736.8,1
7,4,91.6,108.4,764.0,6.2,19.3,44,2.2,0,0.0,-1.0,-1.8369701987210297e-16,0.7818314824680298,0.6234898018587336,0,1,0,1,4736.8,1
8,6,91.6,108.4,764.0,6.2,22.7,35,2.2,0,5.488539955769432,-1.0,-1.8369701987210297e-16,0.7818314824680298,0.6234898018587336,0,1,0,1,4736.8,1
2,4,91.6,108.4,764.0,6.2,20.4,41,1.8,0,2.6094430434511064,-1.0,-1.8369701987210297e-16,0.7818314824680298,0.6234898018587336,0,1,0,0,4736.8,1
2,5,91.6,108.4,764.0,6.2,19.3,44,2.2,0,4.089980104901537,-1.0,-1.8369701987210297e-16,0.7818314824680298,0.6234898018587336,0,1,0,1,4736.8,1
6,3,91.5,130.1,807.1,7.5,20.6,37,1.8,0,0.0,-1.0,-1.8369701987210297e-16,0.7818314824680298,0.6234898018587336,0,1,0,0,6053.25,1
8,6,91.5,130.1,807.1,7.5,15.9,51,4.5,0,3.1243409245032283,-1.0,-1.8369701987210297e-16,0.7818314824680298,0.6234898018587336,0,1,0,1,6053.25,1
6,3,91.5,130.1,807.1,7.5,12.2,66,4.9,0,5.0001097216176476,-1.0,-1.8369701987210297e-16,0.7818314824680298,0.6234898018587336,0,1,0,1,6053.25,1
2,2,91.5,130.1,807.1,7.5,16.8,43,3.1,0,4.89772424411084,-1.0,-1.8369701987210297e-16,0.7818314824680298,0.6234898018587336,0,1,0,1,6053.25,1
1,4,91.5,130.1,807.1,7.5,21.3,35,2.2,0,10.064153442674765,-1.0,-1.8369701987210297e-16,0.7818314824680298,0.6234898018587336,0,1,0,1,6053.25,1
5,4,92.1,99.0,745.3,9.6,10.1,75,3.6,0,0.0,-1.0,-1.8369701987210297e-16,-0.9749279121818236,-0.2225209339563146,0,1,0,1,7154.879999999999,0
5,4,92.1,99.0,745.3,9.6,12.8,64,3.6,0,2.7432629528842014,-1.0,-1.8369701987210297e-16,-0.9749279121818236,-0.2225209339563146,0,1,0,1,7154.879999999999,0
4,4,92.1,99.0,745.3,9.6,15.4,53,6.3,0,5.431178059037605,-1.0,-1.8369701987210297e-16,-0.9749279121818236,-0.2225209339563146,0,1,0,0,7154.879999999999,0
7,4,92.1,99.0,745.3,9.6,20.6,43,3.6,0,3.0241928986334283,-1.0,-1.8369701987210297e-16,-0.9749279121818236,-0.2225209339563146,0,1,0,1,7154.879999999999,0
7,4,92.1,99.0,745.3,9.6,19.8,47,2.7,0,2.803627428737288,-1.0,-1.8369701987210297e-16,-0.9749279121818236,-0.2225209339563146,0,1,0,1,7154.879999999999,0
7,4,92.1,99.0,745.3,9.6,18.7,50,2.2,0,4.951127032073103,-1.0,-1.8369701987210297e-16,-0.9749279121818236,-0.2225209339563146,0,1,0,1,7154.879999999999,0
4,4,92.1,99.0,745.3,9.6,20.8,35,4.9,0,7.080596267172231,-1.0,-1.8369701987210297e-16,-0.9749279121818236,-0.2225209339563146,0,1,0,1,7154.879999999999,0
4,4,92.1,99.0,745.3,9.6,20.8,35,4.9,0,2.4319415851906783,-1.0,-1.8369701987210297e-16,-0.9749279121818236,-0.2225209339563146,0,1,0,1,7154.879999999999,0
6,3,92.5,122.0,789.7,10.2,15.9,55,3.6,0,0.0,-1.0,-1.8369701987210297e-16,-0.9749279121818236,-0.2225209339563146,0,1,0,1,8054.94,1
6,3,92.5,122.0,789.7,10.2,19.7,39,2.7,0,0.0,-1.0,-1.8369701987210297e-16,-0.9749279121818236,-0.2225209339563146,0,1,0,1,8054.94,1
1,4,92.5,122.0,789.7,10.2,21.1,39,2.2,0,5.698373416246778,-1.0,-1.8369701987210297e-16,-0.9749279121818236,-0.2225209339563146,0,1,0,1,8054.94,1
6,5,92.5,122.0,789.7,10.2,18.4,42,2.2,0,2.276080979258248,-1.0,-1.8369701987210297e-16,-0.9749279121818236,-0.2225209339563146,0,1,0,1,8054.94,1
4,3,92.5,122.0,789.7,10.2,17.3,45,4.0,0,4.094732856383004,-1.0,-1.8369701987210297e-16,-0.9749279121818236,-0.2225209339563146,0,1,0,1,8054.94,1
4,3,91.9,111.7,770.3,6.5,15.9,53,2.2,0,3.5763688408692884,-1.0,-1.8369701987210297e-16,0.9749279121818236,-0.22252093395631434,0,1,0,1,5006.95,1
6,5,91.9,111.7,770.3,6.5,21.1,35,2.7,0,4.828029783975651,-1.0,-1.8369701987210297e-16,0.9749279121818236,-0.22252093395631434,0,1,0,1,5006.95,1
6,5,91.9,111.7,770.3,6.5,19.6,45,3.1,0,8.608985845221559,-1.0,-1.8369701987210297e-16,0.9749279121818236,-0.22252093395631434,0,1,0,1,5006.95,1
4,5,91.1,132.3,812.1,12.5,15.9,38,5.4,0,2.8258700604329556,-1.0,-1.8369701987210297e-16,0.9749279121818236,-0.22252093395631434,0,1,0,1,10151.25,1
4,5,91.1,132.3,812.1,12.5,16.4,27,3.6,0,0.0,-1.0,-1.8369701987210297e-16,0.9749279121818236,-0.22252093395631434,0,1,0,1,10151.25,1
6,5,91.2,94.3,744.4,8.4,16.8,47,4.9,0,6.975610339376021,-1.0,-1.8369701987210297e-16,-0.7818314824680299,0.6234898018587334,1,1,0,1,6252.96,0
4,5,91.0,276.3,825.1,7.1,13.8,77,7.6,0,0.0,-1.0,-1.8369701987210297e-16,-2.4492935982947064e-16,1.0,1,1,0,0,5858.21,1
7,4,91.0,276.3,825.1,7.1,13.8,77,7.6,0,6.562659821036685,-1.0,-1.8369701987210297e-16,-2.4492935982947064e-16,1.0,1,1,0,0,5858.21,1
3,4,91.9,133.6,520.5,8.0,14.2,58,4.0,0,0.0,-0.4999999999999997,-0.8660254037844388,0.43388373911755823,-0.900968867902419,0,0,0,1,4164.0,1
4,5,92.0,203.2,664.5,8.1,10.4,75,0.9,0,0.0,-0.8660254037844385,-0.5000000000000004,-2.4492935982947064e-16,1.0,1,1,0,0,5382.45,1
5,4,94.8,222.4,698.6,13.9,20.3,42,2.7,0,0.0,-0.8660254037844385,-0.5000000000000004,-0.433883739117558,-0.9009688679024191,0,1,0,1,9710.54,1
6,5,90.3,290.0,855.3,7.4,10.3,78,4.0,0,8.260835003520162,-1.0,-1.8369701987210297e-16,-0.9749279121818236,-0.2225209339563146,0,1,0,1,6329.22,1
6,5,91.2,94.3,744.4,8.4,15.4,57,4.9,0,11.721239624926252,-1.0,-1.8369701987210297e-16,-0.7818314824680299,0.6234898018587334,1,1,0,1,6252.96,0
8,6,92.1,207.0,672.6,8.2,21.1,54,2.2,0,0.0,-0.8660254037844385,-0.5000000000000004,0.7818314824680298,0.6234898018587336,0,1,0,1,5515.32,1
2,2,93.7,231.1,715.1,8.4,21.9,42,2.2,0,23.15965663264222,-0.8660254037844385,-0.5000000000000004,-0.7818314824680299,0.6234898018587334,1,1,0,1,6006.84,1
6,5,90.9,18.9,30.6,8.0,8.7,51,5.8,0,0.0,1.0,6.123233995736766e-17,-0.433883739117558,-0.9009688679024191,0,0,0,1,244.8,0
4,5,18.7,1.1,171.4,0.0,5.2,100,0.9,0,0.0,0.49999999999999994,0.8660254037844387,-2.4492935982947064e-16,1.0,1,0,0,0,0.0,0
5,4,93.7,101.3,458.8,11.9,19.3,39,7.2,0,5.571624361674169,-0.4999999999999997,-0.8660254037844388,0.43388373911755823,-0.900968867902419,0,0,0,0,5459.72,0
8,6,90.7,194.1,643.0,6.8,16.2,63,2.7,0,7.84184919750591,-0.8660254037844385,-0.5000000000000004,-0.433883739117558,-0.9009688679024191,0,1,0,1,4372.4,1
8,6,95.2,217.7,690.0,18.0,28.2,29,1.8,0,4.909225828286444,-0.8660254037844385,-0.5000000000000004,0.43388373911755823,-0.900968867902419,0,1,1,0,12420.0,1
9,6,91.6,248.4,753.8,6.3,20.5,58,2.7,0,12.189276872049332,-0.8660254037844385,-0.5000000000000004,-0.433883739117558,-0.9009688679024191,0,1,0,1,4748.94,1
8,4,91.6,273.8,819.1,7.7,21.3,44,4.5,0,6.85842842516602,-0.8660254037844385,-0.5000000000000004,-0.7818314824680299,0.6234898018587334,1,1,0,1,6307.070000000001,1
2,4,91.6,181.3,613.0,7.6,20.9,50,2.2,0,7.769027022052498,-0.8660254037844385,-0.5000000000000004,-2.4492935982947064e-16,1.0,1,1,0,1,4658.8,1
3,4,90.5,96.7,750.5,11.4,20.6,55,5.4,0,9.454976365117883,-1.0,-1.8369701987210297e-16,-2.4492935982947064e-16,1.0,1,1,0,1,8555.7,0
5,5,90.9,18.9,30.6,8.0,11.6,48,5.4,0,0.0,1.0,6.123233995736766e-17,-0.433883739117558,-0.9009688679024191,0,0,0,1,244.8,0
6,4,94.8,227.0,706.7,12.0,23.3,34,3.1,0,10.153417654542706,-0.8660254037844385,-0.5000000000000004,-0.9749279121818236,-0.2225209339563146,0,1,0,1,8480.400000000001,1
7,4,94.8,227.0,706.7,12.0,23.3,34,3.1,0,0.0,-0.8660254037844385,-0.5000000000000004,-0.9749279121818236,-0.2225209339563146,0,1,0,1,8480.400000000001,1
7,4,84.7,9.5,58.3,4.1,7.5,71,6.3,0,6.255878675844126,0.8660254037844386,0.5000000000000001,0.7818314824680298,0.6234898018587336,0,0,0,0,239.02999999999997,0
8,6,91.1,91.3,738.1,7.2,20.7,46,2.7,0,10.382823957134125,-1.0,-1.8369701987210297e-16,-0.9749279121818236,-0.2225209339563146,0,1,0,1,5314.320000000001,0
1,3,91.0,276.3,825.1,7.1,21.9,43,4.0,0,15.326282825639955,-1.0,-1.8369701987210297e-16,-2.4492935982947064e-16,1.0,1,1,0,1,5858.21,1
6,5,84.1,4.6,46.7,2.2,5.3,68,1.8,0,0.0,0.8660254037844386,0.5000000000000001,0.7818314824680298,0.6234898018587336,0,0,0,0,102.74000000000001,0
4,5,85.0,9.0,56.9,3.5,10.1,62,1.8,0,13.287884820682965,0.8660254037844386,0.5000000000000001,-2.4492935982947064e-16,1.0,1,0,0,0,199.15,0
4,3,90.5,96.7,750.5,11.4,20.4,55,4.9,0,3.9491818489111554,-1.0,-1.8369701987210297e-16,-2.4492935982947064e-16,1.0,1,1,0,1,8555.7,0
5,6,91.6,181.3,613.0,7.6,24.3,33,3.6,0,3.944219969363894,-0.8660254037844385,-0.5000000000000004,-2.4492935982947064e-16,1.0,1,1,0,1,4658.8,1
1,2,93.7,231.1,715.1,8.4,25.9,32,3.1,0,0.0,-0.8660254037844385,-0.5000000000000004,-0.7818314824680299,0.6234898018587334,1,1,1,1,6006.84,1
9,5,93.3,49.5,297.7,14.0,28.0,34,4.5,0,0.0,1.2246467991473532e-16,-1.0,0.43388373911755823,-0.900968867902419,0,0,1,1,4167.8,0
9,5,93.3,49.5,297.7,14.0,28.0,34,4.5,0,5.711184660330553,1.2246467991473532e-16,-1.0,0.43388373911755823,-0.900968867902419,0,0,1,1,4167.8,0
3,4,91.1,88.2,731.7,8.3,22.8,46,4.0,0,4.54483766893323,-1.0,-1.8369701987210297e-16,-0.433883739117558,-0.9009688679024191,0,1,0,1,6073.110000000001,0
9,9,94.8,227.0,706.7,12.0,25.0,36,4.0,0,0.0,-0.8660254037844385,-0.5000000000000004,-0.9749279121818236,-0.2225209339563146,0,1,0,1,8480.400000000001,1
8,6,90.7,194.1,643.0,6.8,21.3,41,3.6,0,0.0,-0.8660254037844385,-0.5000000000000004,-0.433883739117558,-0.9009688679024191,0,1,0,1,4372.4,1
2,4,87.9,84.8,725.1,3.7,21.8,34,2.2,0,4.977573491296081,-1.0,-1.8369701987210297e-16,0.43388373911755823,-0.900968867902419,0,1,0,1,2682.8700000000003,0
2,2,94.6,212.1,680.9,9.5,27.9,27,2.2,0,0.0,-0.8660254037844385,-0.5000000000000004,0.9749279121818236,-0.22252093395631434,0,1,1,1,6468.55,1
6,5,87.1,291.3,860.6,4.0,17.0,67,4.9,0,4.099479062255247,-1.0,-1.8369701987210297e-16,-0.7818314824680299,0.6234898018587334,1,1,0,1,3442.4,1
4,5,84.7,8.2,55.0,2.9,14.2,46,4.0,0,0.0,0.8660254037844386,0.5000000000000001,-0.7818314824680299,0.6234898018587334,1,0,0,1,159.5,0
4,3,90.3,290.0,855.3,7.4,19.9,44,3.1,0,5.594625665748173,-1.0,-1.8369701987210297e-16,-0.9749279121818236,-0.2225209339563146,0,1,0,1,6329.22,1
1,4,92.3,96.2,450.2,12.1,23.4,31,5.4,0,0.0,-0.4999999999999997,-0.8660254037844388,0.9749279121818236,-0.22252093395631434,0,0,0,1,5447.42,0
6,3,84.1,7.3,52.8,2.7,14.7,42,2.7,0,0.0,0.8660254037844386,0.5000000000000001,-0.9749279121818236,-0.2225209339563146,0,0,0,1,142.56,0
7,4,84.6,3.2,43.6,3.3,8.2,53,9.4,0,4.403775619517324,0.8660254037844386,0.5000000000000001,-0.9749279121818236,-0.2225209339563146,0,0,0,0,143.88,0
9,4,92.3,92.1,442.1,9.8,22.8,27,4.5,0,2.7356059215361235,-0.4999999999999997,-0.8660254037844388,0.7818314824680298,0.6234898018587336,0,0,0,1,4332.580000000001,0
7,5,93.7,231.1,715.1,8.4,26.4,33,3.6,0,0.0,-0.8660254037844385,-0.5000000000000004,-0.7818314824680299,0.6234898018587334,1,1,1,1,6006.84,1
5,4,93.6,235.1,723.1,10.1,24.1,50,4.0,0,0.0,-0.8660254037844385,-0.5000000000000004,-2.4492935982947064e-16,1.0,1,1,0,1,7303.31,1
8,6,94.8,222.4,698.6,13.9,27.5,27,4.9,0,44.97797760153167,-0.8660254037844385,-0.5000000000000004,-0.433883739117558,-0.9009688679024191,0,1,1,1,9710.54,1
6,3,92.7,164.1,575.8,8.9,26.3,39,3.1,0,5.331628246803357,-0.4999999999999997,-0.8660254037844388,0.9749279121818236,-0.22252093395631434,0,0,1,1,5124.62,1
6,5,93.4,17.3,28.3,9.9,13.8,24,5.8,0,0.0,1.0,6.123233995736766e-17,0.43388373911755823,-0.900968867902419,0,0,0,1,280.17,0
2,4,92.0,203.2,664.5,8.1,24.9,42,5.4,0,3.2894322847159536,-0.8660254037844385,-0.5000000000000004,-2.4492935982947064e-16,1.0,1,1,0,1,5382.45,1
2,5,91.6,181.3,613.0,7.6,24.8,36,4.0,0,3.642577716894871,-0.8660254037844385,-0.5000000000000004,-2.4492935982947064e-16,1.0,1,1,0,1,4658.8,1
8,8,91.7,191.4,635.9,7.8,26.2,36,4.5,0,23.822918030193883,-0.8660254037844385,-0.5000000000000004,0.43388373911755823,-0.900968867902419,0,1,1,1,4960.0199999999995,1
2,4,95.2,217.7,690.0,18.0,30.8,19,4.5,0,0.0,-0.8660254037844385,-0.5000000000000004,0.43388373911755823,-0.900968867902419,0,1,1,1,12420.0,1
8,6,88.9,263.1,795.9,5.2,29.3,27,3.6,0,5.074373507707772,-0.4999999999999997,-0.8660254037844388,-2.4492935982947064e-16,1.0,1,0,1,1,4138.68,1
1,3,91.2,94.3,744.4,8.4,22.3,48,4.0,0,1.883149289793764,-1.0,-1.8369701987210297e-16,-0.7818314824680299,0.6234898018587334,1,1,0,1,6252.96,0
8,6,93.7,231.1,715.1,8.4,26.9,31,3.6,0,4.549031310951177,-0.8660254037844385,-0.5000000000000004,-0.7818314824680299,0.6234898018587334,1,1,1,1,6006.84,1
2,2,91.6,248.4,753.8,6.3,20.4,56,2.2,0,0.0,-0.8660254037844385,-0.5000000000000004,-0.433883739117558,-0.9009688679024191,0,1,0,1,4748.94,1
8,6,91.6,248.4,753.8,6.3,20.4,56,2.2,0,0.0,-0.8660254037844385,-0.5000000000000004,-0.433883739117558,-0.9009688679024191,0,1,0,1,4748.94,1
2,4,92.1,207.0,672.6,8.2,27.9,33,2.2,0,3.2334177121930026,-0.8660254037844385,-0.5000000000000004,0.7818314824680298,0.6234898018587336,0,1,1,1,5515.32,1
1,3,94.8,222.4,698.6,13.9,26.2,34,5.8,0,0.0,-0.8660254037844385,-0.5000000000000004,-0.433883739117558,-0.9009688679024191,0,1,1,1,9710.54,1
3,4,91.6,181.3,613.0,7.6,24.6,44,4.0,0,3.723379814808784,-0.8660254037844385,-0.5000000000000004,-2.4492935982947064e-16,1.0,1,1,0,1,4658.8,1
7,4,89.7,287.2,849.3,6.8,19.4,45,3.6,0,0.0,-1.0,-1.8369701987210297e-16,-0.433883739117558,-0.9009688679024191,0,1,0,1,5775.24,1
1,3,92.1,178.0,605.3,9.6,23.3,40,4.0,0,5.096402285291107,-0.8660254037844385,-0.5000000000000004,-0.7818314824680299,0.6234898018587334,1,1,0,1,5810.879999999999,1
8,6,94.8,222.4,698.6,13.9,23.9,38,6.7,0,0.0,-0.8660254037844385,-0.5000000000000004,-0.433883739117558,-0.9009688679024191,0,1,0,0,9710.54,1
2,4,93.6,235.1,723.1,10.1,20.9,66,4.9,0,7.620895197857476,-0.8660254037844385,-0.5000000000000004,-2.4492935982947064e-16,1.0,1,1,0,1,7303.31,1
2,5,90.8,84.7,376.6,5.6,23.8,51,1.8,0,0.0,-0.4999999999999997,-0.8660254037844388,-0.7818314824680299,0.6234898018587334,1,0,0,0,2108.96,0
8,6,92.1,207.0,672.6,8.2,26.8,35,1.3,0,1.6511546356635838,-0.8660254037844385,-0.5000000000000004,0.7818314824680298,0.6234898018587336,0,1,1,0,5515.32,1
8,6,89.4,253.6,768.4,9.7,14.2,73,2.7,0,0.0,-0.8660254037844385,-0.5000000000000004,-0.7818314824680299,0.6234898018587334,1,1,0,1,7453.48,1
2,5,93.7,231.1,715.1,8.4,23.6,53,4.0,0,5.121960377849876,-0.8660254037844385,-0.5000000000000004,-0.7818314824680299,0.6234898018587334,1,1,0,1,6006.84,1
1,3,91.1,91.3,738.1,7.2,19.1,46,2.2,0,1.3183923381518508,-1.0,-1.8369701987210297e-16,-0.9749279121818236,-0.2225209339563146,0,1,0,1,5314.320000000001,0
5,4,90.3,290.0,855.3,7.4,16.2,58,3.6,0,0.0,-1.0,-1.8369701987210297e-16,-0.9749279121818236,-0.2225209339563146,0,1,0,1,6329.22,1
8,6,92.1,207.0,672.6,8.2,25.5,29,1.8,0,2.40530656068961,-0.8660254037844385,-0.5000000000000004,0.7818314824680298,0.6234898018587336,0,1,1,0,5515.32,1
6,5,87.9,24.9,41.6,3.7,10.9,64,3.1,0,3.8021502658764597,0.8660254037844387,-0.4999999999999998,0.7818314824680298,0.6234898018587336,0,0,0,1,153.92000000000002,0
1,2,90.7,80.9,368.3,16.8,14.8,78,8.0,0,0.0,-0.4999999999999997,-0.8660254037844388,-0.9749279121818236,-0.2225209339563146,0,0,0,0,6187.4400000000005,0
2,5,90.3,290.0,855.3,7.4,16.2,58,3.6,0,6.255878675844126,-1.0,-1.8369701987210297e-16,-0.9749279121818236,-0.2225209339563146,0,1,0,1,6329.22,1
5,5,94.0,47.9,100.7,10.7,17.3,80,4.5,0,0.0,-0.8660254037844385,-0.5000000000000004,-2.4492935982947064e-16,1.0,1,1,0,1,1077.49,0
6,5,92.0,203.2,664.5,8.1,19.1,70,2.2,0,0.0,-0.8660254037844385,-0.5000000000000004,-2.4492935982947064e-16,1.0,1,1,0,1,5382.45,1
3,4,93.4,17.3,28.3,9.9,8.9,35,8.0,0,0.0,1.0,6.123233995736766e-17,0.43388373911755823,-0.900968867902419,0,0,0,0,280.17,0
7,4,89.7,284.9,844.0,10.1,10.5,77,4.0,0,0.0,-1.0,-1.8369701987210297e-16,0.43388373911755823,-0.900968867902419,0,1,0,1,8524.4,1
7,4,91.6,181.3,613.0,7.6,19.3,61,4.9,0,0.0,-0.8660254037844385,-0.5000000000000004,-2.4492935982947064e-16,1.0,1,1,0,1,4658.8,1
4,5,95.2,217.7,690.0,18.0,23.4,49,5.4,0,5.121960377849876,-0.8660254037844385,-0.5000000000000004,0.43388373911755823,-0.900968867902419,0,1,0,1,12420.0,1
1,4,90.5,196.8,649.9,16.3,11.8,88,4.9,0,6.183622773996289,-0.8660254037844385,-0.5000000000000004,-0.9749279121818236,-0.2225209339563146,0,1,0,1,10593.37,1
7,4,91.5,238.2,730.6,7.5,17.7,65,4.0,0,0.0,-0.8660254037844385,-0.5000000000000004,0.7818314824680298,0.6234898018587336,0,1,0,1,5479.5,1
4,5,89.4,266.2,803.3,5.6,17.4,54,3.1,0,0.0,-0.8660254037844385,-0.5000000000000004,-0.433883739117558,-0.9009688679024191,0,1,0,1,4498.48,1
3,4,91.6,248.4,753.8,6.3,16.8,56,3.1,0,0.0,-0.8660254037844385,-0.5000000000000004,-0.433883739117558,-0.9009688679024191,0,1,0,1,4748.94,1
3,4,94.6,160.0,567.2,16.7,17.9,48,2.7,0,0.0,-0.4999999999999997,-0.8660254037844388,0.7818314824680298,0.6234898018587336,0,0,0,1,9472.24,1
2,4,91.6,248.4,753.8,6.3,16.6,59,2.7,0,0.0,-0.8660254037844385,-0.5000000000000004,-0.433883739117558,-0.9009688679024191,0,1,0,1,4748.94,1
1,4,91.7,191.4,635.9,7.8,19.9,50,4.0,0,16.462802839264914,-0.8660254037844385,-0.5000000000000004,0.43388373911755823,-0.900968867902419,0,1,0,1,4960.0199999999995,1
8,6,93.7,231.1,715.1,8.4,18.9,64,4.9,0,3.7865518160112708,-0.8660254037844385,-0.5000000000000004,-0.7818314824680299,0.6234898018587334,1,1,0,1,6006.84,1
7,4,91.6,273.8,819.1,7.7,15.5,72,8.0,0,2.962164620501919,-0.8660254037844385,-0.5000000000000004,-0.7818314824680299,0.6234898018587334,1,1,0,0,6307.070000000001,1
2,5,93.7,231.1,715.1,8.4,18.9,64,4.9,0,0.0,-0.8660254037844385,-0.5000000000000004,-0.7818314824680299,0.6234898018587334,1,1,0,1,6006.84,1
8,6,93.7,231.1,715.1,8.4,18.9,64,4.9,0,0.0,-0.8660254037844385,-0.5000000000000004,-0.7818314824680299,0.6234898018587334,1,1,0,1,6006.84,1
1,4,91.0,276.3,825.1,7.1,14.5,76,7.6,0,3.983709640648199,-1.0,-1.8369701987210297e-16,-2.4492935982947064e-16,1.0,1,1,0,0,5858.21,1
6,5,75.1,4.4,16.2,1.9,4.6,82,6.3,0,4.725196413123581,0.8660254037844386,0.5000000000000001,0.9749279121818236,-0.22252093395631434,0,0,0,0,30.779999999999998,0
6,4,75.1,4.4,16.2,1.9,5.1,77,5.4,0,3.098010564079308,0.8660254037844386,0.5000000000000001,0.9749279121818236,-0.22252093395631434,0,0,0,1,30.779999999999998,0
2,2,79.5,3.6,15.3,1.8,4.6,59,0.9,0,5.268711742042563,0.8660254037844386,0.5000000000000001,-0.7818314824680299,0.6234898018587334,1,0,0,0,27.540000000000003,0
6,5,87.2,15.1,36.9,7.1,10.2,45,5.8,0,3.7127268068684702,1.0,6.123233995736766e-17,0.7818314824680298,0.6234898018587336,0,0,0,1,261.98999999999995,0
3,4,90.2,18.5,41.1,7.3,11.2,41,5.4,0,4.788788904158283,1.0,6.123233995736766e-17,0.43388373911755823,-0.900968867902419,0,0,0,1,300.03000000000003,0
6,5,91.3,20.6,43.5,8.5,13.3,27,3.6,0,5.186995448587577,1.0,6.123233995736766e-17,-0.433883739117558,-0.9009688679024191,0,0,0,1,369.75,0
5,4,91.0,14.6,25.6,12.3,17.6,27,5.8,0,0.0,0.8660254037844387,-0.4999999999999998,-2.4492935982947064e-16,1.0,1,0,0,1,314.88000000000005,0
4,3,89.6,25.4,73.7,5.7,18.0,40,4.0,0,11.602089835022696,0.49999999999999994,-0.8660254037844387,-0.9749279121818236,-0.2225209339563146,0,0,0,1,420.09000000000003,0
8,3,88.2,96.2,229.0,4.7,14.3,79,4.0,0,2.962164620501919,1.2246467991473532e-16,-1.0,0.7818314824680298,0.6234898018587336,0,0,0,1,1076.3,0
9,4,90.5,61.1,252.6,9.4,24.5,50,3.1,0,15.282656080364978,1.2246467991473532e-16,-1.0,-0.7818314824680299,0.6234898018587334,1,0,0,1,2374.44,0
4,3,93.0,103.8,316.7,10.8,26.4,35,2.7,0,6.290211714921214,1.2246467991473532e-16,-1.0,-0.433883739117558,-0.9009688679024191,0,0,1,1,3420.36,0
2,5,93.7,121.7,350.2,18.0,22.7,40,9.4,0,3.7180578442194743,1.2246467991473532e-16,-1.0,-0.433883739117558,-0.9009688679024191,0,0,0,0,6303.599999999999,0
4,3,93.5,85.3,395.0,9.9,27.2,28,1.3,0,2.8332382029180634,-0.4999999999999997,-0.8660254037844388,-0.433883739117558,-0.9009688679024191,0,0,1,0,3910.5,0
4,3,93.7,101.3,423.4,14.7,26.1,45,4.0,0,5.448123717330471,-0.4999999999999997,-0.8660254037844388,-2.4492935982947064e-16,1.0,1,0,0,1,6223.98,0
7,4,93.7,101.3,423.4,14.7,18.2,82,4.5,0,3.143916977859261,-0.4999999999999997,-0.8660254037844388,-2.4492935982947064e-16,1.0,1,0,0,1,6223.98,0
7,4,89.2,103.9,431.6,6.4,22.6,57,4.9,0,28.667531237398915,-0.4999999999999997,-0.8660254037844388,0.7818314824680298,0.6234898018587336,0,0,0,1,2762.2400000000002,0
9,9,93.2,114.4,560.0,9.5,30.2,25,4.5,0,3.474232199171388,-0.4999999999999997,-0.8660254037844388,-0.433883739117558,-0.9009688679024191,0,0,1,1,5320.0,1
3,4,94.9,130.3,587.1,14.1,23.4,40,5.8,0,2.458234432459746,-0.8660254037844385,-0.5000000000000004,-2.4492935982947064e-16,1.0,1,1,0,1,8278.11,1
8,6,94.9,130.3,587.1,14.1,31.0,27,5.4,0,0.0,-0.8660254037844385,-0.5000000000000004,-2.4492935982947064e-16,1.0,1,1,1,1,8278.11,1
2,5,94.9,130.3,587.1,14.1,33.1,25,4.0,0,9.771971765508429,-0.8660254037844385,-0.5000000000000004,-2.4492935982947064e-16,1.0,1,1,1,1,8278.11,1
2,4,95.0,135.5,596.3,21.3,30.6,28,3.6,0,3.051281302594452,-0.8660254037844385,-0.5000000000000004,0.7818314824680298,0.6234898018587336,0,1,1,1,12701.189999999999,1
5,4,95.1,141.3,605.8,17.7,24.1,43,6.3,0,3.0036858451967405,-0.8660254037844385,-0.5000000000000004,0.9749279121818236,-0.22252093395631434,0,1,0,0,10722.659999999998,1
5,4,95.1,141.3,605.8,17.7,26.4,34,3.6,0,7.857193315311805,-0.8660254037844385,-0.5000000000000004,0.9749279121818236,-0.22252093395631434,0,1,1,1,10722.659999999998,1
4,4,95.1,141.3,605.8,17.7,19.4,71,7.6,0,12.675398278422696,-0.8660254037844385,-0.5000000000000004,0.9749279121818236,-0.22252093395631434,0,1,0,0,10722.659999999998,1
4,4,95.1,141.3,605.8,17.7,20.6,58,1.3,0,0.0,-0.8660254037844385,-0.5000000000000004,0.43388373911755823,-0.900968867902419,0,1,0,0,10722.659999999998,1
4,4,95.8,152.0,624.1,13.8,32.4,21,4.5,0,0.0,-0.8660254037844385,-0.5000000000000004,-0.433883739117558,-0.9009688679024191,0,1,1,1,8612.58,1
1,3,95.9,158.0,633.6,11.3,32.4,27,2.2,0,0.0,-0.8660254037844385,-0.5000000000000004,-0.9749279121818236,-0.2225209339563146,0,1,1,1,7159.68,1
1,3,95.9,158.0,633.6,11.3,27.5,29,4.5,0,12.247583827958,-0.8660254037844385,-0.5000000000000004,-0.9749279121818236,-0.2225209339563146,0,1,1,1,7159.68,1
6,6,96.0,164.0,643.0,14.0,30.8,30,4.9,0,5.846805890099566,-0.8660254037844385,-0.5000000000000004,-0.7818314824680299,0.6234898018587334,1,1,1,1,9002.0,1
4,5,96.2,175.5,661.8,16.8,32.6,26,3.1,0,3.485756568295525,-0.8660254037844385,-0.5000000000000004,0.7818314824680298,0.6234898018587336,0,1,1,1,11118.24,1
3,4,96.1,181.1,671.2,14.3,32.3,27,2.2,0,7.469260518103537,-0.8660254037844385,-0.5000000000000004,0.9749279121818236,-0.22252093395631434,0,1,1,1,9598.160000000002,1
7,5,96.1,181.1,671.2,14.3,27.3,63,4.9,1,6.4971913598798015,-0.8660254037844385,-0.5000000000000004,0.9749279121818236,-0.22252093395631434,0,1,0,1,9598.160000000002,1
8,6,96.1,181.1,671.2,14.3,21.6,65,4.9,1,0.0,-0.8660254037844385,-0.5000000000000004,0.9749279121818236,-0.22252093395631434,0,1,0,1,9598.160000000002,1
7,5,96.1,181.1,671.2,14.3,21.6,65,4.9,1,0.0,-0.8660254037844385,-0.5000000000000004,0.9749279121818236,-0.22252093395631434,0,1,0,1,9598.160000000002,1
4,4,96.1,181.1,671.2,14.3,20.7,69,4.9,1,0.0,-0.8660254037844385,-0.5000000000000004,0.9749279121818236,-0.22252093395631434,0,1,0,1,9598.160000000002,1
2,4,94.5,139.4,689.1,20.0,29.2,30,4.9,0,2.969132763505653,-0.8660254037844385,-0.5000000000000004,0.43388373911755823,-0.900968867902419,0,1,1,1,13782.0,1
4,3,94.5,139.4,689.1,20.0,28.9,29,4.9,0,13.02803472361274,-0.8660254037844385,-0.5000000000000004,0.43388373911755823,-0.900968867902419,0,1,1,1,13782.0,1
1,2,91.0,163.2,744.4,10.1,26.7,35,1.8,0,4.886190477454398,-0.8660254037844385,-0.5000000000000004,-0.433883739117558,-0.9009688679024191,0,1,1,0,7518.44,1
1,2,91.0,166.9,752.6,7.1,18.5,73,8.5,0,0.0,-0.8660254037844385,-0.5000000000000004,-0.9749279121818236,-0.2225209339563146,0,1,0,0,5343.46,1
2,4,91.0,166.9,752.6,7.1,25.9,41,3.6,0,0.0,-0.8660254037844385,-0.5000000000000004,-0.9749279121818236,-0.2225209339563146,0,1,0,1,5343.46,1
1,2,91.0,166.9,752.6,7.1,25.9,41,3.6,0,0.0,-0.8660254037844385,-0.5000000000000004,-0.9749279121818236,-0.2225209339563146,0,1,0,1,5343.46,1
5,4,91.0,166.9,752.6,7.1,21.1,71,7.6,1,3.117783097712851,-0.8660254037844385,-0.5000000000000004,-0.9749279121818236,-0.2225209339563146,0,1,0,0,5343.46,1
6,5,91.0,166.9,752.6,7.1,18.2,62,5.4,0,1.4879176110549965,-0.8660254037844385,-0.5000000000000004,-0.9749279121818236,-0.2225209339563146,0,1,0,1,5343.46,1
8,6,81.6,56.7,665.6,1.9,27.8,35,2.7,0,0.0,-0.8660254037844385,-0.5000000000000004,-2.4492935982947064e-16,1.0,1,1,1,1,1264.6399999999999,0
4,3,81.6,56.7,665.6,1.9,27.8,32,2.7,0,5.12559917774306,-0.8660254037844385,-0.5000000000000004,-2.4492935982947064e-16,1.0,1,1,1,1,1264.6399999999999,0
2,4,81.6,56.7,665.6,1.9,21.9,71,5.8,0,13.578467825920132,-0.8660254037844385,-0.5000000000000004,-2.4492935982947064e-16,1.0,1,1,0,1,1264.6399999999999,0
7,4,81.6,56.7,665.6,1.9,21.2,70,6.7,0,6.58971052018653,-0.8660254037844385,-0.5000000000000004,-2.4492935982947064e-16,1.0,1,1,0,0,1264.6399999999999,0
1,4,94.4,146.0,614.7,11.3,25.6,42,4.0,0,0.0,-0.8660254037844385,-0.5000000000000004,-0.7818314824680299,0.6234898018587334,1,1,0,1,6946.110000000001,1
6,3,79.5,3.0,106.7,1.1,11.8,31,4.5,0,0.0,-0.5000000000000004,0.8660254037844384,0.9749279121818236,-0.22252093395631434,0,0,0,1,117.37000000000002,0
