X,Y,FFMC,DMC,DC,ISI,temp,RH,wind,rain,area,month_sin,month_cos,day_sin,day_cos,is_weekend,is_peak_season,distance_to_center,dynamic_seasonal_hotspot_distance,moderate_wind_danger,hot_and_dry,double_drought,ISI_x_DC
2.0,5.0,93.9,135.7,586.7,15.1,23.5,36.0,5.4,0,2.3997118037247684,-0.8660254037844385,-0.5000000000000004,-0.9749279121818236,-0.2225209339563146,0,1,3.0,6.082762530298219,1,1,1,8859.17
8.0,6.0,91.7,33.3,77.5,9.0,8.3,97.0,4.0,1,0.0,1.0,6.123233995736766e-17,-0.9749279121818236,-0.2225209339563146,0,1,3.1622776601683795,2.23606797749979,1,0,0,697.5
4.0,3.0,91.9,111.7,770.3,6.5,15.9,53.0,2.2,0,1.3686394258811698,-1.0,-1.8369701987210292e-16,0.9749279121818236,-0.2225209339563143,0,1,2.23606797749979,5.0,0,0,1,5006.95
8.0,6.0,91.4,37.9,673.8,5.2,20.2,37.0,2.7,0,2.6878474937846906,-0.8660254037844386,0.5000000000000001,0.4338837391175582,-0.900968867902419,0,0,3.1622776601683795,2.23606797749979,0,1,1,3503.76
6.0,6.0,96.0,164.0,643.0,14.0,30.8,30.0,4.9,0,2.2607208888953467,-0.8660254037844385,-0.5000000000000004,-0.7818314824680299,0.6234898018587334,1,1,1.4142135623730951,2.0,1,1,1,9002.0
2.0,4.0,92.5,121.1,674.4,8.6,24.1,29.0,4.5,0,0.0,-1.0,-1.8369701987210292e-16,-0.7818314824680299,0.6234898018587334,1,1,3.1622776601683795,6.324555320336759,1,1,1,5799.839999999999
6.0,5.0,85.1,28.0,113.8,3.5,11.3,94.0,4.9,0,0.0,0.4999999999999999,-0.8660254037844387,-0.7818314824680299,0.6234898018587334,1,1,1.0,0.0,1,0,0,398.3
7.0,4.0,91.6,181.3,613.0,7.6,19.3,61.0,4.9,0,0.0,-0.8660254037844385,-0.5000000000000004,-2.4492935982947064e-16,1.0,1,1,2.23606797749979,2.23606797749979,1,0,1,4658.8
4.0,4.0,95.1,141.3,605.8,17.7,28.7,33.0,4.0,0,0.0,-0.8660254037844385,-0.5000000000000004,0.4338837391175582,-0.900968867902419,0,1,1.4142135623730951,4.47213595499958,1,1,1,10722.659999999998
3.0,4.0,91.4,142.4,601.4,10.6,19.8,39.0,5.4,0,0.0,-0.8660254037844385,-0.5000000000000004,-2.4492935982947064e-16,1.0,1,1,2.23606797749979,5.385164807134504,1,0,1,6374.839999999999
6.0,5.0,94.3,131.7,607.1,22.7,19.4,55.0,4.0,0,0.1570037488096647,-0.8660254037844385,-0.5000000000000004,0.9749279121818236,-0.2225209339563143,0,1,1.0,2.23606797749979,1,0,1,13781.17
1.0,2.0,91.0,166.9,752.6,7.1,18.5,73.0,8.5,0,0.0,-0.8660254037844385,-0.5000000000000004,-0.9749279121818236,-0.2225209339563146,0,1,5.0,8.06225774829855,0,0,1,5343.46
5.0,4.0,93.6,235.1,723.1,10.1,24.1,50.0,4.0,0,0.0,-0.8660254037844385,-0.5000000000000004,-2.4492935982947064e-16,1.0,1,1,1.0,3.605551275463989,1,0,1,7303.31
6.0,5.0,91.9,111.7,770.3,6.5,21.1,35.0,2.7,0,1.8946168546677629,-1.0,-1.8369701987210292e-16,0.9749279121818236,-0.2225209339563143,0,1,1.0,2.23606797749979,0,1,1,5006.95
7.0,4.0,91.2,124.4,795.3,8.5,21.5,28.0,4.5,0,2.8118094353930627,-1.0,-1.8369701987210292e-16,-0.7818314824680299,0.6234898018587334,1,1,2.23606797749979,2.23606797749979,1,1,1,6760.049999999999
7.0,4.0,91.8,170.9,692.3,13.7,23.7,40.0,1.8,0,0.8671004876833833,-0.8660254037844385,-0.5000000000000004,-0.7818314824680299,0.6234898018587334,1,1,2.23606797749979,2.23606797749979,0,1,1,9484.509999999998
1.0,2.0,91.7,114.3,661.3,6.3,20.2,45.0,3.6,0,0.0,-0.8660254037844385,-0.5000000000000004,-0.433883739117558,-0.9009688679024191,0,1,5.0,8.06225774829855,1,0,1,4166.19
2.0,4.0,91.6,112.4,573.0,8.9,21.4,42.0,3.1,0,1.6582280766035324,-0.8660254037844385,-0.5000000000000004,-0.9749279121818236,-0.2225209339563146,0,1,3.1622776601683795,6.324555320336759,0,0,1,5099.7
5.0,5.0,90.9,18.9,30.6,8.0,11.6,48.0,5.4,0,0.0,1.0,6.123233995736766e-17,-0.433883739117558,-0.9009688679024191,0,1,0.0,1.0,1,0,0,244.8
2.0,5.0,92.6,46.5,691.8,8.8,15.4,35.0,0.9,0,0.0,-0.8660254037844386,0.5000000000000001,-2.4492935982947064e-16,1.0,1,0,3.0,4.0,0,0,1,6087.84
5.0,5.0,94.0,47.9,100.7,10.7,17.3,80.0,4.5,0,0.0,-0.8660254037844385,-0.5000000000000004,-2.4492935982947064e-16,1.0,1,1,0.0,3.1622776601683795,1,0,0,1077.49
6.0,4.0,75.1,4.4,16.2,1.9,5.1,77.0,5.4,0,1.144222799920162,0.8660254037844386,0.5000000000000001,0.9749279121818236,-0.2225209339563143,0,0,1.4142135623730951,1.0,1,0,0,30.78
3.0,4.0,90.1,51.2,424.1,6.2,24.6,43.0,1.8,0,0.8878912573524571,-0.4999999999999997,-0.8660254037844388,-0.7818314824680299,0.6234898018587334,1,0,2.23606797749979,5.385164807134504,0,0,0,2629.42
8.0,6.0,91.1,103.2,638.8,5.8,23.4,22.0,2.7,0,0.0,-0.8660254037844385,-0.5000000000000004,0.7818314824680298,0.6234898018587336,0,1,3.1622776601683795,0.0,0,1,1,3705.04
6.0,5.0,92.4,117.9,668.0,12.2,19.6,33.0,6.3,0,3.007166651179654,-1.0,-1.8369701987210292e-16,-0.9749279121818236,-0.2225209339563146,0,1,1.0,2.23606797749979,0,0,1,8149.599999999999
4.0,6.0,84.4,27.2,353.5,6.8,4.8,57.0,8.5,0,2.300583090323373,-2.4492935982947064e-16,1.0,-2.4492935982947064e-16,1.0,1,1,1.4142135623730951,2.23606797749979,0,0,0,2403.8
7.0,5.0,96.1,181.1,671.2,14.3,21.6,65.0,4.9,1,0.0,-0.8660254037844385,-0.5000000000000004,0.9749279121818236,-0.2225209339563143,0,1,2.0,1.4142135623730951,1,0,1,9598.160000000002
4.0,5.0,91.7,33.3,77.5,9.0,17.2,26.0,4.5,0,0.0,1.0,6.123233995736766e-17,-0.9749279121818236,-0.2225209339563146,0,1,1.0,2.0,1,0,0,697.5
5.0,4.0,95.1,141.3,605.8,17.7,24.1,43.0,6.3,0,1.0986122886681098,-0.8660254037844385,-0.5000000000000004,0.9749279121818236,-0.2225209339563143,0,1,1.0,3.605551275463989,0,0,1,10722.659999999998
4.0,5.0,91.6,100.2,466.3,6.3,22.9,40.0,1.3,0,1.2919836816486494,-0.4999999999999997,-0.8660254037844388,-0.9749279121818236,-0.2225209339563146,0,0,1.0,4.123105625617661,0,1,0,2937.69
2.0,2.0,93.7,231.1,715.1,8.4,21.9,42.0,2.2,0,5.168379509433644,-0.8660254037844385,-0.5000000000000004,-0.7818314824680299,0.6234898018587334,1,1,4.242640687119285,7.211102550927978,0,0,1,6006.84
2.0,4.0,94.5,139.4,689.1,20.0,29.2,30.0,4.9,0,1.0818051703517284,-0.8660254037844385,-0.5000000000000004,0.4338837391175582,-0.900968867902419,0,1,3.1622776601683795,6.324555320336759,1,1,1,13782.0
2.0,4.0,92.4,105.8,758.1,9.9,16.0,45.0,1.8,0,0.0,-1.0,-1.8369701987210292e-16,-2.4492935982947064e-16,1.0,1,1,3.1622776601683795,6.324555320336759,0,0,1,7505.19
1.0,4.0,92.3,96.2,450.2,12.1,23.4,31.0,5.4,0,0.0,-0.4999999999999997,-0.8660254037844388,0.9749279121818236,-0.2225209339563143,0,0,4.123105625617661,7.280109889280518,1,1,0,5447.42
9.0,4.0,90.5,61.1,252.6,9.4,24.5,50.0,3.1,0,4.267176792994939,1.2246467991473532e-16,-1.0,-0.7818314824680299,0.6234898018587334,1,0,4.123105625617661,2.23606797749979,0,0,0,2374.44
1.0,4.0,92.5,122.0,789.7,10.2,21.1,39.0,2.2,0,2.21046980408624,-1.0,-1.8369701987210292e-16,-0.9749279121818236,-0.2225209339563146,0,1,4.123105625617661,7.280109889280518,0,1,1,8054.94
2.0,4.0,82.1,3.7,9.3,2.9,5.3,78.0,3.1,0,0.0,0.4999999999999999,0.8660254037844387,-0.7818314824680299,0.6234898018587334,1,0,3.1622776601683795,4.123105625617661,0,0,0,26.97
2.0,2.0,92.4,117.9,668.0,12.2,19.6,33.0,5.4,0,0.0,-1.0,-1.8369701987210292e-16,-0.9749279121818236,-0.2225209339563146,0,1,4.242640687119285,7.211102550927978,1,0,1,8149.599999999999
7.0,5.0,91.0,129.5,692.6,7.0,20.7,37.0,2.2,0,2.9014215940827497,-1.0,-1.8369701987210292e-16,0.9749279121818236,-0.2225209339563143,0,1,2.0,1.4142135623730951,0,1,1,4848.2
4.0,3.0,91.7,114.3,661.3,6.3,17.6,45.0,3.6,0,0.0,-0.8660254037844385,-0.5000000000000004,-0.433883739117558,-0.9009688679024191,0,1,2.23606797749979,5.0,1,0,1,4166.19
8.0,6.0,93.1,157.3,666.7,13.5,28.7,28.0,2.7,0,0.0,-0.8660254037844385,-0.5000000000000004,0.4338837391175582,-0.900968867902419,0,1,3.1622776601683795,0.0,0,1,1,9000.45
4.0,4.0,85.4,25.4,349.7,2.6,4.6,21.0,8.5,0,2.93651291389402,-2.4492935982947064e-16,1.0,0.7818314824680298,0.6234898018587336,0,1,1.4142135623730951,2.23606797749979,0,0,0,909.22
4.0,4.0,90.6,43.7,686.9,6.7,18.4,25.0,3.1,0,3.2280337626529665,-0.8660254037844386,0.5000000000000001,-0.7818314824680299,0.6234898018587334,1,0,1.4142135623730951,2.23606797749979,0,0,1,4602.23
6.0,5.0,53.4,71.0,233.8,0.4,10.6,90.0,2.7,0,0.0,1.2246467991473532e-16,-1.0,-0.7818314824680299,0.6234898018587334,1,0,1.0,2.23606797749979,0,0,0,93.52
5.0,4.0,92.2,102.3,751.5,8.4,24.1,27.0,3.1,0,0.0,-1.0,-1.8369701987210292e-16,-0.7818314824680299,0.6234898018587334,1,1,1.0,3.605551275463989,0,1,1,6312.6
3.0,4.0,91.6,248.4,753.8,6.3,16.8,56.0,3.1,0,0.0,-0.8660254037844385,-0.5000000000000004,-0.433883739117558,-0.9009688679024191,0,1,2.23606797749979,5.385164807134504,0,0,1,4748.94
6.0,4.0,91.0,129.5,692.6,7.0,18.3,40.0,2.7,0,0.0,-1.0,-1.8369701987210292e-16,0.9749279121818236,-0.2225209339563143,0,1,1.4142135623730951,2.8284271247461903,0,0,1,4848.2
7.0,4.0,92.1,99.0,745.3,9.6,18.7,50.0,2.2,0,1.9416152247724323,-1.0,-1.8369701987210292e-16,-0.9749279121818236,-0.2225209339563146,0,1,2.23606797749979,2.23606797749979,0,0,1,7154.879999999999
2.0,4.0,92.0,203.2,664.5,8.1,24.9,42.0,5.4,0,1.235471471385307,-0.8660254037844385,-0.5000000000000004,-2.4492935982947064e-16,1.0,1,1,3.1622776601683795,6.324555320336759,1,0,1,5382.45
1.0,4.0,91.0,129.5,692.6,7.0,21.7,38.0,2.2,0,0.3576744442718159,-1.0,-1.8369701987210292e-16,0.9749279121818236,-0.2225209339563143,0,1,4.123105625617661,7.280109889280518,0,1,1,4848.2
6.0,5.0,90.4,93.3,298.1,7.5,20.7,25.0,4.9,0,0.0,1.2246467991473532e-16,-1.0,0.7818314824680298,0.6234898018587336,0,0,1.0,2.23606797749979,1,1,0,2235.75
3.0,4.0,91.8,175.1,700.7,13.8,26.8,38.0,6.3,0,0.5653138090500605,-0.8660254037844385,-0.5000000000000004,-2.4492935982947064e-16,1.0,1,1,2.23606797749979,5.385164807134504,0,1,1,9669.660000000002
4.0,5.0,92.0,203.2,664.5,8.1,10.4,75.0,0.9,0,0.0,-0.8660254037844385,-0.5000000000000004,-2.4492935982947064e-16,1.0,1,1,1.0,4.123105625617661,0,0,1,5382.45
3.0,4.0,86.9,6.6,18.7,3.2,8.8,35.0,3.1,0,0.7419373447293773,0.8660254037844386,0.5000000000000001,0.4338837391175582,-0.900968867902419,0,0,2.23606797749979,3.1622776601683795,0,0,0,59.84
5.0,4.0,86.8,15.6,48.3,3.9,12.4,53.0,2.2,0,1.998773638612381,0.8660254037844386,0.5000000000000001,-2.4492935982947064e-16,1.0,1,0,1.0,1.4142135623730951,0,0,0,188.37
8.0,6.0,92.2,81.8,480.8,11.9,20.1,34.0,4.5,0,4.08260930600368,-0.8660254037844385,-0.5000000000000004,-0.7818314824680299,0.6234898018587334,1,1,3.1622776601683795,0.0,1,1,0,5721.52
3.0,4.0,96.1,181.1,671.2,14.3,32.3,27.0,2.2,0,2.7523860149222616,-0.8660254037844385,-0.5000000000000004,0.9749279121818236,-0.2225209339563143,0,1,2.23606797749979,5.385164807134504,0,1,1,9598.160000000002
6.0,5.0,92.8,119.0,783.5,7.5,21.6,27.0,2.2,0,0.0,-1.0,-1.8369701987210292e-16,-0.433883739117558,-0.9009688679024191,0,1,1.0,2.23606797749979,0,1,1,5876.25
4.0,3.0,92.5,122.0,789.7,10.2,17.3,45.0,4.0,0,1.597365331199831,-1.0,-1.8369701987210292e-16,-0.9749279121818236,-0.2225209339563146,0,1,2.23606797749979,5.0,1,0,1,8054.94
8.0,6.0,90.4,89.5,290.8,6.4,15.4,45.0,2.2,0,0.0,1.2246467991473532e-16,-1.0,-2.4492935982947064e-16,1.0,1,0,3.1622776601683795,0.0,0,0,0,1861.12
2.0,4.0,94.8,108.3,647.1,17.0,20.1,40.0,4.0,0,0.0,-0.8660254037844385,-0.5000000000000004,0.9749279121818236,-0.2225209339563143,0,1,3.1622776601683795,6.324555320336759,1,1,1,11000.7
7.0,4.0,91.7,48.5,696.1,11.1,16.8,45.0,4.5,0,2.057962510002712,-0.8660254037844386,0.5000000000000001,0.7818314824680298,0.6234898018587336,0,0,2.23606797749979,1.4142135623730951,1,0,1,7726.71
7.0,4.0,90.6,43.7,686.9,6.7,14.6,33.0,1.3,0,0.0,-0.8660254037844386,0.5000000000000001,-0.7818314824680299,0.6234898018587334,1,0,2.23606797749979,1.4142135623730951,0,0,1,4602.23
1.0,2.0,92.9,137.0,706.4,9.2,21.5,15.0,0.9,0,0.0,-1.0,-1.8369701987210292e-16,-0.433883739117558,-0.9009688679024191,0,1,5.0,8.06225774829855,0,1,1,6498.879999999999
4.0,5.0,95.2,217.7,690.0,18.0,23.4,49.0,5.4,0,2.005525858729668,-0.8660254037844385,-0.5000000000000004,0.4338837391175582,-0.900968867902419,0,1,1.0,4.123105625617661,1,0,1,12420.0
7.0,4.0,92.4,117.9,668.0,12.2,19.0,34.0,5.8,0,0.0,-1.0,-1.8369701987210292e-16,-0.9749279121818236,-0.2225209339563146,0,1,2.23606797749979,2.23606797749979,1,0,1,8149.599999999999
4.0,5.0,88.6,91.8,709.9,7.1,17.4,56.0,5.4,0,0.0,-1.0,-1.8369701987210292e-16,0.7818314824680298,0.6234898018587336,0,1,1.0,4.123105625617661,1,0,1,5040.29
6.0,4.0,94.8,227.0,706.7,12.0,23.3,34.0,3.1,0,3.392492941032009,-0.8660254037844385,-0.5000000000000004,-0.9749279121818236,-0.2225209339563146,0,1,1.4142135623730951,2.8284271247461903,0,1,1,8480.400000000001
4.0,4.0,87.6,52.2,103.8,5.0,11.0,46.0,5.8,0,0.0,1.0,6.123233995736766e-17,0.7818314824680298,0.6234898018587336,0,1,1.4142135623730951,2.23606797749979,1,0,0,519.0
9.0,9.0,93.2,114.4,560.0,9.5,30.2,25.0,4.5,0,1.3217558399823195,-0.4999999999999997,-0.8660254037844388,-0.433883739117558,-0.9009688679024191,0,0,5.656854249492381,3.1622776601683795,1,1,1,5320.0
5.0,5.0,91.7,35.8,80.8,7.8,15.1,27.0,5.4,0,0.0,1.0,6.123233995736766e-17,-0.7818314824680299,0.6234898018587334,1,1,0.0,1.0,1,0,0,630.24
3.0,4.0,91.1,88.2,731.7,8.3,22.8,46.0,4.0,0,1.7833912195575383,-1.0,-1.8369701987210292e-16,-0.433883739117558,-0.9009688679024191,0,1,2.23606797749979,5.385164807134504,1,0,1,6073.110000000001
8.0,6.0,89.3,51.3,102.2,9.6,11.5,39.0,5.8,0,2.1029138978649784,1.0,6.123233995736766e-17,-2.4492935982947064e-16,1.0,1,1,3.1622776601683795,2.23606797749979,1,0,0,981.12
8.0,6.0,89.3,51.3,102.2,9.6,11.4,99.0,1.8,0,0.0,1.0,6.123233995736766e-17,-2.4492935982947064e-16,1.0,1,1,3.1622776601683795,2.23606797749979,0,0,0,981.12
6.0,5.0,87.9,24.9,41.6,3.7,10.9,64.0,3.1,0,1.4701758451005926,0.8660254037844387,-0.4999999999999998,0.7818314824680298,0.6234898018587336,0,0,1.0,0.0,0,0,0,153.92000000000002
6.0,5.0,92.6,115.4,777.1,8.8,24.3,27.0,4.9,0,0.0,-1.0,-1.8369701987210292e-16,0.4338837391175582,-0.900968867902419,0,1,1.0,2.23606797749979,1,1,1,6838.4800000000005
8.0,6.0,90.1,108.0,529.8,12.5,21.2,51.0,8.9,0,0.4762341789963716,-0.8660254037844385,-0.5000000000000004,-0.9749279121818236,-0.2225209339563146,0,1,3.1622776601683795,0.0,0,0,1,6622.499999999999
1.0,2.0,91.0,163.2,744.4,10.1,26.7,35.0,1.8,0,1.916922612182061,-0.8660254037844385,-0.5000000000000004,-0.433883739117558,-0.9009688679024191,0,1,5.0,8.06225774829855,0,1,1,7518.44
2.0,2.0,94.6,212.1,680.9,9.5,27.9,27.0,2.2,0,0.0,-0.8660254037844385,-0.5000000000000004,0.9749279121818236,-0.2225209339563143,0,1,4.242640687119285,7.211102550927978,0,1,1,6468.55
1.0,2.0,93.7,231.1,715.1,8.4,25.9,32.0,3.1,0,0.0,-0.8660254037844385,-0.5000000000000004,-0.7818314824680299,0.6234898018587334,1,1,5.0,8.06225774829855,0,1,1,6006.84
4.0,4.0,87.2,23.9,64.7,4.1,11.8,35.0,1.8,0,0.0,1.0,6.123233995736766e-17,0.7818314824680298,0.6234898018587336,0,1,1.4142135623730951,2.23606797749979,0,0,0,265.27
2.0,4.0,92.1,207.0,672.6,8.2,27.9,33.0,2.2,0,1.208960345836975,-0.8660254037844385,-0.5000000000000004,0.7818314824680298,0.6234898018587336,0,1,3.1622776601683795,6.324555320336759,0,1,1,5515.32
4.0,6.0,84.7,26.7,352.6,4.1,2.2,59.0,4.9,0,2.329227023940467,-2.4492935982947064e-16,1.0,-0.9749279121818236,-0.2225209339563146,0,1,1.4142135623730951,2.23606797749979,1,0,0,1445.66
3.0,4.0,91.6,181.3,613.0,7.6,24.6,44.0,4.0,0,1.4350845252893227,-0.8660254037844385,-0.5000000000000004,-2.4492935982947064e-16,1.0,1,1,2.23606797749979,5.385164807134504,1,0,1,4658.8
6.0,3.0,94.3,85.1,692.3,15.9,25.4,24.0,3.6,0,0.0,-1.0,-1.8369701987210292e-16,-0.9749279121818236,-0.2225209339563146,0,1,2.23606797749979,3.605551275463989,1,1,1,11007.57
6.0,4.0,91.0,129.5,692.6,7.0,18.7,43.0,2.7,0,4.648133885420207,-1.0,-1.8369701987210292e-16,0.9749279121818236,-0.2225209339563143,0,1,1.4142135623730951,2.8284271247461903,0,0,1,4848.2
1.0,4.0,91.0,276.3,825.1,7.1,14.5,76.0,7.6,0,1.5496879080283263,-1.0,-1.8369701987210292e-16,-2.4492935982947064e-16,1.0,1,1,4.123105625617661,7.280109889280518,0,0,1,5858.21
1.0,3.0,91.1,91.3,738.1,7.2,19.1,46.0,2.2,0,0.2851789422336624,-1.0,-1.8369701987210292e-16,-0.9749279121818236,-0.2225209339563146,0,1,4.47213595499958,7.615773105863909,0,0,1,5314.320000000001
5.0,6.0,91.6,181.3,613.0,7.6,24.3,33.0,3.6,0,1.5325568680981427,-0.8660254037844385,-0.5000000000000004,-2.4492935982947064e-16,1.0,1,1,1.0,3.0,1,1,1,4658.8
8.0,6.0,89.4,253.6,768.4,9.7,14.2,73.0,2.7,0,0.0,-0.8660254037844385,-0.5000000000000004,-0.7818314824680299,0.6234898018587334,1,1,3.1622776601683795,0.0,0,0,1,7453.48
6.0,5.0,84.9,18.2,55.0,3.0,5.3,70.0,4.5,0,1.144222799920162,1.0,6.123233995736766e-17,-0.433883739117558,-0.9009688679024191,0,1,1.0,0.0,1,0,0,165.0
4.0,5.0,92.9,137.0,706.4,9.2,21.5,15.0,0.9,0,2.48989419129904,-1.0,-1.8369701987210292e-16,-0.433883739117558,-0.9009688679024191,0,1,1.0,4.123105625617661,0,1,1,6498.879999999999
6.0,4.0,86.3,27.4,97.1,5.1,9.3,44.0,4.5,0,0.0,0.8660254037844387,-0.4999999999999998,-0.7818314824680299,0.6234898018587334,1,0,1.4142135623730951,1.0,1,0,0,495.2099999999999
8.0,6.0,91.6,248.4,753.8,6.3,20.4,56.0,2.2,0,0.0,-0.8660254037844385,-0.5000000000000004,-0.433883739117558,-0.9009688679024191,0,1,3.1622776601683795,0.0,0,0,1,4748.94
2.0,2.0,91.6,248.4,753.8,6.3,20.4,56.0,2.2,0,0.0,-0.8660254037844385,-0.5000000000000004,-0.433883739117558,-0.9009688679024191,0,1,4.242640687119285,7.211102550927978,0,0,1,4748.94
3.0,4.0,91.6,112.4,573.0,8.9,11.2,84.0,7.6,0,1.4586150226995167,-0.8660254037844385,-0.5000000000000004,-0.9749279121818236,-0.2225209339563146,0,1,2.23606797749979,5.385164807134504,0,0,1,5099.7
1.0,4.0,89.6,84.1,714.3,5.7,19.0,52.0,2.2,0,0.0,-1.0,-1.8369701987210292e-16,-2.4492935982947064e-16,1.0,1,1,4.123105625617661,7.280109889280518,0,0,1,4071.51
4.0,4.0,92.9,133.3,699.6,9.2,26.4,21.0,4.5,0,4.494126887194767,-1.0,-1.8369701987210292e-16,0.4338837391175582,-0.900968867902419,0,1,1.4142135623730951,4.47213595499958,1,1,1,6436.32
7.0,4.0,81.6,56.7,665.6,1.9,21.2,70.0,6.7,0,2.498151876538021,-0.8660254037844385,-0.5000000000000004,-2.4492935982947064e-16,1.0,1,1,2.23606797749979,2.23606797749979,0,0,0,1264.64
6.0,3.0,92.4,105.8,758.1,9.9,24.8,28.0,1.8,0,2.727199019940971,-1.0,-1.8369701987210292e-16,-2.4492935982947064e-16,1.0,1,1,2.23606797749979,3.605551275463989,0,1,1,7505.19
1.0,2.0,92.1,111.2,654.1,9.6,16.6,47.0,0.9,0,0.0,-0.8660254037844385,-0.5000000000000004,0.4338837391175582,-0.900968867902419,0,1,5.0,8.06225774829855,0,0,1,6279.36
1.0,2.0,90.1,108.0,529.8,12.5,14.7,66.0,2.7,0,0.0,-0.8660254037844385,-0.5000000000000004,-0.9749279121818236,-0.2225209339563146,0,1,5.0,8.06225774829855,0,0,1,6622.499999999999
3.0,4.0,83.9,8.0,30.2,2.6,12.7,48.0,1.8,0,0.0,0.8660254037844386,0.5000000000000001,-0.7818314824680299,0.6234898018587334,1,0,2.23606797749979,3.1622776601683795,0,0,0,78.52
3.0,4.0,89.7,90.0,704.4,4.8,22.8,39.0,3.6,0,0.0,-1.0,-1.8369701987210292e-16,-2.4492935982947064e-16,1.0,1,1,2.23606797749979,5.385164807134504,1,1,1,3381.12
2.0,5.0,91.0,129.5,692.6,7.0,17.6,46.0,3.1,0,2.0844290831908747,-1.0,-1.8369701987210292e-16,0.9749279121818236,-0.2225209339563143,0,1,3.0,6.082762530298219,0,0,1,4848.2
5.0,4.0,92.1,99.0,745.3,9.6,12.8,64.0,3.6,0,0.9707789171582248,-1.0,-1.8369701987210292e-16,-0.9749279121818236,-0.2225209339563146,0,1,1.0,3.605551275463989,1,0,1,7154.879999999999
2.0,2.0,92.4,117.9,668.0,12.2,19.6,33.0,6.3,0,0.0,-1.0,-1.8369701987210292e-16,-0.9749279121818236,-0.2225209339563146,0,1,4.242640687119285,7.211102550927978,0,0,1,8149.599999999999
3.0,4.0,94.9,130.3,587.1,14.1,23.4,40.0,5.8,0,0.8285518175661483,-0.8660254037844385,-0.5000000000000004,-2.4492935982947064e-16,1.0,1,1,2.23606797749979,5.385164807134504,1,1,1,8278.11
6.0,5.0,63.5,70.8,665.3,0.8,17.0,72.0,6.7,0,0.0,-0.8660254037844385,-0.5000000000000004,-0.9749279121818236,-0.2225209339563146,0,1,1.0,2.23606797749979,0,0,0,532.24
4.0,4.0,92.9,137.0,706.4,9.2,20.8,17.0,1.3,0,0.0,-1.0,-1.8369701987210292e-16,-0.433883739117558,-0.9009688679024191,0,1,1.4142135623730951,4.47213595499958,0,1,1,6498.879999999999
6.0,5.0,93.4,17.3,28.3,9.9,13.8,24.0,5.8,0,0.0,1.0,6.123233995736766e-17,0.4338837391175582,-0.900968867902419,0,1,1.0,0.0,1,0,0,280.17
1.0,4.0,90.2,96.9,624.2,8.9,14.2,53.0,1.8,0,1.5040773967762742,-0.8660254037844385,-0.5000000000000004,-0.7818314824680299,0.6234898018587334,1,1,4.123105625617661,7.280109889280518,0,0,1,5555.380000000001
7.0,4.0,94.8,108.3,647.1,17.0,16.4,47.0,1.3,0,0.9400072584914712,-0.8660254037844385,-0.5000000000000004,-2.4492935982947064e-16,1.0,1,1,2.23606797749979,2.23606797749979,0,0,1,11000.7
6.0,4.0,89.2,27.9,70.8,6.3,15.9,35.0,4.0,0,0.0,1.0,6.123233995736766e-17,0.4338837391175582,-0.900968867902419,0,1,1.4142135623730951,1.0,1,0,0,446.04
9.0,9.0,94.8,227.0,706.7,12.0,25.0,36.0,4.0,0,0.0,-0.8660254037844385,-0.5000000000000004,-0.9749279121818236,-0.2225209339563146,0,1,5.656854249492381,3.1622776601683795,1,1,1,8480.400000000001
7.0,5.0,81.9,3.0,7.9,3.5,13.4,75.0,1.8,0,0.0,0.8660254037844387,-0.4999999999999998,-2.4492935982947064e-16,1.0,1,0,2.0,1.0,0,0,0,27.65
2.0,5.0,93.7,231.1,715.1,8.4,18.9,64.0,4.9,0,0.0,-0.8660254037844385,-0.5000000000000004,-0.7818314824680299,0.6234898018587334,1,1,3.0,6.082762530298219,1,0,1,6006.84
1.0,4.0,90.2,96.9,624.2,8.9,20.3,39.0,4.9,0,1.7101878155342434,-0.8660254037844385,-0.5000000000000004,-0.7818314824680299,0.6234898018587334,1,1,4.123105625617661,7.280109889280518,1,1,1,5555.380000000001
8.0,6.0,94.9,130.3,587.1,14.1,31.0,27.0,5.4,0,0.0,-0.8660254037844385,-0.5000000000000004,-2.4492935982947064e-16,1.0,1,1,3.1622776601683795,0.0,1,1,1,8278.11
2.0,5.0,90.3,290.0,855.3,7.4,16.2,58.0,3.6,0,2.394252281519869,-1.0,-1.8369701987210292e-16,-0.9749279121818236,-0.2225209339563146,0,1,3.0,6.082762530298219,1,0,1,6329.22
3.0,6.0,91.1,94.1,232.1,7.1,19.2,38.0,4.5,0,0.0,1.2246467991473532e-16,-1.0,-0.9749279121818236,-0.2225209339563146,0,0,2.23606797749979,5.0,1,0,0,1647.91
2.0,5.0,94.9,130.3,587.1,14.1,33.1,25.0,4.0,0,3.311637304949512,-0.8660254037844385,-0.5000000000000004,-2.4492935982947064e-16,1.0,1,1,3.0,6.082762530298219,1,1,1,8278.11
4.0,4.0,92.1,99.0,745.3,9.6,20.8,35.0,4.9,0,0.8153648132841945,-1.0,-1.8369701987210292e-16,-0.9749279121818236,-0.2225209339563146,0,1,1.4142135623730951,4.47213595499958,1,1,1,7154.879999999999
6.0,5.0,93.3,141.2,713.9,13.9,22.9,44.0,5.4,0,0.0,-1.0,-1.8369701987210292e-16,-0.9749279121818236,-0.2225209339563146,0,1,1.0,2.23606797749979,1,0,1,9923.21
6.0,4.0,90.4,89.5,290.8,6.4,14.3,46.0,1.8,0,0.6418538861723948,1.2246467991473532e-16,-1.0,-2.4492935982947064e-16,1.0,1,0,1.4142135623730951,2.8284271247461903,0,0,0,1861.12
6.0,5.0,90.4,93.3,298.1,7.5,19.1,39.0,5.4,0,1.5085119938441398,1.2246467991473532e-16,-1.0,0.7818314824680298,0.6234898018587336,0,0,1.0,2.23606797749979,1,0,0,2235.75
5.0,4.0,92.9,133.3,699.6,9.2,21.9,35.0,1.8,0,1.2725655957915476,-1.0,-1.8369701987210292e-16,0.4338837391175582,-0.900968867902419,0,1,1.0,3.605551275463989,0,1,1,6436.32
1.0,4.0,91.7,191.4,635.9,7.8,19.9,50.0,4.0,0,4.427836170705175,-0.8660254037844385,-0.5000000000000004,0.4338837391175582,-0.900968867902419,0,1,4.123105625617661,7.280109889280518,1,0,1,4960.02
1.0,5.0,93.4,145.4,721.4,8.1,29.6,27.0,2.7,0,0.9001613499442714,-1.0,-1.8369701987210292e-16,-0.7818314824680299,0.6234898018587334,1,1,4.0,7.071067811865476,0,1,1,5843.339999999999
4.0,4.0,91.7,35.8,80.8,7.8,17.0,27.0,4.9,0,3.389799336709786,1.0,6.123233995736766e-17,-0.7818314824680299,0.6234898018587334,1,1,1.4142135623730951,2.23606797749979,1,0,0,630.24
6.0,5.0,81.5,9.1,55.2,2.7,5.8,54.0,5.8,0,1.724550719534605,0.8660254037844387,-0.4999999999999998,-0.433883739117558,-0.9009688679024191,0,0,1.0,0.0,1,0,0,149.04000000000002
2.0,5.0,90.2,99.6,631.2,6.3,19.2,44.0,2.7,0,1.7387102481382395,-0.8660254037844385,-0.5000000000000004,-2.4492935982947064e-16,1.0,1,1,3.0,6.082762530298219,0,0,1,3976.56
4.0,5.0,84.7,8.2,55.0,2.9,14.2,46.0,4.0,0,0.0,0.8660254037844386,0.5000000000000001,-0.7818314824680299,0.6234898018587334,1,0,1.0,2.0,1,0,0,159.5
8.0,6.0,93.7,231.1,715.1,8.4,26.9,31.0,3.6,0,1.7850704810772584,-0.8660254037844385,-0.5000000000000004,-0.7818314824680299,0.6234898018587334,1,1,3.1622776601683795,0.0,1,1,1,6006.84
5.0,4.0,90.3,290.0,855.3,7.4,16.2,58.0,3.6,0,0.0,-1.0,-1.8369701987210292e-16,-0.9749279121818236,-0.2225209339563146,0,1,1.0,3.605551275463989,1,0,1,6329.22
5.0,6.0,94.3,85.1,692.3,15.9,25.9,24.0,4.0,0,0.0,-1.0,-1.8369701987210292e-16,0.4338837391175582,-0.900968867902419,0,1,1.0,3.0,1,1,1,11007.57
4.0,3.0,90.3,290.0,855.3,7.4,19.9,44.0,3.1,0,2.174751721484161,-1.0,-1.8369701987210292e-16,-0.9749279121818236,-0.2225209339563146,0,1,2.23606797749979,5.0,0,0,1,6329.22
6.0,3.0,92.5,122.0,789.7,10.2,15.9,55.0,3.6,0,0.0,-1.0,-1.8369701987210292e-16,-0.9749279121818236,-0.2225209339563146,0,1,2.23606797749979,3.605551275463989,1,0,1,8054.94
6.0,3.0,88.6,91.8,709.9,7.1,11.2,78.0,7.6,0,0.0,-1.0,-1.8369701987210292e-16,0.7818314824680298,0.6234898018587336,0,1,2.23606797749979,3.605551275463989,0,0,1,5040.29
7.0,3.0,90.6,43.7,686.9,6.7,17.8,27.0,4.0,0,0.0,-0.8660254037844386,0.5000000000000001,-0.7818314824680299,0.6234898018587334,1,0,2.8284271247461903,2.23606797749979,1,0,1,4602.23
1.0,2.0,90.2,99.6,631.2,6.3,17.9,44.0,2.2,0,0.0,-0.8660254037844385,-0.5000000000000004,-2.4492935982947064e-16,1.0,1,1,5.0,8.06225774829855,0,0,1,3976.56
4.0,3.0,94.2,117.2,581.1,11.0,21.4,44.0,2.7,0,0.5187937934151675,-0.8660254037844385,-0.5000000000000004,-0.7818314824680299,0.6234898018587334,1,1,2.23606797749979,5.0,0,0,1,6392.1
7.0,4.0,92.1,99.0,745.3,9.6,19.8,47.0,2.7,0,1.000631880307906,-1.0,-1.8369701987210292e-16,-0.9749279121818236,-0.2225209339563146,0,1,2.23606797749979,2.23606797749979,0,0,1,7154.879999999999
8.0,6.0,94.2,117.2,581.1,11.0,23.9,41.0,2.2,0,2.199444334074532,-0.8660254037844385,-0.5000000000000004,-0.7818314824680299,0.6234898018587334,1,1,3.1622776601683795,0.0,0,0,1,6392.1
9.0,9.0,90.1,68.6,355.2,7.2,24.8,29.0,2.2,0,0.8586616190375187,-0.4999999999999997,-0.8660254037844388,-2.4492935982947064e-16,1.0,1,0,5.656854249492381,3.1622776601683795,0,1,0,2557.44
7.0,4.0,93.7,101.3,423.4,14.7,18.2,82.0,4.5,0,1.1662709371419244,-0.4999999999999997,-0.8660254037844388,-2.4492935982947064e-16,1.0,1,0,2.23606797749979,2.23606797749979,1,0,0,6223.98
3.0,4.0,93.3,141.2,713.9,13.9,18.6,49.0,3.6,0,3.607669398688393,-1.0,-1.8369701987210292e-16,-0.9749279121818236,-0.2225209339563146,0,1,2.23606797749979,5.385164807134504,1,0,1,9923.21
1.0,3.0,92.1,178.0,605.3,9.6,23.3,40.0,4.0,0,1.9960599327407849,-0.8660254037844385,-0.5000000000000004,-0.7818314824680299,0.6234898018587334,1,1,4.47213595499958,7.615773105863909,1,1,1,5810.879999999999
2.0,2.0,89.3,51.3,102.2,9.6,11.5,39.0,5.8,0,0.0,1.0,6.123233995736766e-17,-2.4492935982947064e-16,1.0,1,1,4.242640687119285,5.0,1,0,0,981.12
2.0,5.0,91.6,181.3,613.0,7.6,24.8,36.0,4.0,0,1.3987168811184478,-0.8660254037844385,-0.5000000000000004,-2.4492935982947064e-16,1.0,1,1,3.0,6.082762530298219,1,1,1,4658.8
1.0,4.0,92.8,119.0,783.5,7.5,16.8,28.0,4.0,0,2.105352923464337,-1.0,-1.8369701987210292e-16,-0.433883739117558,-0.9009688679024191,0,1,4.123105625617661,7.280109889280518,1,0,1,5876.25
4.0,3.0,90.2,99.6,631.2,6.3,21.5,34.0,2.2,0,0.0,-0.8660254037844385,-0.5000000000000004,-2.4492935982947064e-16,1.0,1,1,2.23606797749979,5.0,0,1,1,3976.56
8.0,6.0,93.7,231.1,715.1,8.4,18.9,64.0,4.9,0,1.463255402256019,-0.8660254037844385,-0.5000000000000004,-0.7818314824680299,0.6234898018587334,1,1,3.1622776601683795,0.0,1,0,1,6006.84
4.0,4.0,91.7,35.8,80.8,7.8,17.0,27.0,4.9,0,3.389799336709786,1.0,6.123233995736766e-17,-0.7818314824680299,0.6234898018587334,1,1,1.4142135623730951,2.23606797749979,1,0,0,630.24
3.0,4.0,92.4,124.1,680.7,8.5,22.5,42.0,5.4,0,0.0,-1.0,-1.8369701987210292e-16,-2.4492935982947064e-16,1.0,1,1,2.23606797749979,5.385164807134504,1,0,1,5785.950000000001
8.0,6.0,95.2,217.7,690.0,18.0,28.2,29.0,1.8,0,1.925707441737794,-0.8660254037844385,-0.5000000000000004,0.4338837391175582,-0.900968867902419,0,1,3.1622776601683795,0.0,0,1,1,12420.0
2.0,5.0,93.7,121.7,350.2,18.0,22.7,40.0,9.4,0,1.4327007339340465,1.2246467991473532e-16,-1.0,-0.433883739117558,-0.9009688679024191,0,0,3.0,6.082762530298219,0,1,0,6303.599999999999
9.0,4.0,92.3,92.1,442.1,9.8,22.8,27.0,4.5,0,0.9669838461896731,-0.4999999999999997,-0.8660254037844388,0.7818314824680298,0.6234898018587336,0,0,4.123105625617661,2.23606797749979,1,1,0,4332.580000000001
8.0,8.0,91.7,191.4,635.9,7.8,26.2,36.0,4.5,0,5.229824370102736,-0.8660254037844385,-0.5000000000000004,0.4338837391175582,-0.900968867902419,0,1,4.242640687119285,2.0,1,1,1,4960.02
6.0,5.0,75.1,4.4,16.2,1.9,4.6,82.0,6.3,0,1.854734268389444,0.8660254037844386,0.5000000000000001,0.9749279121818236,-0.2225209339563143,0,0,1.0,0.0,0,0,0,30.78
8.0,6.0,88.8,147.3,614.5,9.0,14.4,66.0,5.4,0,1.8293763327993613,-0.8660254037844385,-0.5000000000000004,0.9749279121818236,-0.2225209339563143,0,1,3.1622776601683795,0.0,1,0,1,5530.5
9.0,5.0,93.3,49.5,297.7,14.0,28.0,34.0,4.5,0,2.214846178686039,1.2246467991473532e-16,-1.0,0.4338837391175582,-0.900968867902419,0,0,4.0,1.4142135623730951,1,1,0,4167.8
4.0,5.0,18.7,1.1,171.4,0.0,5.2,100.0,0.9,0,0.0,0.4999999999999999,0.8660254037844387,-2.4492935982947064e-16,1.0,1,0,1.0,2.0,0,0,0,0.0
4.0,5.0,91.1,132.3,812.1,12.5,16.4,27.0,3.6,0,0.0,-1.0,-1.8369701987210292e-16,0.9749279121818236,-0.2225209339563143,0,1,1.0,4.123105625617661,1,0,1,10151.25
4.0,4.0,85.4,25.4,349.7,2.6,4.6,21.0,8.5,0,2.376764491168297,-2.4492935982947064e-16,1.0,0.7818314824680298,0.6234898018587336,0,1,1.4142135623730951,2.23606797749979,0,0,0,909.22
3.0,4.0,90.5,96.7,750.5,11.4,20.6,55.0,5.4,0,3.242201650171697,-1.0,-1.8369701987210292e-16,-2.4492935982947064e-16,1.0,1,1,2.23606797749979,5.385164807134504,1,0,1,8555.7
2.0,2.0,93.5,139.4,594.2,20.3,22.9,31.0,7.2,0,2.800325477211381,-0.8660254037844385,-0.5000000000000004,-0.7818314824680299,0.6234898018587334,1,1,4.242640687119285,7.211102550927978,0,1,1,12062.260000000002
7.0,4.0,89.6,84.1,714.3,5.7,17.1,53.0,5.4,0,0.3435897043900769,-1.0,-1.8369701987210292e-16,-2.4492935982947064e-16,1.0,1,1,2.23606797749979,2.23606797749979,1,0,1,4071.51
2.0,4.0,95.0,135.5,596.3,21.3,30.6,28.0,3.6,0,1.1216775615991057,-0.8660254037844385,-0.5000000000000004,0.7818314824680298,0.6234898018587336,0,1,3.1622776601683795,6.324555320336759,1,1,1,12701.19
6.0,5.0,90.3,290.0,855.3,7.4,10.3,78.0,4.0,0,2.96010509591084,-1.0,-1.8369701987210292e-16,-0.9749279121818236,-0.2225209339563146,0,1,1.0,2.23606797749979,1,0,1,6329.22
6.0,3.0,93.4,145.4,721.4,8.1,30.2,24.0,2.7,0,0.0,-1.0,-1.8369701987210292e-16,-0.7818314824680299,0.6234898018587334,1,1,2.23606797749979,3.605551275463989,0,1,1,5843.339999999999
3.0,5.0,91.4,37.9,673.8,5.2,15.9,46.0,3.6,0,0.0,-0.8660254037844386,0.5000000000000001,0.4338837391175582,-0.900968867902419,0,0,2.0,3.0,1,0,1,3503.76
2.0,4.0,95.2,217.7,690.0,18.0,30.8,19.0,4.5,0,0.0,-0.8660254037844385,-0.5000000000000004,0.4338837391175582,-0.900968867902419,0,1,3.1622776601683795,6.324555320336759,1,1,1,12420.0
5.0,4.0,92.8,119.0,783.5,7.5,21.6,28.0,6.3,0,1.6882490928583902,-1.0,-1.8369701987210292e-16,-0.433883739117558,-0.9009688679024191,0,1,1.0,3.605551275463989,0,1,1,5876.25
4.0,5.0,91.2,48.3,97.8,12.5,15.8,27.0,7.6,0,0.0,1.0,6.123233995736766e-17,-0.9749279121818236,-0.2225209339563146,0,1,1.0,2.0,0,0,0,1222.5
8.0,6.0,93.7,231.1,715.1,8.4,18.9,64.0,4.9,0,0.0,-0.8660254037844385,-0.5000000000000004,-0.7818314824680299,0.6234898018587334,1,1,3.1622776601683795,0.0,1,0,1,6006.84
1.0,3.0,87.6,52.2,103.8,5.0,8.3,72.0,3.1,0,0.0,1.0,6.123233995736766e-17,0.7818314824680298,0.6234898018587336,0,1,4.47213595499958,5.385164807134504,0,0,0,519.0
3.0,6.0,90.9,126.5,686.5,7.0,15.6,66.0,3.1,0,0.0,-1.0,-1.8369701987210292e-16,0.7818314824680298,0.6234898018587336,0,1,2.23606797749979,5.0,0,0,1,4805.5
7.0,4.0,92.4,105.8,758.1,9.9,25.3,27.0,2.7,0,0.0,-1.0,-1.8369701987210292e-16,-2.4492935982947064e-16,1.0,1,1,2.23606797749979,2.23606797749979,0,1,1,7505.19
4.0,6.0,68.2,21.5,87.2,0.8,15.4,40.0,2.7,0,0.0,0.8660254037844386,0.5000000000000001,-0.7818314824680299,0.6234898018587334,1,0,1.4142135623730951,2.23606797749979,0,0,0,69.76
6.0,3.0,91.1,141.1,629.1,7.1,19.3,39.0,3.6,0,0.9400072584914712,-0.8660254037844385,-0.5000000000000004,-0.9749279121818236,-0.2225209339563146,0,1,2.23606797749979,3.605551275463989,1,0,1,4466.61
3.0,4.0,91.2,134.7,817.5,7.2,18.5,30.0,2.7,0,0.0,-1.0,-1.8369701987210292e-16,0.4338837391175582,-0.900968867902419,0,1,2.23606797749979,5.385164807134504,0,0,1,5886.0
5.0,4.0,85.2,4.9,15.8,6.3,7.5,46.0,8.0,0,3.228430037673012,0.8660254037844386,0.5000000000000001,-0.9749279121818236,-0.2225209339563146,0,0,1.0,1.4142135623730951,0,0,0,99.54
7.0,4.0,89.7,284.9,844.0,10.1,10.5,77.0,4.0,0,0.0,-1.0,-1.8369701987210292e-16,0.4338837391175582,-0.900968867902419,0,1,2.23606797749979,2.23606797749979,1,0,1,8524.4
3.0,4.0,90.2,18.5,41.1,7.3,11.2,41.0,5.4,0,1.8794650496471603,1.0,6.123233995736766e-17,0.4338837391175582,-0.900968867902419,0,1,2.23606797749979,3.1622776601683795,1,0,0,300.03000000000003
6.0,4.0,90.8,41.9,89.4,7.9,13.3,42.0,0.9,0,2.128231705849268,1.0,6.123233995736766e-17,-0.7818314824680299,0.6234898018587334,1,1,1.4142135623730951,1.0,0,0,0,706.2600000000001
3.0,4.0,91.0,129.5,692.6,7.0,13.9,59.0,6.3,0,2.50470927708418,-1.0,-1.8369701987210292e-16,0.9749279121818236,-0.2225209339563143,0,1,2.23606797749979,5.385164807134504,0,0,1,4848.2
2.0,4.0,81.6,56.7,665.6,1.9,21.9,71.0,5.8,0,4.012592060349841,-0.8660254037844385,-0.5000000000000004,-2.4492935982947064e-16,1.0,1,1,3.1622776601683795,6.324555320336759,1,0,0,1264.64
6.0,5.0,93.1,157.3,666.7,13.5,22.1,37.0,3.6,0,0.1906203596086497,-0.8660254037844385,-0.5000000000000004,0.4338837391175582,-0.900968867902419,0,1,1.0,2.23606797749979,1,1,1,9000.45
6.0,3.0,88.6,69.7,706.8,5.8,20.6,37.0,1.8,0,0.0,-1.0,-1.8369701987210292e-16,-0.9749279121818236,-0.2225209339563146,0,1,2.23606797749979,3.605551275463989,0,1,1,4099.44
1.0,2.0,90.7,80.9,368.3,16.8,14.8,78.0,8.0,0,0.0,-0.4999999999999997,-0.8660254037844388,-0.9749279121818236,-0.2225209339563146,0,0,5.0,8.06225774829855,0,0,0,6187.4400000000005
2.0,4.0,93.6,97.9,542.0,14.4,28.3,32.0,4.0,0,2.2874714551839976,-0.8660254037844385,-0.5000000000000004,0.7818314824680298,0.6234898018587336,0,1,3.1622776601683795,6.324555320336759,1,1,1,7804.8
7.0,4.0,91.4,142.4,601.4,10.6,20.1,39.0,5.4,0,1.3190856114264409,-0.8660254037844385,-0.5000000000000004,-2.4492935982947064e-16,1.0,1,1,2.23606797749979,2.23606797749979,1,1,1,6374.839999999999
6.0,6.0,94.2,62.3,442.9,11.0,23.0,36.0,3.1,0,0.0,-0.4999999999999997,-0.8660254037844388,0.7818314824680298,0.6234898018587336,0,0,1.4142135623730951,2.0,0,1,0,4871.9
8.0,6.0,92.3,85.3,488.0,14.7,22.2,29.0,5.4,0,0.0,-0.8660254037844385,-0.5000000000000004,-2.4492935982947064e-16,1.0,1,1,3.1622776601683795,0.0,1,1,0,7173.599999999999
4.0,4.0,92.4,124.1,680.7,8.5,16.9,60.0,1.3,0,3.4170707308184456,-1.0,-1.8369701987210292e-16,-2.4492935982947064e-16,1.0,1,1,1.4142135623730951,4.47213595499958,0,0,1,5785.950000000001
6.0,3.0,93.5,149.3,728.6,8.1,22.8,39.0,3.6,0,0.0,-1.0,-1.8369701987210292e-16,-2.4492935982947064e-16,1.0,1,1,2.23606797749979,3.605551275463989,1,1,1,5901.66
8.0,3.0,88.2,96.2,229.0,4.7,14.3,79.0,4.0,0,1.0784095813505905,1.2246467991473532e-16,-1.0,0.7818314824680298,0.6234898018587336,0,0,3.605551275463989,3.0,1,0,0,1076.3
2.0,2.0,92.1,152.6,658.2,14.3,21.8,56.0,3.1,0,0.418710334858185,-0.8660254037844385,-0.5000000000000004,0.9749279121818236,-0.2225209339563143,0,1,4.242640687119285,7.211102550927978,0,0,1,9412.26
4.0,6.0,93.7,80.9,685.2,17.9,17.6,42.0,3.1,0,0.0,-1.0,-1.8369701987210292e-16,-0.433883739117558,-0.9009688679024191,0,1,1.4142135623730951,4.0,0,0,1,12265.08
8.0,5.0,93.1,157.3,666.7,13.5,24.0,36.0,3.1,0,0.2151113796169455,-0.8660254037844385,-0.5000000000000004,0.4338837391175582,-0.900968867902419,0,1,3.0,1.0,0,1,1,9000.45
4.0,4.0,95.1,141.3,605.8,17.7,19.4,71.0,7.6,0,3.864931397894296,-0.8660254037844385,-0.5000000000000004,0.9749279121818236,-0.2225209339563143,0,1,1.4142135623730951,4.47213595499958,0,0,1,10722.659999999998
8.0,6.0,88.9,263.1,795.9,5.2,29.3,27.0,3.6,0,1.9878743481543453,-0.4999999999999997,-0.8660254037844388,-2.4492935982947064e-16,1.0,1,0,3.1622776601683795,0.0,1,1,1,4138.68
4.0,5.0,92.9,137.0,706.4,9.2,22.1,34.0,1.8,0,2.745345985845907,-1.0,-1.8369701987210292e-16,-0.433883739117558,-0.9009688679024191,0,1,1.0,4.123105625617661,0,1,1,6498.879999999999
2.0,4.0,50.4,46.2,706.6,0.4,12.2,78.0,6.3,0,0.0,-1.0,-1.8369701987210292e-16,-2.4492935982947064e-16,1.0,1,1,3.1622776601683795,6.324555320336759,0,0,0,282.64000000000004
2.0,5.0,93.7,231.1,715.1,8.4,23.6,53.0,4.0,0,2.005525858729668,-0.8660254037844385,-0.5000000000000004,-0.7818314824680299,0.6234898018587334,1,1,3.0,6.082762530298219,1,0,1,6006.84
6.0,5.0,87.2,15.1,36.9,7.1,10.2,45.0,5.8,0,1.430311246536665,1.0,6.123233995736766e-17,0.7818314824680298,0.6234898018587336,0,1,1.0,0.0,1,0,0,261.98999999999995
7.0,4.0,90.1,82.9,735.7,6.2,15.4,57.0,4.5,0,3.6560979645895566,-1.0,-1.8369701987210292e-16,0.4338837391175582,-0.900968867902419,0,1,2.23606797749979,2.23606797749979,1,0,1,4561.34
6.0,5.0,92.9,133.3,699.6,9.2,26.4,21.0,4.5,0,0.0,-1.0,-1.8369701987210292e-16,0.4338837391175582,-0.900968867902419,0,1,1.0,2.23606797749979,1,1,1,6436.32
3.0,4.0,84.4,73.4,671.9,3.2,17.9,45.0,3.1,0,0.0,-1.0,-1.8369701987210292e-16,0.9749279121818236,-0.2225209339563143,0,1,2.23606797749979,5.385164807134504,0,0,0,2150.08
7.0,4.0,90.9,126.5,686.5,7.0,19.4,48.0,1.3,0,0.0,-1.0,-1.8369701987210292e-16,0.7818314824680298,0.6234898018587336,0,1,2.23606797749979,2.23606797749979,0,0,1,4805.5
8.0,6.0,91.4,142.4,601.4,10.6,18.2,43.0,4.9,0,0.0,-0.8660254037844385,-0.5000000000000004,-2.4492935982947064e-16,1.0,1,1,3.1622776601683795,0.0,1,0,1,6374.839999999999
4.0,3.0,93.5,85.3,395.0,9.9,27.2,28.0,1.3,0,1.0152306797290584,-0.4999999999999997,-0.8660254037844388,-0.433883739117558,-0.9009688679024191,0,0,2.23606797749979,5.0,0,1,0,3910.5
5.0,4.0,91.8,175.1,700.7,13.8,25.7,39.0,5.4,0,0.0861776962410523,-0.8660254037844385,-0.5000000000000004,-2.4492935982947064e-16,1.0,1,1,1.0,3.605551275463989,1,1,1,9669.660000000002
2.0,5.0,90.8,84.7,376.6,5.6,23.8,51.0,1.8,0,0.0,-0.4999999999999997,-0.8660254037844388,-0.7818314824680299,0.6234898018587334,1,0,3.0,6.082762530298219,0,0,0,2108.96
7.0,4.0,90.6,35.4,669.1,6.7,18.0,33.0,0.9,0,0.0,-0.8660254037844386,0.5000000000000001,0.9749279121818236,-0.2225209339563143,0,0,2.23606797749979,1.4142135623730951,0,0,1,4482.97
2.0,2.0,92.1,111.2,654.1,9.6,18.4,45.0,3.6,0,0.9669838461896731,-0.8660254037844385,-0.5000000000000004,0.4338837391175582,-0.900968867902419,0,1,4.242640687119285,7.211102550927978,1,0,1,6279.36
6.0,5.0,91.2,48.3,97.8,12.5,11.7,33.0,4.0,0,2.231089091288976,1.0,6.123233995736766e-17,-0.9749279121818236,-0.2225209339563146,0,1,1.0,0.0,1,0,0,1222.5
6.0,3.0,84.9,27.5,353.5,3.4,4.2,51.0,4.0,0,0.0,0.8660254037844386,0.5000000000000001,-2.4492935982947064e-16,1.0,1,0,2.23606797749979,2.0,1,0,0,1201.9
6.0,5.0,91.2,94.3,744.4,8.4,15.4,57.0,4.9,0,3.6975913947159578,-1.0,-1.8369701987210292e-16,-0.7818314824680299,0.6234898018587334,1,1,1.0,2.23606797749979,1,0,1,6252.96
6.0,3.0,91.5,130.1,807.1,7.5,20.6,37.0,1.8,0,0.0,-1.0,-1.8369701987210292e-16,0.7818314824680298,0.6234898018587336,0,1,2.23606797749979,3.605551275463989,0,1,1,6053.25
4.0,4.0,92.1,99.0,745.3,9.6,20.8,35.0,4.9,0,2.643333886382519,-1.0,-1.8369701987210292e-16,-0.9749279121818236,-0.2225209339563146,0,1,1.4142135623730951,4.47213595499958,1,1,1,7154.879999999999
8.0,6.0,92.5,121.1,674.4,8.6,17.8,56.0,1.8,0,1.0818051703517284,-1.0,-1.8369701987210292e-16,-0.7818314824680299,0.6234898018587334,1,1,3.1622776601683795,0.0,0,0,1,5799.839999999999
2.0,2.0,86.6,13.2,43.0,5.3,12.3,51.0,0.9,0,0.0,0.8660254037844386,0.5000000000000001,-0.9749279121818236,-0.2225209339563146,0,0,4.242640687119285,5.0,0,0,0,227.9
9.0,5.0,93.3,49.5,297.7,14.0,28.0,34.0,4.5,0,0.0,1.2246467991473532e-16,-1.0,0.4338837391175582,-0.900968867902419,0,0,4.0,1.4142135623730951,1,1,0,4167.8
5.0,4.0,90.1,39.7,86.6,6.2,13.2,40.0,5.4,0,0.6678293725756554,1.0,6.123233995736766e-17,0.7818314824680298,0.6234898018587336,0,1,1.0,1.4142135623730951,1,0,0,536.92
2.0,4.0,63.5,70.8,665.3,0.8,22.6,38.0,3.6,0,2.511223958105374,-1.0,-1.8369701987210292e-16,0.7818314824680298,0.6234898018587336,0,1,3.1622776601683795,6.324555320336759,1,1,0,532.24
6.0,3.0,91.5,130.1,807.1,7.5,12.2,66.0,4.9,0,1.9600947840472696,-1.0,-1.8369701987210292e-16,0.7818314824680298,0.6234898018587336,0,1,2.23606797749979,3.605551275463989,1,0,1,6053.25
4.0,3.0,89.6,25.4,73.7,5.7,18.0,40.0,4.0,0,3.675794214565281,0.4999999999999999,-0.8660254037844387,-0.9749279121818236,-0.2225209339563146,0,1,2.23606797749979,2.8284271247461903,1,0,0,420.09
5.0,4.0,91.7,33.3,77.5,9.0,15.6,25.0,6.3,0,0.0,1.0,6.123233995736766e-17,-0.9749279121818236,-0.2225209339563146,0,1,1.0,1.4142135623730951,0,0,0,697.5
6.0,5.0,90.9,18.9,30.6,8.0,8.7,51.0,5.8,0,0.0,1.0,6.123233995736766e-17,-0.433883739117558,-0.9009688679024191,0,1,1.0,0.0,1,0,0,244.8
7.0,5.0,92.8,73.2,713.0,22.6,19.3,38.0,4.0,0,0.0,-1.0,-1.8369701987210292e-16,-0.7818314824680299,0.6234898018587334,1,1,2.0,1.4142135623730951,1,0,1,16113.8
1.0,3.0,91.0,276.3,825.1,7.1,21.9,43.0,4.0,0,4.27332721775054,-1.0,-1.8369701987210292e-16,-2.4492935982947064e-16,1.0,1,1,4.47213595499958,7.615773105863909,1,0,1,5858.21
2.0,2.0,93.0,75.3,466.6,7.7,18.8,35.0,4.9,0,0.0,-0.8660254037844385,-0.5000000000000004,-0.433883739117558,-0.9009688679024191,0,1,4.242640687119285,7.211102550927978,1,0,0,3592.82
8.0,6.0,91.5,145.4,608.2,10.7,8.0,86.0,2.2,0,0.0,-0.8660254037844385,-0.5000000000000004,0.7818314824680298,0.6234898018587336,0,1,3.1622776601683795,0.0,0,0,1,6507.74
6.0,5.0,91.2,94.3,744.4,8.4,16.8,47.0,4.9,0,2.613006652415316,-1.0,-1.8369701987210292e-16,-0.7818314824680299,0.6234898018587334,1,1,1.0,2.23606797749979,1,0,1,6252.96
6.0,5.0,90.1,39.7,86.6,6.2,15.2,27.0,3.1,0,3.492256112609122,1.0,6.123233995736766e-17,0.7818314824680298,0.6234898018587336,0,1,1.0,0.0,0,0,0,536.92
4.0,3.0,92.2,102.3,751.5,8.4,23.5,27.0,4.0,0,1.4655675420143983,-1.0,-1.8369701987210292e-16,-0.7818314824680299,0.6234898018587334,1,1,2.23606797749979,5.0,1,1,1,6312.6
2.0,4.0,92.1,111.2,654.1,9.6,20.5,35.0,4.0,0,0.9707789171582248,-0.8660254037844385,-0.5000000000000004,0.4338837391175582,-0.900968867902419,0,1,3.1622776601683795,6.324555320336759,1,1,1,6279.36
3.0,4.0,91.9,133.6,520.5,8.0,14.2,58.0,4.0,0,0.0,-0.4999999999999997,-0.8660254037844388,0.4338837391175582,-0.900968867902419,0,0,2.23606797749979,5.385164807134504,1,0,1,4164.0
1.0,4.0,94.4,146.0,614.7,11.3,25.6,42.0,4.0,0,0.0,-0.8660254037844385,-0.5000000000000004,-0.7818314824680299,0.6234898018587334,1,1,4.123105625617661,7.280109889280518,1,0,1,6946.110000000001
6.0,3.0,88.0,17.2,43.5,3.8,15.2,51.0,2.7,0,0.0,0.8660254037844387,-0.4999999999999998,0.4338837391175582,-0.900968867902419,0,0,2.23606797749979,2.0,0,0,0,165.29999999999998
7.0,4.0,94.3,85.1,692.3,15.9,20.1,47.0,4.9,0,3.3006401266708405,-1.0,-1.8369701987210292e-16,-0.9749279121818236,-0.2225209339563146,0,1,2.23606797749979,2.23606797749979,1,0,1,11007.57
8.0,5.0,89.7,90.0,704.4,4.8,17.8,67.0,2.2,0,1.1019400787607845,-1.0,-1.8369701987210292e-16,-2.4492935982947064e-16,1.0,1,1,3.0,1.0,0,0,1,3381.12
7.0,4.0,84.7,9.5,58.3,4.1,7.5,71.0,6.3,0,2.394252281519869,0.8660254037844386,0.5000000000000001,0.7818314824680298,0.6234898018587336,0,0,2.23606797749979,1.4142135623730951,0,0,0,239.03
1.0,2.0,91.0,166.9,752.6,7.1,25.9,41.0,3.6,0,0.0,-0.8660254037844385,-0.5000000000000004,-0.9749279121818236,-0.2225209339563146,0,1,5.0,8.06225774829855,1,0,1,5343.46
4.0,4.0,90.2,96.9,624.2,8.9,18.4,42.0,6.7,0,0.0,-0.8660254037844385,-0.5000000000000004,-0.7818314824680299,0.6234898018587334,1,1,1.4142135623730951,4.47213595499958,0,0,1,5555.380000000001
6.0,3.0,91.0,14.6,25.6,12.3,13.7,33.0,9.4,0,4.129228964075603,0.8660254037844387,-0.4999999999999998,-2.4492935982947064e-16,1.0,1,0,2.23606797749979,2.0,0,0,0,314.88000000000005
4.0,3.0,93.2,114.4,560.0,9.5,30.2,22.0,4.9,0,0.0,-0.4999999999999997,-0.8660254037844388,-0.433883739117558,-0.9009688679024191,0,0,2.23606797749979,5.0,1,1,1,5320.0
6.0,5.0,88.1,53.3,726.9,5.4,13.7,56.0,1.8,0,1.6900958154515549,-1.0,-1.8369701987210292e-16,-0.433883739117558,-0.9009688679024191,0,1,1.0,2.23606797749979,0,0,1,3925.26
3.0,4.0,94.3,85.1,692.3,15.9,19.8,50.0,5.4,0,0.0,-1.0,-1.8369701987210292e-16,-0.9749279121818236,-0.2225209339563146,0,1,2.23606797749979,5.385164807134504,1,0,1,11007.57
4.0,4.0,85.9,19.5,57.3,2.8,13.7,43.0,5.8,0,0.0,1.0,6.123233995736766e-17,-0.9749279121818236,-0.2225209339563146,0,1,1.4142135623730951,2.23606797749979,1,0,0,160.43999999999997
6.0,3.0,90.6,35.4,669.1,6.7,21.7,24.0,4.5,0,0.0,-0.8660254037844386,0.5000000000000001,0.9749279121818236,-0.2225209339563143,0,0,2.23606797749979,2.0,1,1,1,4482.97
4.0,4.0,92.5,88.0,698.6,7.1,19.6,48.0,2.7,0,0.0,-1.0,-1.8369701987210292e-16,-0.7818314824680299,0.6234898018587334,1,1,1.4142135623730951,4.47213595499958,0,0,1,4960.06
3.0,4.0,89.6,84.1,714.3,5.7,23.8,35.0,3.6,0,1.8213182714696,-1.0,-1.8369701987210292e-16,-2.4492935982947064e-16,1.0,1,1,2.23606797749979,5.385164807134504,1,1,1,4071.51
6.0,3.0,91.7,75.6,718.3,7.8,17.7,39.0,3.6,0,0.0,-1.0,-1.8369701987210292e-16,-2.4492935982947064e-16,1.0,1,1,2.23606797749979,3.605551275463989,1,0,1,5602.74
4.0,5.0,92.5,88.0,698.6,7.1,20.3,45.0,3.1,0,0.0,-1.0,-1.8369701987210292e-16,-0.7818314824680299,0.6234898018587334,1,1,1.0,4.123105625617661,0,0,1,4960.06
8.0,6.0,90.7,194.1,643.0,6.8,16.2,63.0,2.7,0,2.8524391037275145,-0.8660254037844385,-0.5000000000000004,-0.433883739117558,-0.9009688679024191,0,1,3.1622776601683795,0.0,0,0,1,4372.4
6.0,5.0,85.4,25.4,349.7,2.6,5.1,24.0,8.5,0,3.2492110246642736,-2.4492935982947064e-16,1.0,0.9749279121818236,-0.2225209339563143,0,1,1.0,0.0,0,0,0,909.22
9.0,9.0,85.8,48.3,313.4,3.9,18.0,42.0,2.7,0,0.3074846997479606,-0.4999999999999997,-0.8660254037844388,0.9749279121818236,-0.2225209339563143,0,0,5.656854249492381,3.1622776601683795,0,0,0,1222.26
8.0,6.0,84.0,27.8,354.6,5.3,5.1,61.0,8.0,0,2.5006159434931803,-2.4492935982947064e-16,1.0,0.4338837391175582,-0.900968867902419,0,1,3.1622776601683795,2.23606797749979,0,0,0,1879.38
3.0,4.0,92.6,46.5,691.8,8.8,20.6,24.0,5.4,0,0.0,-0.8660254037844386,0.5000000000000001,-2.4492935982947064e-16,1.0,1,0,2.23606797749979,3.1622776601683795,1,1,1,6087.84
8.0,6.0,85.6,90.4,609.6,6.6,17.4,50.0,4.0,0,1.3056264580524355,-0.8660254037844385,-0.5000000000000004,0.4338837391175582,-0.900968867902419,0,1,3.1622776601683795,0.0,1,0,0,4023.36
3.0,4.0,90.1,39.7,86.6,6.2,10.6,30.0,4.0,0,0.0,1.0,6.123233995736766e-17,0.7818314824680298,0.6234898018587336,0,1,2.23606797749979,3.1622776601683795,1,0,0,536.92
2.0,2.0,79.5,3.6,15.3,1.8,4.6,59.0,0.9,0,2.0592388343623163,0.8660254037844386,0.5000000000000001,-0.7818314824680299,0.6234898018587334,1,0,4.242640687119285,5.0,0,0,0,27.540000000000003
6.0,3.0,92.5,122.0,789.7,10.2,19.7,39.0,2.7,0,0.0,-1.0,-1.8369701987210292e-16,-0.9749279121818236,-0.2225209339563146,0,1,2.23606797749979,3.605551275463989,0,0,1,8054.94
6.0,5.0,87.1,291.3,860.6,4.0,17.0,67.0,4.9,0,1.599387576580599,-1.0,-1.8369701987210292e-16,-0.7818314824680299,0.6234898018587334,1,1,1.0,2.23606797749979,1,0,0,3442.4
4.0,4.0,79.5,60.6,366.7,1.5,23.3,37.0,3.1,0,0.0,-0.4999999999999997,-0.8660254037844388,0.9749279121818236,-0.2225209339563143,0,0,1.4142135623730951,4.47213595499958,0,1,0,550.05
1.0,2.0,91.0,129.5,692.6,7.0,18.8,40.0,2.2,0,5.365415110080531,-1.0,-1.8369701987210292e-16,0.9749279121818236,-0.2225209339563143,0,1,5.0,8.06225774829855,0,0,1,4848.2
6.0,5.0,92.5,122.0,789.7,10.2,18.4,42.0,2.2,0,0.7371640659767197,-1.0,-1.8369701987210292e-16,-0.9749279121818236,-0.2225209339563146,0,1,1.0,2.23606797749979,0,0,1,8054.94
7.0,4.0,91.0,276.3,825.1,7.1,13.8,77.0,7.6,0,2.48989419129904,-1.0,-1.8369701987210292e-16,-2.4492935982947064e-16,1.0,1,1,2.23606797749979,2.23606797749979,0,0,1,5858.21
8.0,3.0,93.7,80.9,685.2,17.9,23.2,26.0,4.9,0,3.1949928844048685,-1.0,-1.8369701987210292e-16,-0.433883739117558,-0.9009688679024191,0,1,3.605551275463989,3.0,1,1,1,12265.08
4.0,5.0,94.3,85.1,692.3,15.9,17.7,37.0,3.6,0,0.0,-1.0,-1.8369701987210292e-16,-0.9749279121818236,-0.2225209339563146,0,1,1.0,4.123105625617661,1,0,1,11007.57
3.0,4.0,91.7,33.3,77.5,9.0,18.8,18.0,4.5,0,0.0,1.0,6.123233995736766e-17,-0.9749279121818236,-0.2225209339563146,0,1,2.23606797749979,3.1622776601683795,1,0,0,697.5
7.0,6.0,93.1,180.4,430.8,11.0,26.9,28.0,5.4,0,4.471067201464611,-0.4999999999999997,-0.8660254037844388,0.9749279121818236,-0.2225209339563143,0,0,2.23606797749979,1.0,1,1,0,4738.8
4.0,3.0,93.7,101.3,423.4,14.7,26.1,45.0,4.0,0,2.1234584270966104,-0.4999999999999997,-0.8660254037844388,-2.4492935982947064e-16,1.0,1,0,2.23606797749979,5.0,1,0,0,6223.98
5.0,6.0,90.9,126.5,686.5,7.0,14.7,70.0,3.6,0,0.0,-1.0,-1.8369701987210292e-16,0.7818314824680298,0.6234898018587336,0,1,1.0,3.0,1,0,1,4805.5
9.0,4.0,91.6,104.2,474.9,9.0,25.3,39.0,0.9,0,2.19722457733622,-0.4999999999999997,-0.8660254037844388,-0.7818314824680299,0.6234898018587334,1,0,4.123105625617661,2.23606797749979,0,1,0,4274.099999999999
6.0,5.0,91.9,111.7,770.3,6.5,19.6,45.0,3.1,0,3.0459499897146083,-1.0,-1.8369701987210292e-16,0.9749279121818236,-0.2225209339563143,0,1,1.0,2.23606797749979,0,0,1,5006.95
9.0,9.0,84.2,6.8,26.6,7.7,6.7,79.0,3.1,0,0.0,0.8660254037844386,0.5000000000000001,-0.433883739117558,-0.9009688679024191,0,0,5.656854249492381,5.0,0,0,0,204.82
7.0,4.0,91.6,108.4,764.0,6.2,19.3,44.0,2.2,0,0.0,-1.0,-1.8369701987210292e-16,0.7818314824680298,0.6234898018587336,0,1,2.23606797749979,2.23606797749979,0,0,1,4736.8
2.0,4.0,91.6,108.4,764.0,6.2,20.4,41.0,1.8,0,0.904218150639886,-1.0,-1.8369701987210292e-16,0.7818314824680298,0.6234898018587336,0,1,3.1622776601683795,6.324555320336759,0,0,1,4736.8
8.0,6.0,93.7,80.9,685.2,17.9,23.7,25.0,4.5,0,0.7514160886839212,-1.0,-1.8369701987210292e-16,-0.433883739117558,-0.9009688679024191,0,1,3.1622776601683795,0.0,1,1,1,12265.08
7.0,4.0,93.5,139.4,594.2,20.3,5.1,96.0,5.8,0,3.295836866004329,-0.8660254037844385,-0.5000000000000004,-0.7818314824680299,0.6234898018587334,1,1,2.23606797749979,2.23606797749979,1,0,1,12062.260000000002
6.0,5.0,84.1,4.6,46.7,2.2,5.3,68.0,1.8,0,0.0,0.8660254037844386,0.5000000000000001,0.7818314824680298,0.6234898018587336,0,0,1.0,0.0,0,0,0,102.74
4.0,6.0,93.5,149.3,728.6,8.1,28.3,26.0,3.1,0,4.175924549214524,-1.0,-1.8369701987210292e-16,-2.4492935982947064e-16,1.0,1,1,1.4142135623730951,4.0,0,1,1,5901.66
6.0,5.0,96.0,127.1,570.5,16.5,23.4,33.0,4.5,0,1.2556160374777745,-0.8660254037844385,-0.5000000000000004,0.4338837391175582,-0.900968867902419,0,1,1.0,2.23606797749979,1,1,1,9413.25
1.0,4.0,92.1,87.7,721.1,9.5,18.1,54.0,3.1,0,1.1410330045520618,-1.0,-1.8369701987210292e-16,0.7818314824680298,0.6234898018587336,0,1,4.123105625617661,7.280109889280518,0,0,1,6850.45
4.0,3.0,90.5,96.7,750.5,11.4,20.4,55.0,4.9,0,1.534714366238164,-1.0,-1.8369701987210292e-16,-2.4492935982947064e-16,1.0,1,1,2.23606797749979,5.0,1,0,1,8555.7
4.0,4.0,93.5,149.3,728.6,8.1,22.9,39.0,4.9,0,3.902982260775997,-1.0,-1.8369701987210292e-16,-2.4492935982947064e-16,1.0,1,1,1.4142135623730951,4.47213595499958,1,1,1,5901.66
8.0,6.0,91.9,111.7,770.3,6.5,15.7,51.0,2.2,0,0.0,-1.0,-1.8369701987210292e-16,0.7818314824680298,0.6234898018587336,0,1,3.1622776601683795,0.0,0,0,1,5006.95
6.0,4.0,95.2,131.7,578.8,10.4,20.3,41.0,4.0,0,1.0647107369924282,-0.8660254037844385,-0.5000000000000004,-0.433883739117558,-0.9009688679024191,0,1,1.4142135623730951,2.8284271247461903,1,0,1,6019.52
7.0,4.0,93.5,139.4,594.2,20.3,23.7,32.0,5.8,0,0.0,-0.8660254037844385,-0.5000000000000004,-0.7818314824680299,0.6234898018587334,1,1,2.23606797749979,2.23606797749979,1,1,1,12062.260000000002
7.0,4.0,90.1,39.7,86.6,6.2,16.1,29.0,3.1,0,1.01160091167848,1.0,6.123233995736766e-17,0.7818314824680298,0.6234898018587336,0,1,2.23606797749979,1.4142135623730951,0,0,0,536.92
3.0,4.0,92.1,152.6,658.2,14.3,21.0,32.0,3.1,0,0.0,-0.8660254037844385,-0.5000000000000004,0.9749279121818236,-0.2225209339563143,0,1,2.23606797749979,5.385164807134504,0,1,1,9412.26
6.0,5.0,91.0,166.9,752.6,7.1,18.2,62.0,5.4,0,0.3576744442718159,-0.8660254037844385,-0.5000000000000004,-0.9749279121818236,-0.2225209339563146,0,1,1.0,2.23606797749979,1,0,1,5343.46
7.0,5.0,92.5,88.0,698.6,7.1,22.8,40.0,4.0,0,0.0,-1.0,-1.8369701987210292e-16,-0.7818314824680299,0.6234898018587334,1,1,2.0,1.4142135623730951,1,1,1,4960.06
2.0,5.0,87.5,77.0,694.8,5.0,22.3,46.0,4.0,0,0.0,-0.8660254037844385,-0.5000000000000004,-0.433883739117558,-0.9009688679024191,0,1,3.0,6.082762530298219,1,0,0,3474.0
2.0,2.0,88.3,150.3,309.9,6.8,13.4,79.0,3.6,0,3.6381123370602833,-0.4999999999999997,-0.8660254037844388,-0.9749279121818236,-0.2225209339563146,0,0,4.242640687119285,7.211102550927978,1,0,0,2107.32
3.0,4.0,93.0,75.3,466.6,7.7,19.6,36.0,3.1,0,0.0,-0.8660254037844385,-0.5000000000000004,-0.433883739117558,-0.9009688679024191,0,1,2.23606797749979,5.385164807134504,0,0,0,3592.82
7.0,4.0,92.1,99.0,745.3,9.6,20.6,43.0,3.6,0,1.1085626195212777,-1.0,-1.8369701987210292e-16,-0.9749279121818236,-0.2225209339563146,0,1,2.23606797749979,2.23606797749979,1,0,1,7154.879999999999
7.0,4.0,89.7,287.2,849.3,6.8,19.4,45.0,3.6,0,0.0,-1.0,-1.8369701987210292e-16,-0.433883739117558,-0.9009688679024191,0,1,2.23606797749979,2.23606797749979,1,0,1,5775.24
2.0,4.0,91.6,248.4,753.8,6.3,16.6,59.0,2.7,0,0.0,-0.8660254037844385,-0.5000000000000004,-0.433883739117558,-0.9009688679024191,0,1,3.1622776601683795,6.324555320336759,0,0,1,4748.94
2.0,4.0,92.4,105.8,758.1,9.9,24.9,27.0,2.2,0,0.0,-1.0,-1.8369701987210292e-16,-2.4492935982947064e-16,1.0,1,1,3.1622776601683795,6.324555320336759,0,1,1,7505.19
4.0,4.0,94.8,108.3,647.1,17.0,16.6,54.0,5.4,0,0.0,-0.8660254037844385,-0.5000000000000004,0.9749279121818236,-0.2225209339563143,0,1,1.4142135623730951,4.47213595499958,1,0,1,11000.7
7.0,4.0,94.8,227.0,706.7,12.0,23.3,34.0,3.1,0,0.0,-0.8660254037844385,-0.5000000000000004,-0.9749279121818236,-0.2225209339563146,0,1,2.23606797749979,2.23606797749979,0,1,1,8480.400000000001
2.0,2.0,90.2,99.6,631.2,6.3,20.8,33.0,2.7,0,0.0,-0.8660254037844385,-0.5000000000000004,-2.4492935982947064e-16,1.0,1,1,4.242640687119285,7.211102550927978,0,1,1,3976.56
6.0,3.0,91.6,138.1,621.7,6.3,18.9,41.0,3.1,0,2.428336298299606,-0.8660254037844385,-0.5000000000000004,-0.433883739117558,-0.9009688679024191,0,1,2.23606797749979,3.605551275463989,0,0,1,3916.71
4.0,6.0,89.3,51.3,102.2,9.6,10.6,46.0,4.9,0,0.0,1.0,6.123233995736766e-17,-2.4492935982947064e-16,1.0,1,1,1.4142135623730951,2.23606797749979,1,0,0,981.12
7.0,4.0,92.4,117.9,668.0,12.2,19.0,34.0,5.8,0,0.9895411936137476,-1.0,-1.8369701987210292e-16,-0.9749279121818236,-0.2225209339563146,0,1,2.23606797749979,2.23606797749979,1,0,1,8149.599999999999
7.0,5.0,86.2,26.2,94.3,5.1,8.2,51.0,6.7,0,0.0,1.0,6.123233995736766e-17,-0.9749279121818236,-0.2225209339563146,0,1,2.0,1.0,0,0,0,480.93
4.0,4.0,91.2,124.4,795.3,8.5,17.1,41.0,2.2,0,2.503073953743449,-1.0,-1.8369701987210292e-16,-0.7818314824680299,0.6234898018587334,1,1,1.4142135623730951,4.47213595499958,0,0,1,6760.049999999999
1.0,2.0,92.9,137.0,706.4,9.2,25.4,27.0,2.2,0,0.0,-1.0,-1.8369701987210292e-16,-0.433883739117558,-0.9009688679024191,0,1,5.0,8.06225774829855,0,1,1,6498.879999999999
1.0,2.0,94.8,108.3,647.1,17.0,18.6,51.0,4.5,0,0.0,-0.8660254037844385,-0.5000000000000004,0.9749279121818236,-0.2225209339563143,0,1,5.0,8.06225774829855,1,0,1,11000.7
6.0,5.0,91.2,48.3,97.8,12.5,14.6,26.0,9.4,0,1.2612978709452054,1.0,6.123233995736766e-17,-0.9749279121818236,-0.2225209339563146,0,1,1.0,0.0,0,0,0,1222.5
6.0,6.0,96.2,175.5,661.8,16.8,23.9,42.0,2.2,0,0.0,-0.8660254037844385,-0.5000000000000004,0.7818314824680298,0.6234898018587336,0,1,1.4142135623730951,2.0,0,0,1,11118.24
2.0,4.0,93.6,235.1,723.1,10.1,20.9,66.0,4.9,0,2.7936160894318567,-0.8660254037844385,-0.5000000000000004,-2.4492935982947064e-16,1.0,1,1,3.1622776601683795,6.324555320336759,1,0,1,7303.31
2.0,3.0,91.6,108.4,764.0,6.2,18.0,51.0,5.4,0,0.0,-1.0,-1.8369701987210292e-16,0.7818314824680298,0.6234898018587336,0,1,3.605551275463989,6.708203932499369,1,0,1,4736.8
7.0,4.0,90.7,44.0,92.4,5.5,11.5,60.0,4.0,0,2.2235418856535927,1.0,6.123233995736766e-17,-2.4492935982947064e-16,1.0,1,1,2.23606797749979,1.4142135623730951,1,0,0,508.2000000000001
9.0,4.0,84.4,73.4,671.9,3.2,24.3,36.0,3.1,0,4.669646205172456,-1.0,-1.8369701987210292e-16,0.9749279121818236,-0.2225209339563143,0,1,4.123105625617661,2.23606797749979,0,1,0,2150.08
8.0,6.0,81.6,56.7,665.6,1.9,27.8,35.0,2.7,0,0.0,-0.8660254037844385,-0.5000000000000004,-2.4492935982947064e-16,1.0,1,1,3.1622776601683795,0.0,0,1,0,1264.64
3.0,4.0,94.6,160.0,567.2,16.7,17.9,48.0,2.7,0,0.0,-0.4999999999999997,-0.8660254037844388,0.7818314824680298,0.6234898018587336,0,0,2.23606797749979,5.385164807134504,0,0,1,9472.24
4.0,3.0,90.3,80.7,730.2,6.3,17.8,63.0,4.9,0,0.0,-1.0,-1.8369701987210292e-16,0.9749279121818236,-0.2225209339563143,0,1,2.23606797749979,5.0,1,0,1,4600.26
6.0,5.0,81.5,9.1,55.2,2.7,5.8,54.0,5.8,0,2.4790562361098245,0.8660254037844387,-0.4999999999999998,-0.433883739117558,-0.9009688679024191,0,0,1.0,0.0,1,0,0,149.04000000000002
6.0,5.0,92.1,111.2,654.1,9.6,16.6,47.0,0.9,0,1.1908875647772803,-0.8660254037844385,-0.5000000000000004,0.4338837391175582,-0.900968867902419,0,1,1.0,2.23606797749979,0,0,1,6279.36
4.0,5.0,89.4,266.2,803.3,5.6,17.4,54.0,3.1,0,0.0,-0.8660254037844385,-0.5000000000000004,-0.433883739117558,-0.9009688679024191,0,1,1.0,4.123105625617661,0,0,1,4498.48
7.0,6.0,91.2,183.1,437.7,12.5,12.6,90.0,7.6,1,0.0,-0.4999999999999997,-0.8660254037844388,0.4338837391175582,-0.900968867902419,0,0,2.23606797749979,1.0,0,0,0,5471.25
4.0,4.0,85.4,25.4,349.7,2.6,4.6,21.0,8.5,0,3.136797713832594,-2.4492935982947064e-16,1.0,0.7818314824680298,0.6234898018587336,0,1,1.4142135623730951,2.23606797749979,0,0,0,909.22
2.0,2.0,92.4,117.9,668.0,12.2,23.0,37.0,4.5,0,0.0,-1.0,-1.8369701987210292e-16,-0.9749279121818236,-0.2225209339563146,0,1,4.242640687119285,7.211102550927978,1,1,1,8149.599999999999
8.0,6.0,90.7,194.1,643.0,6.8,21.3,41.0,3.6,0,0.0,-0.8660254037844385,-0.5000000000000004,-0.433883739117558,-0.9009688679024191,0,1,3.1622776601683795,0.0,1,0,1,4372.4
4.0,5.0,92.5,121.1,674.4,8.6,17.7,25.0,3.1,0,5.049086480470509,-1.0,-1.8369701987210292e-16,-0.7818314824680299,0.6234898018587334,1,1,1.0,4.123105625617661,0,0,1,5799.839999999999
3.0,4.0,91.4,142.4,601.4,10.6,19.8,39.0,5.4,0,0.0,-0.8660254037844385,-0.5000000000000004,-2.4492935982947064e-16,1.0,1,1,2.23606797749979,5.385164807134504,1,0,1,6374.839999999999
8.0,6.0,92.3,88.9,495.6,8.5,24.1,27.0,3.1,0,0.0,-0.8660254037844385,-0.5000000000000004,0.7818314824680298,0.6234898018587336,0,1,3.1622776601683795,0.0,0,1,0,4212.6
2.0,5.0,92.1,152.6,658.2,14.3,20.2,47.0,4.0,0,1.4085449700547104,-0.8660254037844385,-0.5000000000000004,0.9749279121818236,-0.2225209339563143,0,1,3.0,6.082762530298219,1,0,1,9412.26
1.0,4.0,90.5,196.8,649.9,16.3,11.8,88.0,4.9,0,2.3711778844596574,-0.8660254037844385,-0.5000000000000004,-0.9749279121818236,-0.2225209339563146,0,1,4.123105625617661,7.280109889280518,1,0,1,10593.37
3.0,4.0,91.5,145.4,608.2,10.7,10.3,74.0,2.2,0,0.0,-0.8660254037844385,-0.5000000000000004,0.7818314824680298,0.6234898018587336,0,1,2.23606797749979,5.385164807134504,0,0,1,6507.74
6.0,3.0,92.8,119.0,783.5,7.5,18.9,34.0,7.2,0,3.5655812377694427,-1.0,-1.8369701987210292e-16,-0.433883739117558,-0.9009688679024191,0,1,2.23606797749979,3.605551275463989,0,0,1,5876.25
1.0,2.0,92.9,137.0,706.4,9.2,22.4,34.0,2.2,0,0.0,-1.0,-1.8369701987210292e-16,-0.433883739117558,-0.9009688679024191,0,1,5.0,8.06225774829855,0,1,1,6498.879999999999
4.0,4.0,83.0,23.3,85.3,2.3,16.7,20.0,3.1,0,0.0,0.8660254037844387,-0.4999999999999998,-0.9749279121818236,-0.2225209339563146,0,0,1.4142135623730951,2.23606797749979,0,0,0,196.19
3.0,4.0,91.7,35.8,80.8,7.8,11.6,30.0,6.3,0,0.0,1.0,6.123233995736766e-17,-0.7818314824680299,0.6234898018587334,1,1,2.23606797749979,3.1622776601683795,0,0,0,630.24
7.0,4.0,91.8,175.1,700.7,13.8,21.9,73.0,7.6,1,0.0,-0.8660254037844385,-0.5000000000000004,-2.4492935982947064e-16,1.0,1,1,2.23606797749979,2.23606797749979,0,0,1,9669.660000000002
2.0,2.0,84.0,9.3,34.0,2.1,13.9,40.0,5.4,0,0.0,0.8660254037844386,0.5000000000000001,0.7818314824680298,0.6234898018587336,0,0,4.242640687119285,5.0,1,0,0,71.4
6.0,5.0,95.2,131.7,578.8,10.4,27.4,22.0,4.0,0,0.6418538861723948,-0.8660254037844385,-0.5000000000000004,-0.433883739117558,-0.9009688679024191,0,1,1.0,2.23606797749979,1,1,1,6019.52
7.0,4.0,91.6,104.2,474.9,9.0,22.1,49.0,2.7,0,0.0,-0.4999999999999997,-0.8660254037844388,-0.7818314824680299,0.6234898018587334,1,0,2.23606797749979,2.23606797749979,0,0,0,4274.099999999999
3.0,5.0,88.1,25.7,67.6,3.8,15.5,27.0,6.3,0,0.0,1.0,6.123233995736766e-17,0.9749279121818236,-0.2225209339563143,0,1,2.0,3.0,0,0,0,256.87999999999994
6.0,5.0,92.2,102.3,751.5,8.4,21.2,32.0,2.2,0,0.0,-1.0,-1.8369701987210292e-16,-0.7818314824680299,0.6234898018587334,1,1,1.0,2.23606797749979,0,1,1,6312.6
3.0,4.0,91.8,170.9,692.3,13.7,20.6,59.0,0.9,0,0.0,-0.8660254037844385,-0.5000000000000004,-0.7818314824680299,0.6234898018587334,1,1,2.23606797749979,5.385164807134504,0,0,1,9484.509999999998
8.0,5.0,93.1,157.3,666.7,13.5,26.8,25.0,3.1,0,0.5187937934151675,-0.8660254037844385,-0.5000000000000004,0.4338837391175582,-0.900968867902419,0,1,3.0,1.0,0,1,1,9000.45
6.0,5.0,92.2,102.3,751.5,8.4,19.7,35.0,1.8,0,0.0,-1.0,-1.8369701987210292e-16,-0.7818314824680299,0.6234898018587334,1,1,1.0,2.23606797749979,0,0,1,6312.6
2.0,5.0,90.1,82.9,735.7,6.2,18.3,45.0,2.2,0,1.7715567619105357,-1.0,-1.8369701987210292e-16,0.4338837391175582,-0.900968867902419,0,1,3.0,6.082762530298219,0,0,1,4561.34
4.0,3.0,94.5,139.4,689.1,20.0,28.9,29.0,4.9,0,3.923753928303845,-0.8660254037844385,-0.5000000000000004,0.4338837391175582,-0.900968867902419,0,1,2.23606797749979,5.0,1,1,1,13782.0
3.0,6.0,91.1,94.1,232.1,7.1,19.2,38.0,4.5,0,0.0,1.2246467991473532e-16,-1.0,-0.9749279121818236,-0.2225209339563146,0,0,2.23606797749979,5.0,1,0,0,1647.91
7.0,5.0,96.1,181.1,671.2,14.3,27.3,63.0,4.9,1,2.469793011977952,-0.8660254037844385,-0.5000000000000004,0.9749279121818236,-0.2225209339563143,0,1,2.0,1.4142135623730951,1,0,1,9598.160000000002
6.0,5.0,90.1,37.6,83.7,7.2,12.4,54.0,3.6,0,2.5726122302071057,1.0,6.123233995736766e-17,-2.4492935982947064e-16,1.0,1,1,1.0,0.0,1,0,0,602.64
2.0,2.0,94.8,108.3,647.1,17.0,24.6,22.0,4.5,0,2.2731562823032334,-0.8660254037844385,-0.5000000000000004,0.9749279121818236,-0.2225209339563143,0,1,4.242640687119285,7.211102550927978,1,1,1,11000.7
8.0,6.0,91.7,35.8,80.8,7.8,17.4,24.0,5.4,0,0.0,1.0,6.123233995736766e-17,-0.9749279121818236,-0.2225209339563146,0,1,3.1622776601683795,2.23606797749979,1,0,0,630.24
1.0,3.0,91.2,94.3,744.4,8.4,22.3,48.0,4.0,0,0.5423242908253617,-1.0,-1.8369701987210292e-16,-0.7818314824680299,0.6234898018587334,1,1,4.47213595499958,7.615773105863909,1,0,1,6252.96
8.0,6.0,94.8,222.4,698.6,13.9,27.5,27.0,4.9,0,6.616439947564594,-0.8660254037844385,-0.5000000000000004,-0.433883739117558,-0.9009688679024191,0,1,3.1622776601683795,0.0,1,1,1,9710.54
8.0,6.0,94.8,222.4,698.6,13.9,23.9,38.0,6.7,0,0.0,-0.8660254037844385,-0.5000000000000004,-0.433883739117558,-0.9009688679024191,0,1,3.1622776601683795,0.0,0,1,1,9710.54
1.0,2.0,95.5,99.9,513.3,13.2,23.3,31.0,4.5,0,0.4382549309311553,-0.8660254037844385,-0.5000000000000004,0.4338837391175582,-0.900968867902419,0,1,5.0,8.06225774829855,1,1,1,6775.559999999999
2.0,5.0,95.5,99.9,513.3,13.2,23.8,32.0,5.4,0,0.5709795465857378,-0.8660254037844385,-0.5000000000000004,0.4338837391175582,-0.900968867902419,0,1,3.0,6.082762530298219,1,1,1,6775.559999999999
2.0,2.0,91.5,130.1,807.1,7.5,16.8,43.0,3.1,0,1.9213246735826988,-1.0,-1.8369701987210292e-16,0.7818314824680298,0.6234898018587336,0,1,4.242640687119285,7.211102550927978,0,0,1,6053.25
4.0,5.0,92.9,133.3,699.6,9.2,19.4,19.0,1.3,0,3.487986511734546,-1.0,-1.8369701987210292e-16,0.4338837391175582,-0.900968867902419,0,1,1.0,4.123105625617661,0,0,1,6436.32
4.0,3.0,81.6,56.7,665.6,1.9,27.8,32.0,2.7,0,2.0068708488450007,-0.8660254037844385,-0.5000000000000004,-2.4492935982947064e-16,1.0,1,1,2.23606797749979,5.0,0,1,0,1264.64
4.0,3.0,92.1,111.2,654.1,9.6,20.4,42.0,4.9,0,0.0,-0.8660254037844385,-0.5000000000000004,0.4338837391175582,-0.900968867902419,0,1,2.23606797749979,5.0,1,0,1,6279.36
2.0,4.0,94.2,122.3,589.9,12.9,15.4,66.0,4.0,0,2.4096441652874536,-0.8660254037844385,-0.5000000000000004,-2.4492935982947064e-16,1.0,1,1,3.1622776601683795,6.324555320336759,1,0,1,7609.71
5.0,4.0,94.8,222.4,698.6,13.9,20.3,42.0,2.7,0,0.0,-0.8660254037844385,-0.5000000000000004,-0.433883739117558,-0.9009688679024191,0,1,1.0,3.605551275463989,0,0,1,9710.54
3.0,4.0,91.7,35.8,80.8,7.8,15.2,27.0,4.9,0,0.0,1.0,6.123233995736766e-17,-0.7818314824680299,0.6234898018587334,1,1,2.23606797749979,3.1622776601683795,1,0,0,630.24
8.0,6.0,92.3,85.3,488.0,14.7,20.8,32.0,6.3,0,0.0,-0.8660254037844385,-0.5000000000000004,-2.4492935982947064e-16,1.0,1,1,3.1622776601683795,0.0,0,1,0,7173.599999999999
3.0,4.0,92.1,99.0,745.3,9.6,17.4,57.0,4.5,0,0.0,-1.0,-1.8369701987210292e-16,-0.9749279121818236,-0.2225209339563146,0,1,2.23606797749979,5.385164807134504,1,0,1,7154.879999999999
1.0,5.0,90.9,126.5,686.5,7.0,21.0,42.0,2.2,0,2.1162555148025524,-1.0,-1.8369701987210292e-16,0.7818314824680298,0.6234898018587336,0,1,4.0,7.071067811865476,0,0,1,4805.5
2.0,2.0,91.1,103.2,638.8,5.8,23.1,31.0,3.1,0,0.0,-0.8660254037844385,-0.5000000000000004,0.7818314824680298,0.6234898018587336,0,1,4.242640687119285,7.211102550927978,0,1,1,3705.04
7.0,4.0,91.6,104.2,474.9,9.0,24.3,30.0,1.8,0,0.0,-0.4999999999999997,-0.8660254037844388,-0.7818314824680299,0.6234898018587334,1,0,2.23606797749979,2.23606797749979,0,1,0,4274.099999999999
4.0,5.0,91.4,30.7,74.3,7.5,18.2,29.0,3.1,0,0.0,1.0,6.123233995736766e-17,-0.433883739117558,-0.9009688679024191,0,1,1.0,2.0,0,0,0,557.25
4.0,3.0,93.0,103.8,316.7,10.8,26.4,35.0,2.7,0,2.405141681319138,1.2246467991473532e-16,-1.0,-0.433883739117558,-0.9009688679024191,0,0,2.23606797749979,5.0,0,1,0,3420.36
8.0,3.0,84.4,73.4,671.9,3.2,24.2,28.0,3.6,0,0.6729444732424258,-1.0,-1.8369701987210292e-16,0.9749279121818236,-0.2225209339563143,0,1,3.605551275463989,3.0,1,1,0,2150.08
8.0,6.0,91.1,91.3,738.1,7.2,20.7,46.0,2.7,0,3.43977686362963,-1.0,-1.8369701987210292e-16,-0.9749279121818236,-0.2225209339563146,0,1,3.1622776601683795,0.0,0,0,1,5314.320000000001
8.0,6.0,90.2,99.6,631.2,6.3,16.2,59.0,3.1,0,3.4986265269937014,-0.8660254037844385,-0.5000000000000004,-2.4492935982947064e-16,1.0,1,1,3.1622776601683795,0.0,0,0,1,3976.56
1.0,2.0,93.5,149.3,728.6,8.1,25.3,36.0,3.6,0,0.0,-1.0,-1.8369701987210292e-16,-2.4492935982947064e-16,1.0,1,1,5.0,8.06225774829855,1,1,1,5901.66
2.0,5.0,95.2,131.7,578.8,10.4,24.2,28.0,2.7,0,2.2700619012884857,-0.8660254037844385,-0.5000000000000004,-0.433883739117558,-0.9009688679024191,0,1,3.0,6.082762530298219,0,1,1,6019.52
4.0,5.0,92.4,96.2,739.4,8.6,18.6,24.0,5.8,0,0.0,-1.0,-1.8369701987210292e-16,-0.433883739117558,-0.9009688679024191,0,1,1.0,4.123105625617661,1,0,1,6358.839999999999
7.0,5.0,93.7,231.1,715.1,8.4,26.4,33.0,3.6,0,0.0,-0.8660254037844385,-0.5000000000000004,-0.7818314824680299,0.6234898018587334,1,1,2.0,1.4142135623730951,1,1,1,6006.84
6.0,5.0,92.0,203.2,664.5,8.1,19.1,70.0,2.2,0,0.0,-0.8660254037844385,-0.5000000000000004,-2.4492935982947064e-16,1.0,1,1,1.0,2.23606797749979,0,0,1,5382.45
6.0,5.0,91.3,20.6,43.5,8.5,13.3,27.0,3.6,0,2.0294631718735947,1.0,6.123233995736766e-17,-0.433883739117558,-0.9009688679024191,0,1,1.0,0.0,1,0,0,369.75
5.0,4.0,91.0,166.9,752.6,7.1,21.1,71.0,7.6,1,1.1537315878891892,-0.8660254037844385,-0.5000000000000004,-0.9749279121818236,-0.2225209339563146,0,1,1.0,3.605551275463989,0,0,1,5343.46
5.0,4.0,92.1,99.0,745.3,9.6,10.1,75.0,3.6,0,0.0,-1.0,-1.8369701987210292e-16,-0.9749279121818236,-0.2225209339563146,0,1,1.0,3.605551275463989,1,0,1,7154.879999999999
4.0,5.0,90.2,99.6,631.2,6.3,21.4,33.0,3.1,0,0.0,-0.8660254037844385,-0.5000000000000004,-2.4492935982947064e-16,1.0,1,1,1.0,4.123105625617661,0,1,1,3976.56
4.0,5.0,85.0,9.0,56.9,3.5,10.1,62.0,1.8,0,3.966132331075178,0.8660254037844386,0.5000000000000001,-2.4492935982947064e-16,1.0,1,0,1.0,2.0,0,0,0,199.15
1.0,2.0,91.0,121.2,561.6,7.0,21.6,19.0,6.7,0,0.0,-0.8660254037844385,-0.5000000000000004,0.9749279121818236,-0.2225209339563143,0,1,5.0,8.06225774829855,0,1,1,3931.2
2.0,2.0,94.8,108.3,647.1,17.0,17.4,43.0,6.7,0,0.7275486072772778,-0.8660254037844385,-0.5000000000000004,0.9749279121818236,-0.2225209339563143,0,1,4.242640687119285,7.211102550927978,0,0,1,11000.7
2.0,2.0,92.5,121.1,674.4,8.6,18.2,46.0,1.8,0,5.307970623576175,-1.0,-1.8369701987210292e-16,-0.7818314824680299,0.6234898018587334,1,1,4.242640687119285,7.211102550927978,0,0,1,5799.839999999999
7.0,4.0,91.5,238.2,730.6,7.5,17.7,65.0,4.0,0,0.0,-0.8660254037844385,-0.5000000000000004,0.7818314824680298,0.6234898018587336,0,1,2.23606797749979,2.23606797749979,1,0,1,5479.5
8.0,6.0,92.1,207.0,672.6,8.2,21.1,54.0,2.2,0,0.0,-0.8660254037844385,-0.5000000000000004,0.7818314824680298,0.6234898018587336,0,1,3.1622776601683795,0.0,0,0,1,5515.32
1.0,3.0,94.8,222.4,698.6,13.9,26.2,34.0,5.8,0,0.0,-0.8660254037844385,-0.5000000000000004,-0.433883739117558,-0.9009688679024191,0,1,4.47213595499958,7.615773105863909,1,1,1,9710.54
6.0,3.0,92.7,164.1,575.8,8.9,26.3,39.0,3.1,0,2.081938421878423,-0.4999999999999997,-0.8660254037844388,0.9749279121818236,-0.2225209339563143,0,0,2.23606797749979,3.605551275463989,0,1,1,5124.62
7.0,4.0,88.2,55.2,732.3,11.6,15.2,64.0,3.1,0,0.418710334858185,-1.0,-1.8369701987210292e-16,-0.9749279121818236,-0.2225209339563146,0,1,2.23606797749979,2.23606797749979,0,0,1,8494.679999999998
4.0,4.0,88.1,25.7,67.6,3.8,14.1,43.0,2.7,0,0.0,1.0,6.123233995736766e-17,0.9749279121818236,-0.2225209339563143,0,1,1.4142135623730951,2.23606797749979,0,0,0,256.87999999999994
6.0,3.0,84.1,7.3,52.8,2.7,14.7,42.0,2.7,0,0.0,0.8660254037844386,0.5000000000000001,-0.9749279121818236,-0.2225209339563146,0,0,2.23606797749979,2.0,0,0,0,142.56
4.0,4.0,96.1,181.1,671.2,14.3,20.7,69.0,4.9,1,0.0,-0.8660254037844385,-0.5000000000000004,0.9749279121818236,-0.2225209339563143,0,1,1.4142135623730951,4.47213595499958,1,0,1,9598.160000000002
3.0,4.0,91.5,145.4,608.2,10.7,17.1,43.0,5.4,0,0.0,-0.8660254037844385,-0.5000000000000004,0.7818314824680298,0.6234898018587336,0,1,2.23606797749979,5.385164807134504,1,0,1,6507.74
8.0,6.0,91.2,147.8,377.2,12.7,19.6,43.0,4.9,0,0.0,1.2246467991473532e-16,-1.0,0.4338837391175582,-0.900968867902419,0,0,3.1622776601683795,0.0,1,0,0,4790.44
4.0,3.0,92.6,46.5,691.8,8.8,13.8,50.0,2.7,0,0.0,-0.8660254037844386,0.5000000000000001,-2.4492935982947064e-16,1.0,1,0,2.23606797749979,2.8284271247461903,0,0,1,6087.84
7.0,3.0,87.6,52.2,103.8,5.0,11.0,46.0,5.8,0,3.3446270301737613,1.0,6.123233995736766e-17,0.7818314824680298,0.6234898018587336,0,1,2.8284271247461903,2.23606797749979,1,0,0,519.0
6.0,5.0,90.2,96.9,624.2,8.9,14.7,59.0,5.8,0,0.0,-0.8660254037844385,-0.5000000000000004,-0.7818314824680299,0.6234898018587334,1,1,1.0,2.23606797749979,1,0,1,5555.380000000001
3.0,4.0,88.1,25.7,67.6,3.8,15.8,27.0,7.6,0,0.0,1.0,6.123233995736766e-17,0.9749279121818236,-0.2225209339563143,0,1,2.23606797749979,3.1622776601683795,0,0,0,256.87999999999994
4.0,4.0,89.7,90.0,704.4,4.8,17.8,64.0,1.3,0,0.0,-1.0,-1.8369701987210292e-16,-2.4492935982947064e-16,1.0,1,1,1.4142135623730951,4.47213595499958,0,0,1,3381.12
4.0,5.0,96.2,175.5,661.8,16.8,32.6,26.0,3.1,0,1.3270750014599193,-0.8660254037844385,-0.5000000000000004,0.7818314824680298,0.6234898018587336,0,1,1.0,4.123105625617661,0,1,1,11118.24
2.0,4.0,91.8,175.1,700.7,13.8,22.4,54.0,7.6,0,1.3532545070416904,-0.8660254037844385,-0.5000000000000004,-2.4492935982947064e-16,1.0,1,1,3.1622776601683795,6.324555320336759,0,0,1,9669.660000000002
1.0,4.0,91.5,130.1,807.1,7.5,21.3,35.0,2.2,0,3.373826184866024,-1.0,-1.8369701987210292e-16,0.7818314824680298,0.6234898018587336,0,1,4.123105625617661,7.280109889280518,0,1,1,6053.25
4.0,4.0,93.7,102.2,550.3,14.6,22.1,54.0,7.6,0,0.5822156198526637,-0.8660254037844385,-0.5000000000000004,0.9749279121818236,-0.2225209339563143,0,1,1.4142135623730951,4.47213595499958,0,0,1,8034.379999999999
4.0,4.0,92.1,99.0,745.3,9.6,15.4,53.0,6.3,0,2.1174596088673567,-1.0,-1.8369701987210292e-16,-0.9749279121818236,-0.2225209339563146,0,1,1.4142135623730951,4.47213595499958,0,0,1,7154.879999999999
8.0,6.0,95.2,131.7,578.8,10.4,20.7,45.0,2.2,0,1.2669476034873244,-0.8660254037844385,-0.5000000000000004,-0.433883739117558,-0.9009688679024191,0,1,3.1622776601683795,0.0,0,0,1,6019.52
5.0,4.0,93.3,141.2,713.9,13.9,27.6,30.0,1.3,0,0.0,-1.0,-1.8369701987210292e-16,-0.9749279121818236,-0.2225209339563146,0,1,1.0,3.605551275463989,0,1,1,9923.21
7.0,4.0,84.16512611356666,1.1,7.9,3.4993965036214094,4.843440845913316,22.517157038559773,9.237266953502285,0,1.8835611571127824,0.9657888120035026,1.0,-2.4492935982947064e-16,1.0,1,0,2.23606797749979,1.4142135623730951,0,0,0,27.645232378609137
8.0,7.0,85.91238688527177,5.732043775634321,156.7657405014987,2.1001855105869494,8.901730501054628,21.741710194543153,3.546659830992185,0,3.157700251472915,0.09629543799673032,1.0,-0.7818314824680299,0.6234898018587334,1,0,3.605551275463989,2.8284271247461903,1,0,0,329.23713675768124
4.0,4.0,94.67066399633708,73.84747633921134,551.7581822371293,10.304854654920645,30.07323424736122,19.420305883601614,1.2168660635092472,0,2.816806171959222,-1.0,0.10896263957416803,0.7818314824680298,0.6234898018587336,0,1,1.4142135623730951,4.47213595499958,0,1,1,5685.787872616835
3.0,6.0,85.37485442997072,80.99594473878389,665.6727940024405,1.3248792517994388,12.316903647058824,26.602975012392882,3.3516003486961443,0,2.9723449677237492,-0.8413309622379876,1.0,-0.9749279121818236,-0.2225209339563146,0,0,2.23606797749979,3.1622776601683795,0,0,0,881.9360732611952
6.0,3.0,79.464520969045,1.1,7.9,1.2531063808713676,3.014806759129976,54.49007880257058,8.176386556667497,0,3.139036108545158,1.0,0.427478939445269,0.7818314824680298,0.6234898018587336,0,0,2.23606797749979,2.0,0,0,0,9.899540408883805
2.0,5.0,84.43715911141766,102.01847769923761,704.777337808103,0.9188158551246541,23.99214310272826,39.139348349898995,3.162644799153708,0,5.664094076190616,-0.9144398692763045,0.21862669697181322,-0.7818314824680299,0.6234898018587334,1,1,3.0,6.082762530298219,0,1,0,647.5605923106293
5.0,4.0,90.13808658789122,177.03226757289525,442.8886586991357,5.916288758353186,17.848354106979983,100.0,5.117146818003698,0,3.579265946018786,0.7066307067978741,-1.0,-0.9749279121818236,-0.2225209339563146,0,0,1.0,1.4142135623730951,1,0,0,2620.2571926638175
9.0,4.0,92.67810981383101,99.87080108982737,688.9970213129544,9.540993237516743,21.140262121165748,48.29668114466189,1.9344035800984525,0,3.2612900479439713,-0.8813498173455985,-0.001876547028547104,-2.4492935982947064e-16,1.0,1,0,4.123105625617661,3.1622776601683795,0,0,1,6573.715921016077
7.0,4.0,91.6980939651512,52.02912352459524,769.3302702971745,5.382612290887355,27.068314244275886,18.823358863602063,6.523930564565654,0,4.093865923105482,-1.0,0.1200901261218795,-0.7818314824680299,0.6234898018587334,1,1,2.23606797749979,2.23606797749979,0,1,1,4141.006568653263
8.0,5.0,96.2,176.9688137983989,369.61675344938726,17.274762468405775,30.61362295311169,18.94411255769569,2.3558453843506206,0,4.480257274279867,-0.7271327730703058,-0.8282955406676786,-2.4492935982947064e-16,1.0,1,0,3.0,2.0,0,1,0,6385.041620181466
3.0,4.0,89.85675448177408,48.8485843513521,227.43059793702022,6.894516982998956,15.452801584760701,18.71741089666696,3.4112644358354194,0,3.2148519898107053,0.8926142710796549,1.0,0.4338837391175582,-0.900968867902419,0,0,2.23606797749979,3.1622776601683795,0,0,0,1568.0241199303932
3.0,5.0,91.95904711074557,91.94980002362094,79.66068839134846,6.852981282442304,14.920478286120032,60.43675947372062,2.1187534722500145,0,4.538173466825718,0.67892083976313,-0.44157326634795135,0.4338837391175582,-0.900968867902419,0,0,2.0,3.0,0,0,0,545.9132064923799
2.0,2.0,81.73052095018913,109.76245934436747,694.6068686455623,1.2671072431683292,4.812696984270351,80.96851337288642,6.381793495843399,0,3.2071374498716994,-0.6952980297579334,-0.18151408187788567,0.9749279121818236,-0.2225209339563143,0,0,4.242640687119285,5.0,0,0,0,880.1413944152641
5.0,5.0,83.56240425878664,1.1,105.43075504712247,1.5832688879415793,23.565570156437087,34.069712799360566,1.8009474752810006,0,3.552750398713998,0.8577689711476887,0.11724214546953983,0.7818314824680298,0.6234898018587336,0,0,0.0,1.0,0,1,0,166.92523429829865
4.0,4.0,89.62173783249139,10.748160984404576,78.11260947292654,6.798146347014007,14.048117777365935,44.62300653657584,3.905465934221433,0,4.988750171623531,0.09185975250351824,-0.34909392571910364,0.9749279121818236,-0.2225209339563143,0,0,1.4142135623730951,2.23606797749979,1,0,0,531.0209507441073
3.0,4.0,91.0700922205127,139.9227693686001,728.1409998337152,6.031322973885683,21.79166865319728,25.708462879201264,2.6492113052723476,0,3.4013826749956975,-0.8653087944383007,0.3465127220209659,-2.4492935982947064e-16,1.0,1,0,2.23606797749979,3.1622776601683795,0,1,1,4391.653540525178
2.0,3.0,91.36737930981977,143.31008474828096,656.4250879549801,7.975685696272766,19.54140074952174,20.581399726813093,5.391162942888204,0,3.2134456963531925,-0.8695625043677032,-0.00971497014428971,0.9749279121818236,-0.2225209339563143,0,0,3.605551275463989,4.47213595499958,1,0,1,5235.440184677127
6.0,6.0,81.76583613670306,92.19556558261152,690.4636807499063,0.5634899808797587,13.457695238667585,34.62578720050162,4.960148702889319,0,3.16544477664378,-0.9611826506496212,0.6275834421674436,-0.7818314824680299,0.6234898018587334,1,0,1.4142135623730951,1.0,1,0,0,389.06936626393247
1.0,2.0,94.71853887612329,152.34273665193314,642.9406600294689,15.684321643911032,29.622560412205623,63.46377966125384,6.612680413672452,0,4.350801923344047,-0.8644201851630915,-1.0,-2.4492935982947064e-16,1.0,1,1,5.0,8.06225774829855,0,0,1,10084.088109850643
7.0,4.0,83.40423991008524,1.1,7.9,2.8764360502219417,2.4704054813439535,37.900282103143866,9.273199141222017,0,2.230549671481769,1.0,0.5425354848593867,0.7818314824680298,0.6234898018587336,0,0,2.23606797749979,1.4142135623730951,0,0,0,22.72384479675334
3.0,4.0,93.37409298844426,112.90337690252612,830.1844712233401,7.8722574171590765,24.508964244377104,19.47821727449128,1.3008253193194845,0,3.528748336790238,-1.0,-0.10747629162054545,-0.9749279121818236,-0.2225209339563146,0,1,2.23606797749979,5.385164807134504,0,1,1,6535.425861198225
3.0,3.0,89.40550375628246,86.2089403799639,704.1396534058354,4.625008521469077,14.597433495772718,78.78243854184316,3.10589752006219,0,3.1450084829191205,-0.7282822645989582,0.0027218998039203707,0.9749279121818236,-0.2225209339563143,0,0,2.8284271247461903,3.605551275463989,0,0,1,3256.651897306271
4.0,3.0,85.10047377153012,51.951784959134905,357.1577270542235,3.1278777598293455,9.897104129757757,31.465703033061644,8.137465693246748,0,2.9869673767803278,0.6258378047543208,0.9372958410760982,-0.7818314824680299,0.6234898018587334,1,0,2.23606797749979,2.8284271247461903,0,0,0,1117.1457112041055
6.0,8.0,96.2,252.9799724626449,860.6,12.560847822531597,19.20175581765475,27.82521464657247,2.465544452463984,0,3.6401143321941247,-1.0,0.2956672821790782,-0.9749279121818236,-0.2225209339563146,0,0,3.1622776601683795,3.0,0,0,1,10809.865636070694
6.0,3.0,84.36855234927967,136.48659202123824,678.5565825530232,2.990202358368903,14.774718695715615,73.79270113367724,3.034129249412151,0,3.7222771602346376,-0.9039334706080405,-0.23938216922719271,-0.7818314824680299,0.6234898018587334,1,0,2.23606797749979,2.0,0,0,0,2029.0214934367932
3.0,4.0,96.2,109.33021990900441,648.2994808805746,22.7,25.928157418302916,30.2324058650523,5.206480000965343,0,3.888779548588163,-0.8692114939728888,-0.12874685743098285,-0.9749279121818236,-0.2225209339563146,0,1,2.23606797749979,5.385164807134504,1,1,1,14716.398215989044
5.0,3.0,92.35079747072936,223.1087881659026,279.13394318399304,12.03614996319018,8.72052422095568,59.68260096404873,9.4,0,4.266207080206096,0.4842157899670547,-0.6745978741455229,-0.9749279121818236,-0.2225209339563146,0,0,2.0,2.23606797749979,0,0,0,3359.6979999791474
3.0,3.0,89.9040593232263,59.40273941605424,670.7837722229593,7.700573603551204,17.93325284155859,26.139699214965717,4.847178079291182,0,3.684386726624471,-0.8649914808165238,-0.010037606705918278,0.9749279121818236,-0.2225209339563143,0,0,2.8284271247461903,3.605551275463989,1,0,1,5165.4198100706235
5.0,3.0,85.33011285851794,123.92963499210589,113.67102665421478,4.319818971655643,15.656096184487662,67.52509595279881,7.574816237059525,0,4.305490843681242,1.0,-0.5651126389229423,-2.4492935982947064e-16,1.0,1,0,2.0,2.23606797749979,0,0,0,491.03825746845126
6.0,5.0,91.0242043361969,70.91345992958843,731.7428589491863,7.575079724117328,26.679599117843775,27.63455800702353,5.266086160054528,0,2.8474946169345086,-1.0,-0.024158509213315006,-2.4492935982947064e-16,1.0,1,1,1.0,2.23606797749979,1,1,1,5543.010494093627
1.0,2.0,92.18476251166152,92.07755274127476,688.5916045795593,7.501850168527271,21.31295493798106,40.10883959030083,2.461410449853234,0,4.5880653947845556,-1.0,0.17113590446378832,-0.7818314824680299,0.6234898018587334,1,0,5.0,5.830951894845301,0,0,1,5165.711044861631
6.0,5.0,96.2,149.25498885784617,660.9518247662029,22.7,33.1,24.892704961074998,3.1826483512642882,0,3.185294238049798,-1.0,-0.7914904655038152,0.4338837391175582,-0.900968867902419,0,1,1.0,2.23606797749979,0,1,1,15003.606422192805
8.0,5.0,80.86131174705969,23.280008568760397,536.2594106657884,2.1224223956054327,2.3451799689316184,77.8622084650548,3.1743566415093367,0,3.3552030319079154,-0.5493555516370109,0.7300230829176079,-0.9749279121818236,-0.2225209339563146,0,0,3.0,2.0,0,0,0,1138.1689830512403
8.0,4.0,92.23262060843571,144.6501330263137,683.1984976544051,7.862855114020411,28.831886072207336,30.64130955550628,3.4319943413592435,0,6.616439947564594,-0.8761729082036372,-0.8938331458609372,-0.9749279121818236,-0.2225209339563146,0,1,3.1622776601683795,2.0,0,1,1,5371.890801173
7.0,4.0,91.69391817295786,31.50909179884141,676.2504258694602,8.972589509299988,17.98390564201567,19.3796513994047,4.851044506934279,0,2.997373220096014,-1.0,0.9259696547167202,0.9749279121818236,-0.2225209339563143,0,0,2.23606797749979,1.4142135623730951,1,0,1,6067.7174768159675
3.0,5.0,91.24890969717178,155.41387288422948,158.96129330622915,7.678732116269359,19.68898325034253,42.16502660541725,3.4310811097625353,0,2.9583010568738555,0.798570694795573,-1.0,-2.4492935982947064e-16,1.0,1,0,2.0,3.0,0,0,0,1220.6211881542552
8.0,4.0,93.90747610782317,72.64584941764416,7.9,14.235134842985877,20.773974045959097,32.963033435306336,4.374026055710627,0,4.996902782728252,0.6959017326314929,-1.0,-0.7818314824680299,0.6234898018587334,1,0,3.1622776601683795,2.23606797749979,1,1,0,112.45756525958843
5.0,5.0,87.7075541879073,1.1,7.9,3.9987722677739583,2.2,22.8755377648345,9.008797436246972,0,2.2619988151761268,1.0,1.0,-0.9749279121818236,-0.2225209339563146,0,0,0.0,1.0,0,0,0,31.59030091541427
5.0,5.0,92.37573321022685,38.84201707749868,23.543337794614672,9.6260429302,26.413015686969583,32.13274723634967,2.0734206391016863,0,4.369896080811827,0.3919435479076216,-1.0,-0.433883739117558,-0.9009688679024191,0,0,0.0,1.0,0,1,0,226.62918033116102
1.0,3.0,93.64355526768456,90.27159035417242,408.5055741937577,7.5066712457840925,23.899256901220117,18.71621897068644,2.872265672320314,0,4.022202247289006,-0.7474101164854848,0.2879810929824441,-2.4492935982947064e-16,1.0,1,0,4.47213595499958,5.385164807134504,0,1,0,3066.5170475428013
7.0,5.0,94.45368760486585,187.9043454627924,718.3311704518193,22.7,20.971626261835475,57.378871242934814,3.5996821360496605,0,2.997046790699497,-1.0,-0.6915640868699032,-0.7818314824680299,0.6234898018587334,1,0,2.0,1.0,1,0,1,16306.117569256297
8.0,5.0,85.37694948333362,86.51982565736614,671.479746128232,3.0969491664061257,12.781145835015892,31.23639473228665,8.77793987604704,0,2.8804465110565545,-0.6450120063636292,0.09210461219837608,-0.7818314824680299,0.6234898018587334,1,0,3.0,2.0,0,0,0,2079.538640030425
4.0,3.0,92.57052019714052,97.79603727851169,599.9151511536938,7.844212265698593,24.843121170060996,30.27505264727231,5.332961078442053,0,4.477805134511287,-0.889596993734971,-0.0021448531545558065,-0.7818314824680299,0.6234898018587334,1,1,2.23606797749979,5.0,1,1,1,4705.86178705823
6.0,6.0,90.71836680289728,139.33680805988004,616.7308582285056,5.884960078868475,19.94387641085734,29.216918015381495,2.9472350566407037,0,3.310336588404603,-0.8633846801834578,-0.21012326493754066,0.9749279121818236,-0.2225209339563143,0,0,1.4142135623730951,1.0,0,0,1,3629.436480081048
6.0,4.0,93.7199677110014,291.3,748.2593440946981,8.167675219626002,25.722812888486132,28.26994854780986,1.3348105433000965,0,4.166177529393598,-0.8975964117281219,-0.8157628969103716,-2.4492935982947064e-16,1.0,1,1,1.4142135623730951,2.8284271247461903,0,1,1,6111.539302615872
7.0,5.0,92.68477885870628,148.82335440918484,790.2465876311368,7.245216172269576,28.41862473874373,20.991359446824177,2.6852545507849843,0,4.151282805129336,-1.0,0.0009149505986285448,-0.7818314824680299,0.6234898018587334,1,1,2.0,1.4142135623730951,0,1,1,5725.507356785958
3.0,5.0,91.8390477720716,249.24622924256386,776.3008241899663,6.4831928227112225,18.35922495193932,68.9204524616709,1.2759870352136704,0,3.7299175398193176,-0.8173837526129526,-0.42734881573219147,-0.9749279121818236,-0.2225209339563146,0,0,2.0,3.0,0,0,1,5032.907931653196
8.0,4.0,91.58978318566639,91.88572143599941,652.7644797551357,8.35272146057984,22.957216521197967,53.04330481776112,3.078695724784859,0,6.616439947564594,-1.0,-0.6335524431666256,-0.9749279121818236,-0.2225209339563146,0,1,3.1622776601683795,2.0,0,0,1,5452.359878754956
9.0,5.0,91.4406890820593,78.07950692771466,692.0818734001101,9.66588716486627,17.184694896025476,57.697765661531896,7.798657313374446,0,3.5470302339215944,-0.9663138879618655,0.001605153317749552,-2.4492935982947064e-16,1.0,1,0,4.0,3.0,0,0,1,6689.585297134727
2.0,3.0,82.98991370610771,1.1,98.9974330984174,4.021128188719445,11.135177117926885,57.02625062433111,7.528873667437616,0,3.887467968276383,-0.11196329028462942,0.035091447902070166,-2.4492935982947064e-16,1.0,1,0,3.605551275463989,4.47213595499958,0,0,0,398.08136884291366
6.0,4.0,92.3410267485196,114.96512234530744,793.6268552150069,7.075587637500309,20.2635444563353,76.79184800001345,1.6394316674862512,0,3.1802563878626304,-1.0,-0.5297413273802857,-0.7818314824680299,0.6234898018587334,1,0,1.4142135623730951,1.0,0,0,1,5615.37636554755
4.0,4.0,91.48887794230684,29.182164119932295,644.5052530672699,6.253064145476619,17.478285968892997,23.3651622549989,3.9075738256554096,0,2.815350184690298,-1.0,0.30682136909150465,0.4338837391175582,-0.900968867902419,0,0,1.4142135623730951,2.23606797749979,1,0,1,4030.1326895262805
7.0,3.0,91.2791177479145,38.50025338323303,7.9,9.299495163455259,18.674476043211236,37.040747885058856,4.047934334855324,0,2.6977265869105924,1.0,-0.8481515062578432,-0.7818314824680299,0.6234898018587334,1,0,2.8284271247461903,2.23606797749979,1,0,0,73.46601179129655
1.0,3.0,93.3204948605388,217.81649520534364,491.3195600765203,9.749621774927865,18.234055678652535,74.79492085925027,4.049043359264077,0,5.186665995618036,-0.18236763076824153,-1.0,-2.4492935982947064e-16,1.0,1,0,4.47213595499958,5.385164807134504,1,0,0,4790.179881370022
1.0,3.0,91.0504963249262,84.19586442663423,683.417327903725,7.015336109894587,20.95541725726879,28.056057049199282,5.176207099216222,0,3.928677095299869,-0.9368195039139001,-0.0021377673882511847,-0.9749279121818236,-0.2225209339563146,0,0,4.47213595499958,5.385164807134504,1,1,1,4794.402258570672
6.0,4.0,88.19007552430546,1.1,26.62187726037045,6.049526856691698,17.131943207464655,70.91667936669532,5.210555637765072,0,3.3020255417901714,0.8876933973658102,-0.6894436716093106,-0.7818314824680299,0.6234898018587334,1,0,1.4142135623730951,1.0,1,0,0,161.04976146216106
4.0,6.0,96.2,132.15617242082118,701.2324724140626,17.88460144824365,28.24311669967327,21.027291935243202,2.0604141775339526,0,2.3861203660311645,-0.9929438322183844,-0.13450074087634759,0.7818314824680298,0.6234898018587336,0,1,1.4142135623730951,4.0,0,1,1,12541.26329169202
6.0,4.0,84.04646771519815,53.770852594061886,630.2302560527031,1.3275251607432277,9.907537534245012,66.82115747389395,3.276705980763648,0,4.6695335737156505,-0.7771348287110472,-0.13295927136854394,-0.9749279121818236,-0.2225209339563146,0,0,1.4142135623730951,1.0,0,0,0,836.6465219716102
7.0,4.0,84.96783600725962,57.068194226718376,581.7862120347448,4.441179511836515,19.026791228244864,25.78027946530859,8.238558137269724,0,3.2626448158853396,-0.6121333432765712,0.03927140768872919,-0.9749279121818236,-0.2225209339563146,0,0,2.23606797749979,1.4142135623730951,0,0,0,2583.8170051576835
9.0,5.0,88.73784262562049,1.1,113.28267273552392,5.356587602141486,4.065753604851384,36.603852489613026,6.040596501301147,0,3.3257853322556787,-0.0850220280516507,1.0,-2.4492935982947064e-16,1.0,1,0,4.0,3.0,0,0,0,606.8085603125588
8.0,7.0,84.49523735211238,30.85462052990258,132.69479352234987,2.2447097317989773,7.395815410991824,25.711521927938087,2.9083228285659315,0,3.613116271683265,1.0,0.6692176001767951,-0.433883739117558,-0.9009688679024191,0,0,3.605551275463989,2.8284271247461903,0,0,0,297.86129437867464
4.0,5.0,92.39002656180814,287.1631366759017,860.6,6.885472023633329,18.164501472054802,87.6083311220912,2.8031556189028475,0,2.937748623546938,-1.0,0.12252726394837189,-0.7818314824680299,0.6234898018587334,1,0,1.0,2.0,0,0,1,5925.6372235388435
3.0,3.0,91.413188540581,104.335213579329,649.9872704825376,10.214111397598403,10.008122325710984,36.8469468830102,7.241511616192049,0,2.567341486542712,-0.8643545145029237,1.0,-0.7818314824680299,0.6234898018587334,1,0,2.8284271247461903,3.605551275463989,0,0,1,6639.042387729563
6.0,4.0,93.89789258342219,172.30999314715623,630.35627149969,12.244644879121928,3.474362097573382,66.19909096370276,2.8230966201119725,0,3.5687790807983273,-1.0,-0.3572264459116398,-0.7818314824680299,0.6234898018587334,1,0,1.4142135623730951,1.0,0,0,1,7718.488691841071
1.0,2.0,84.98209398250732,49.2606435884889,608.5668924498053,3.96857057308186,9.804932122108209,66.48757580585188,4.877430891571231,0,3.5526426027348355,-0.49817161108315405,0.09494225133759353,-0.433883739117558,-0.9009688679024191,0,0,5.0,5.830951894845301,1,0,0,2415.1406611281704
7.0,3.0,87.18065260592857,1.1,66.70285174805304,5.858744040921067,9.158606379381265,32.7378457853528,9.4,0,3.0865120312086303,1.0,-0.020303701729498077,-0.433883739117558,-0.9009688679024191,0,0,2.8284271247461903,2.23606797749979,0,0,0,390.7949351913471
4.0,5.0,96.2,253.39323462531925,650.3392039156662,21.594004787868954,33.1,21.891005398673354,1.4025137691485283,0,6.616439947564594,-0.9827239262192162,-0.9392242245040808,-0.7818314824680299,0.6234898018587334,1,1,1.0,4.123105625617661,0,1,1,14043.42788309378
7.0,5.0,85.1764752889575,25.61895858591024,389.7462991671786,2.795661941189346,8.892311671127134,84.40311077140923,6.032893139805493,0,4.081758118022589,-0.18454358799635232,0.13074898576257962,0.4338837391175582,-0.900968867902419,0,0,2.0,1.0,0,0,0,1089.598895301078
1.0,3.0,90.72896203885783,19.694007434955143,7.9,9.427587567637385,20.74229892960091,26.742437625246197,9.4,0,2.7640225455561036,1.0,-0.1550326600994204,0.9749279121818236,-0.2225209339563143,0,0,4.47213595499958,5.385164807134504,0,1,0,74.47794178433534
7.0,3.0,91.20528926062698,138.9015459421086,551.0459084447555,10.288138284334279,20.197006872551654,94.92508310552107,6.2288053150482785,0,3.6317531732166457,-0.8741468011333438,-0.6805831187345327,-2.4492935982947064e-16,1.0,1,0,2.8284271247461903,2.23606797749979,0,0,1,5669.2365070962505
2.0,2.0,93.37689967079939,134.41871034974835,697.3018946439421,11.070532453031221,22.125329802343316,58.26708925515448,4.07182457560644,0,3.1005275114707276,-1.0,-0.7071190796676623,-2.4492935982947064e-16,1.0,1,1,4.242640687119285,7.211102550927978,1,0,1,7719.503254215919
4.0,3.0,94.34999491701342,91.97477871669133,391.0738488140234,13.65608165932547,28.122765470224767,31.448128512707445,2.2273735441318725,0,4.879097358997604,-0.9534250509636947,-0.4999203725846648,-0.7818314824680299,0.6234898018587334,1,0,2.23606797749979,2.8284271247461903,0,1,0,5340.536414231006
4.0,3.0,92.29229992472976,107.74920641443454,7.9,12.964259632363579,12.040179178014318,53.83644177564744,4.293912510445924,0,4.168409428446839,0.9690459366832049,-0.5321478791528168,-0.9749279121818236,-0.2225209339563146,0,0,2.23606797749979,2.8284271247461903,1,0,0,102.41765109567227
8.0,5.0,81.22002167323238,146.88068886967287,732.0428144628213,3.1866478825687596,15.364472114233212,100.0,2.331295629960241,0,3.7055240946552566,-0.9373098997221224,-0.5613970368383006,0.7818314824680298,0.6234898018587336,0,0,3.0,2.0,0,0,0,2332.762684657625
4.0,7.0,92.12459654600028,291.3,860.6,7.73514188706651,26.902904303207173,87.29725300448386,3.026420680324252,0,3.763296992729733,-1.0,0.17402990864408255,0.7818314824680298,0.6234898018587336,0,1,2.23606797749979,4.123105625617661,0,0,1,6656.863108009438
8.0,6.0,90.88597896159183,112.43734541222572,696.0618108931379,5.789515463327424,16.49846692038955,70.55077895075124,2.4150448598755294,0,3.685785433983988,-1.0,-0.22721192716888183,0.9749279121818236,-0.2225209339563143,0,0,3.1622776601683795,2.23606797749979,0,0,1,4029.8606175975115
6.0,5.0,91.6826313071221,1.1,62.678816282624496,6.840463088522838,20.56716256097063,31.946220287769307,1.975122936256061,0,4.6862724260539785,0.9939244588410405,-0.2870231227444855,-0.7818314824680299,0.6234898018587334,1,0,1.0,0.0,0,1,0,428.7521292135971
3.0,2.0,91.90827169873262,49.563421079684005,586.2573173719122,11.737521061628636,33.1,21.803213857624254,7.0483598599840445,0,4.26433326114035,-0.9180095398663287,-1.0,0.7818314824680298,0.6234898018587336,0,1,3.605551275463989,6.4031242374328485,0,1,1,6881.207610186723
1.0,3.0,90.7658930801415,110.42089796050416,860.6,4.5886786227020915,16.91979372497917,55.42693506296147,1.7970292246682336,0,3.3590323647197575,-1.0,0.34492240525677015,0.7818314824680298,0.6234898018587336,0,0,4.47213595499958,5.385164807134504,0,0,1,3949.01682269742
1.0,2.0,94.34980274543794,146.94583566633133,676.7340008044217,15.48511658254388,12.471925936694053,74.7284947958782,3.349075539936972,0,4.610244876519745,-1.0,-0.23200293857372564,-2.4492935982947064e-16,1.0,1,0,5.0,5.830951894845301,0,0,1,10479.304897827815
9.0,7.0,89.15475103669448,46.375748088417986,604.9556269547406,5.017178607311093,14.105046726555543,62.45787743577604,4.926675146324788,0,3.0978636363096554,-0.8696713324014205,-0.031029771164122193,-0.7818314824680299,0.6234898018587334,1,0,4.47213595499958,3.605551275463989,1,0,1,3035.170429929795
5.0,3.0,92.90393519277544,110.52790628768916,658.0091897527807,11.58015224395193,27.80240522547317,20.577404668840007,2.0518542865582448,0,3.909800632293772,-1.0,-0.39983915167790424,-0.7818314824680299,0.6234898018587334,1,1,2.0,4.242640687119285,0,1,1,7619.846595256655
3.0,5.0,92.01594358031309,102.49539537952367,132.33689913587182,7.7542140165460385,25.696418922167215,24.883340287690896,5.53447318820258,0,2.6579406415643647,0.871430912941261,-0.3060167086976581,0.9749279121818236,-0.2225209339563143,0,0,2.0,3.0,1,1,0,1026.1686381856166
2.0,4.0,91.09927695675815,105.67357680403471,639.6163648627916,8.504767403980493,21.630979754935062,36.63280327528503,2.062916561753257,0,3.5432250257482814,-1.0,0.07985993816668663,0.9749279121818236,-0.2225209339563143,0,0,3.1622776601683795,4.123105625617661,0,1,1,5439.788410937564
4.0,4.0,91.23187164658258,92.5005675706771,114.53672417293447,9.986502910091776,18.893011904622675,94.82766367603926,9.4,0,3.626113224798998,1.0,-0.8510582961135824,0.9749279121818236,-0.2225209339563143,0,0,1.4142135623730951,2.23606797749979,0,0,0,1143.821329265389
4.0,5.0,83.87809402844574,92.08013644760784,475.61962874733877,0.7916370769720895,14.248070651842234,34.49075402108545,3.780058145414378,0,3.6926898418663763,0.7292498743620838,0.8385116154126003,-0.7818314824680299,0.6234898018587334,1,0,1.0,2.0,1,0,0,376.51813265209364
3.0,5.0,93.68915553305209,82.68520926780504,239.55325987333276,11.032372892727961,27.797731307517147,39.860692905083305,7.582463799290784,0,4.249087734505836,-0.45376952345882704,-0.6738647885529025,-2.4492935982947064e-16,1.0,1,0,2.0,3.0,0,1,0,2642.8408905911733
6.0,5.0,92.58927383826618,199.95763493428893,454.20092483683646,12.093515153884015,16.85337611427796,69.42530115501958,9.080678067371487,0,3.2719066594899258,-0.4070158947889783,-0.879284250066718,0.4338837391175582,-0.900968867902419,0,0,1.0,0.0,0,0,0,5492.885767422416
7.0,6.0,91.21627551437894,112.75733578680527,629.1700382756666,7.992303437924871,27.086668111957028,23.14638300425427,5.789491709615931,0,4.875208429466215,-0.7840011310872299,-0.08023378511967116,-0.9749279121818236,-0.2225209339563146,0,1,2.23606797749979,1.0,1,1,1,5028.517859949933
2.0,2.0,91.0695373346779,1.1,7.9,6.2357481001113015,2.2,46.730992096334376,3.3678542745579962,0,4.015385752811492,1.0,0.06288149882603003,-0.7818314824680299,0.6234898018587334,1,0,4.242640687119285,5.0,0,0,0,49.262409990879284
7.0,5.0,90.30959623242246,86.64659522168277,665.3595120959616,8.030079604526902,14.244225234777257,65.00071725202372,4.259575215933362,0,2.615498237435402,-0.9028890585783851,-0.12492158310342068,-0.7818314824680299,0.6234898018587334,1,0,2.0,1.0,1,0,1,5342.889847759751
9.0,6.0,90.89443872196256,60.34930860116932,666.1516523354517,8.580845970927319,17.993277811091993,34.38979560276326,3.314589789232294,0,2.7999695759176593,-0.8739983197197463,0.1250059507480471,-2.4492935982947064e-16,1.0,1,0,4.123105625617661,3.1622776601683795,0,0,1,5716.144721969236
8.0,6.0,92.64840057691869,112.35025181237602,177.47086614783777,10.883339998832989,21.944919429193394,29.880234619177664,5.677238202715278,0,6.616439947564594,0.8088932039326868,-0.25507399257821894,-2.4492935982947064e-16,1.0,1,0,3.1622776601683795,2.23606797749979,1,1,0,1931.4757761742983
3.0,5.0,94.06142869659142,90.6423384514489,677.2914394737891,16.520658900520402,25.285535330128987,36.83430389628978,3.1948283472250454,0,3.429622690382792,-1.0,-0.09289532041448455,-0.9749279121818236,-0.2225209339563146,0,1,2.0,5.0990195135927845,0,1,1,11189.300847788929
1.0,2.0,91.01105334113582,140.66367107019585,636.7127726215438,7.433090063576362,12.819742136102237,53.157031669197124,3.730139480181088,0,4.452583529545272,-0.9630943120909029,-0.1103941669753781,-0.7818314824680299,0.6234898018587334,1,0,5.0,5.830951894845301,1,0,1,4732.743383525352
1.0,5.0,92.79093615704745,189.83805135841783,792.5144720391444,7.084765324883699,25.166168334714893,20.375068513992545,5.735509935439676,0,6.363770501385239,-1.0,-0.021884867533141124,-0.433883739117558,-0.9009688679024191,0,1,4.0,7.0710678118654755,1,1,1,5614.779050971441
6.0,5.0,91.57422116768777,69.40073456257635,605.7123773024548,6.060125642545064,22.470085693937037,24.65283193951155,3.5948573656152414,0,5.0519918956747105,-0.9550556325666587,-0.0048296027631651575,-2.4492935982947064e-16,1.0,1,1,1.0,2.23606797749979,1,1,1,3670.693109697537
3.0,4.0,93.80262318812576,135.301624536146,687.1951019411263,10.222746250413124,31.161024569952026,39.60918348722642,1.5674143186568097,0,6.599500158326589,-0.9956393736329788,-0.313185650271239,-0.433883739117558,-0.9009688679024191,0,1,2.23606797749979,5.385164807134504,0,1,1,7025.021151670913
6.0,4.0,96.2,161.32165468805854,329.61739368149466,22.7,19.73298480388592,32.22400335974266,6.800564642421393,0,5.500724957413245,-0.9030145845971587,-1.0,0.7818314824680298,0.6234898018587336,0,0,1.4142135623730951,1.0,0,0,0,7482.314836569929
9.0,4.0,96.18417975334816,221.6504611378114,755.8273735966012,22.7,23.380074167238032,26.338121786192005,7.301066472202697,0,3.9950575805682007,-1.0,-0.5738387866586342,0.9749279121818236,-0.2225209339563143,0,1,4.123105625617661,2.23606797749979,0,1,1,17157.281380642846
