y_true_area,Level-1 Stacking,Level-0 Deep Net Şampiyonu (Re,Level-0 Tekil Şampiyon Referan,Hard Hurdle 1,Hard Hurdle 2,Fused Hybrid 1,Fused Hybrid 6,Fused Hybrid 3,Soft Hurdle 3,Soft Hurdle 6,Hard Hurdle 5,Soft Hurdle 4
0.0,0.916041762107495,2.0424001,0.4926848,0.0,0.0,0.0,0.0,0.0,0.10874119666386811,0.04015538667839392,0.0,0.12580461186053346
0.0,0.5212354931931824,0.7612579,0.3498056,0.0,0.0,0.0,0.0,0.0,0.11005661582446571,0.06043817643279417,0.0,0.1193345961232027
0.0,0.45536025865606744,0.83654284,0.21117601,0.45536025865606744,0.45536025865606744,0.45536025865606744,0.4553602635860443,2.125118,0.18230418953074617,0.08174161769045775,0.45536025865606744,0.11598883692262892
0.0,0.7104215496769599,2.1938734,0.32697332,0.0,0.0,0.0,0.0,0.0,0.08433249731970945,0.006357397640100525,0.0,0.09756575629133904
0.0,0.5453961837326049,2.4731243,0.0078380965,0.0,0.0,0.0,0.0,0.0,0.06474271821248126,0.010609312883394607,0.0,0.07490199469382376
0.0,1.3904807453306056,0.6296074,1.407815,0.0,0.0,0.0,0.0,0.0,0.29359398429041755,0.13062866058369524,0.0,0.3183445109322575
0.0,1.7803457505188671,1.9276545,1.4813755,1.7803457505188671,1.7803457505188671,1.7803457505188671,1.780345797538757,2.265311,0.723806519561543,0.8142609191813105,1.7803457505188671,0.6994541169631778
0.0,0.0,0.0,0.0,0.0,0.0,0.0,0.0,0.0,0.0,0.0,0.0,0.0
0.0,1.3969607534224135,4.5288568,0.3528461,1.3969607534224135,1.3969607534224135,1.3969607534224135,1.3969607353210447,2.2646594,0.5952996990888294,1.2026462394013862,1.3969607534224135,0.5791258667537089
0.0,0.802431762969417,0.95667636,0.587931,0.0,0.0,0.0,0.0,0.0,0.09525481670796616,0.04578511631962548,0.0,0.15079317985608454
0.0,0.921791632154049,2.0947988,0.49159232,0.0,0.0,0.0,0.3155594460052157,0.0,0.36904071715005055,0.19411400870471596,0.921791632154049,0.3364497812350458
0.0,0.7874839802918479,1.463422,0.50372493,0.7874839802918479,0.7874839802918479,0.7874839802918479,0.7874839901924132,2.1026237,0.32015468839094613,0.22840462070907405,0.7874839802918479,0.30938311386827766
0.0,0.21358843883609532,0.0,0.24779713,0.0,0.0,0.0,0.0,0.0,0.08551046450577837,0.016794502411694164,0.0,0.04450655618452332
0.0,1.5930082075738392,4.013005,0.7207604,1.5930082075738392,1.5930082075738392,1.5930082075738392,1.5930081605911253,2.4824018,0.6377633196508767,0.6551004400678786,1.5930082075738392,0.6258537976788606
0.0,1.5764171115715835,2.5175555,0.92748684,1.5764171115715835,1.5764171115715835,1.5764171115715835,1.576417088508606,2.167893,0.6311210484982628,0.7456688938156399,1.5764171115715835,0.6193355635660054
0.0,1.374790440252508,2.3545814,0.7815827,1.374790440252508,1.374790440252508,1.374790440252508,1.3747904300689695,2.4442878,0.5858520601867228,0.9241578207952569,1.374790440252508,0.5401213967095915
0.0,0.39406059507667945,0.6299365,0.14378345,0.0,0.0,0.0,0.0,0.0,0.08320418714817042,0.021215601402109558,0.0,0.0740519666964606
0.0,1.6489881283519336,5.8985934,0.20028022,1.6489881283519336,1.6489881283519336,1.6489881283519336,1.6489881277084348,2.3608747,0.6704025651381851,1.0698207939597477,1.6489881283519336,0.6478469335874891
0.0,0.32337039170495535,0.5687754,0.12006049,0.32337039170495535,0.32337039170495535,0.32337039170495535,0.32337039709091187,2.0479598,0.12946184050404352,0.08945915304885092,0.32337039170495535,0.1270442843566242
0.0,0.6369989884170574,1.2968367,0.43003583,0.0,0.0,0.0,0.21806561501806032,0.0,0.2550235381937178,0.0932267783479401,0.0,0.14583814419073884
0.0,1.6711772434824619,4.1461935,0.68405575,1.6711772434824619,1.6711772434824619,1.6711772434824619,1.6711772680282593,2.3249433,0.7121540871724014,1.126653506756698,1.6711772434824619,0.65656449191867
0.0,0.5597281751850288,0.0,0.6507888,0.0,0.0,0.0,0.0,0.0,0.11818417883456923,0.04295052804178662,0.0,0.11663352947698626
0.0,0.6894667532034874,1.843278,0.38300744,0.6894667532034874,0.6894667532034874,0.6894667532034874,0.6894667744636535,1.2050501,0.276029089631408,0.29892951633193426,0.6894667532034874,0.2708745528203534
0.0,1.0503742467081707,0.6681053,0.87393236,0.0,0.0,0.0,0.0,0.0,0.22067508812598896,0.0873404624579395,0.0,0.21887205450182498
0.0,1.2374683988804467,2.5181897,0.5913479,1.2374683988804467,1.2374683988804467,1.2374683988804467,1.237468361854553,2.3508756,0.5273337591487172,0.8858950200004957,1.2374683988804467,0.4861709395248099
0.0,1.0150238860473293,2.572967,0.36552235,1.0150238860473293,1.0150238860473293,1.0150238860473293,1.0150238275527954,2.2117748,0.4063663953598759,0.24804517195446105,1.0150238860473293,0.3987779540602466
0.0,1.4905784863887515,3.5344875,0.6654902,1.4905784863887515,1.4905784863887515,1.4905784863887515,1.4905785322189329,2.3321176,0.6351938823203233,1.2575679903154382,1.4905784863887515,0.6179361558866161
0.0,0.485915834381623,0.022221558,0.42708042,0.0,0.0,0.0,0.0,0.0,0.17708806750929942,0.06331991570828141,0.0,0.11124831405966594
0.0,1.2860262967376423,0.3963685,1.2073035,0.0,0.0,0.0,0.0,0.0,0.15266120414283435,0.0199303990179292,0.0,0.1766164445726798
0.0,1.2358846156456544,1.0566978,0.9198177,0.0,0.0,0.0,0.0,0.0,0.49478833281095047,0.19514369378221727,0.0,0.28295040032565993
0.0,0.6899698365733368,0.6194552,0.5485729,0.0,0.0,0.0,0.0,0.0,0.2514538863586791,0.02995054552301563,0.0,0.09475701990473054
0.0,2.418231296072649,9.153085,0.46157333,2.418231296072649,2.418231296072649,2.418231296072649,2.4182312488555904,2.1047926,0.9681426697831046,1.1411683321238761,2.418231296072649,0.9500636802229336
0.0,0.9675260480793901,1.0912927,0.41829425,0.0,0.0,0.0,0.0,0.0,0.3526069866344915,0.11577149917451572,0.0,0.22151087501525996
0.0,0.6580635964988795,0.7566073,0.5349081,0.0,0.0,0.0,0.0,0.0,0.07811720592256119,0.016055167093218747,0.0,0.09037517585074178
0.0,0.8733441430092549,0.45246163,0.8555456,0.0,0.0,0.0,0.0,0.0,0.10367266115871959,0.012021121725944588,0.0,0.11994073357438971
0.0,0.7470305292994507,1.0349293,0.6164815,0.0,0.0,0.0,0.0,0.0,0.157732259306804,0.07265993474384269,0.0,0.17102938627514455
0.0,1.1731462339975458,2.0408597,0.67341906,0.0,0.0,0.0,0.0,0.0,0.16171881507160596,0.010484237584005834,0.0,0.16111405912778556
0.0,1.1804896587018798,4.918803,0.037389822,1.1804896587018798,1.1804896587018798,1.1804896587018798,1.180489659309387,2.2287629,0.47993268217388674,0.44856528110216437,1.1804896587018798,0.4637853920064928
0.0,0.8959007515808303,0.9632291,0.62210095,0.0,0.0,0.0,0.0,0.0,0.10635030393682661,0.029642526226123976,0.0,0.12303854581791494
0.0,0.11754241155505685,0.1455837,0.09813519,0.0,0.0,0.0,0.0,0.0,0.013953187529188067,0.0006247213051725385,0.0,0.0161426892031804
0.0,1.8369555251668794,1.338064,1.7695315,1.8369555251668794,1.8369555251668794,1.8369555251668794,1.8369555473327634,2.1886175,0.78279870690164,1.3517502806660537,1.8369555251668794,0.7216947069869808
0.0,0.5785336417408027,0.3969788,0.47572732,0.5785336417408027,0.5785336417408027,0.5785336417408027,0.57853364944458,2.0820673,0.231616845495269,0.15815487091043287,0.5785336417408027,0.22729165803854137
0.0,0.641222813979704,1.584381,0.39705294,0.641222813979704,0.641222813979704,0.641222813979704,0.6412228345870971,1.5734941,0.2567145533433274,0.21100592904671034,0.641222813979704,0.251920694055132
0.0,0.5330874785270913,0.100213885,0.46190417,0.0,0.0,0.0,0.0,0.0,0.06328158031593929,0.014089936890623652,0.0,0.07321157844323402
0.0,0.4149837356284172,0.1834881,0.52301055,0.4149837356284172,0.4149837356284172,0.4149837356284172,0.41498374938964844,1.400115,0.1661393855833185,0.16863542513076685,0.4149837356284172,0.1630369169996676
0.0,1.8144211684125775,4.304035,0.8511208,0.0,0.0,0.0,0.0,0.0,0.38310716764975117,0.13953254600303,0.0,0.37808056519534755
0.0,0.5293330800986089,1.0157543,0.29743344,0.0,0.0,0.0,0.0,0.0,0.06283590437107095,0.029173266516593514,0.0,0.0994724062962185
0.0,1.6919098666691736,1.1305869,1.6671273,0.0,0.0,0.0,0.0,0.0,0.3572394371398263,0.26689122105911905,0.0,0.3873553955025801
0.0,0.20531207132325835,0.2912948,0.15524581,0.0,0.0,0.0,0.0,0.0,0.082197007867864,0.02927273974360437,0.0,0.04700530457065138
0.0,0.6380916042587237,2.1144905,0.13499339,0.6380916042587237,0.6380916042587237,0.6380916042587237,0.6380916237831115,1.8551074,0.25941863433287854,0.3226422359656811,0.6380916042587237,0.2506905186637641
0.0,1.682244137357961,2.5714533,1.2146542,0.0,0.0,0.0,0.5758872552715323,0.0,0.6734890632727069,0.5464898706854252,1.682244137357961,0.6609124027000203
0.0,0.5154798137425427,0.0,0.4512014,0.0,0.0,0.0,0.0,0.0,0.10884132904837304,0.05458230223645964,0.0,0.11801685837965624
0.0,0.8169206306394518,1.4683992,0.56542766,0.0,0.0,0.0,0.0,0.0,0.09697475664293076,0.06222846061009528,0.0,0.17022608594349922
0.0,0.8169206306394518,1.4683992,0.56542766,0.0,0.0,0.0,0.0,0.0,0.17162838171563213,0.08674417236722692,0.0,0.1870304205971254
0.0,0.7024841373136371,1.2684976,0.44486612,0.0,0.0,0.0,0.0,0.0,0.1483264816627791,0.0656941356797647,0.0,0.16083068383489704
0.0,0.9716661017466279,0.0,0.9608781,0.0,0.0,0.0,0.0,0.0,0.20516308706159223,0.08126785450295933,0.0,0.20247122075352136
0.0,0.867917744702002,1.7854006,0.56031543,0.0,0.0,0.0,0.0,0.0,0.10302850597943179,0.012391983943280874,0.0,0.11919549906534942
0.0,0.16559077503403644,0.15357871,0.11726438,0.0,0.0,0.0,0.0,0.0,0.03478927533496481,0.006142785471436429,0.0,0.022741412065007228
0.0,0.20448631060541184,0.0,0.13977948,0.0,0.0,0.0,0.0,0.0,0.024274096483826647,0.022473983843872766,0.0,0.04681625025058784
0.0,0.7433109619459343,0.25484508,0.06522404,0.0,0.0,0.0,0.0,0.0,0.08823672330114446,0.034870761921968314,0.0,0.10208262431632964
0.0,0.33138884096961013,1.0825071,0.13071367,0.0,0.0,0.0,0.0,0.0,0.06997131783117103,0.05489459042774258,0.33138884096961013,0.08441098120122688
0.0,0.6602054820860916,1.8571705,0.30305573,0.6602054820860916,0.6602054820860916,0.6602054820860916,0.6602054834365844,1.4318553,0.2643142941166651,0.2546619160434705,0.6602054820860916,0.2593785181064933
0.0,1.060552862218846,0.0,1.4688236,0.0,0.0,0.0,0.0,0.0,0.1258957747708391,0.006694678975113556,0.0,0.14565104639122664
0.0,0.402925938213408,0.53133035,0.3402081,0.0,0.0,0.0,0.0,0.0,0.0478304052289444,0.0014938621044739166,0.0,0.05533584096521874
0.0,0.5164864523979334,0.49132705,0.40581822,0.0,0.0,0.0,0.0,0.0,0.18822928021327082,0.06529673608335827,0.0,0.11824732391577532
0.0,0.2846357540804948,0.0,0.3714426,0.0,0.0,0.0,0.0,0.0,0.03378845134836047,0.0069488163982741585,0.0,0.039090456401620774
0.0,0.4426530341662126,0.1938078,0.36652505,0.4426530341662126,0.4426530341662126,0.4426530341662126,0.44265303015708923,2.0201354,0.1772168323936844,0.13871241639679635,0.4426530341662126,0.17390750478864272
0.0,0.7246522652840977,0.73440987,0.58228636,0.0,0.0,0.0,0.0,0.0,0.08602179262098825,0.006753132806246934,0.0,0.09952013187497484
0.0,0.6662098644440843,1.0401607,0.46248823,0.0,0.0,0.0,0.0,0.0,0.07908423052924297,0.01354214309585678,0.0,0.09149394370538698
0.0,0.11406560206845255,0.0,0.06629859,0.0,0.0,0.0,0.0,0.0,0.013540463524907054,0.0021335494340081326,0.0,0.01566520150985846
0.0,0.3054111861591127,0.50300336,0.118321374,0.3054111861591127,0.3054111861591127,0.3054111861591127,0.3054111897945404,2.2320642,0.12227184456255802,0.09889298555181181,0.3054111861591127,0.11998855360726465
0.0,0.7473522513299741,0.9358698,0.6180324,0.0,0.0,0.0,0.25584313878806814,0.0,0.29920363905888264,0.1088843818836195,0.0,0.17110304313289468
0.0,0.17027040830066548,0.05392757,0.11879549,0.0,0.0,0.0,0.0,0.0,0.020212405941473936,0.0011069922292962187,0.0,0.023384089583773915
0.0,0.5451947816362589,0.62276304,0.40349635,0.0,0.0,0.0,0.0,0.0,0.06471881023593126,0.032493295513874615,0.0,0.10245314126107001
0.0,1.4396548665690534,1.3350544,1.2419465,1.4396548665690534,1.4396548665690534,1.4396548665690534,1.4396548271179197,2.555853,0.6134933331238538,0.8095037762635413,1.4396548665690534,0.5656050366252314
0.0,0.5186711760774161,0.766505,0.4092568,0.5186711760774161,0.5186711760774161,0.5186711760774161,0.5186711549758911,1.8246162,0.2076508140319952,0.25837353603216484,0.5186711760774161,0.2037731656065968
0.0,0.6791937444703194,1.9768394,0.17069004,0.0,0.0,0.0,0.0,0.0,0.14340881613341366,0.1363314487522123,0.6791937444703194,0.20540569307732887
0.0,0.09916974329737027,0.17116156,0.07264932,0.09916974329737027,0.09916974329737027,0.09916974329737027,0.06522069543542255,1.2153517,0.039702761350226455,0.007418246144987114,0.0,0.020664525551667045
0.0,1.01551441612008,2.6615834,0.5687574,0.0,0.0,0.0,0.3476438152021708,0.0,0.40656277983931466,0.20107147214491716,1.01551441612008,0.3071177321219857
0.0,0.9254539897314693,0.0,0.5949583,0.0,0.0,0.0,0.0,0.0,0.19443035792297042,0.07019374316690719,0.0,0.19284175779655646
0.0,0.9857362826313185,2.2071056,0.5249666,0.0,0.0,0.0,0.0,0.0,0.3592435582740965,0.08643736237730194,0.0,0.22568002890815833
0.0,1.0698196493332865,0.28333014,0.48432326,0.0,0.0,0.0,0.0,0.0,0.42830396462656517,0.11831892794226417,0.0,0.24493054952138074
0.0,0.44390181612817214,1.1565925,0.19502722,0.0,0.0,0.0,0.1519621206448962,0.0,0.17771678419920112,0.0703334778205921,0.0,0.10162938755665013
0.0,0.3456205244112854,0.437051,0.41981772,0.3456205244112854,0.3456205244112854,0.3456205244112854,0.3456205129623413,1.042002,0.14051337432083627,0.19239041867136833,0.3456205244112854,0.1357858149946387
0.0,0.30107599113548494,0.0,0.38990983,0.0,0.0,0.0,0.0,0.0,0.06357089093717479,0.013944119938941889,0.0,0.04134827665300304
0.0,0.7628172373420443,0.31248248,0.75707775,0.0,0.0,0.0,0.0,0.0,0.16026169872503368,0.046133094589170066,0.0,0.14334880818049628
0.0,0.46747263550424445,0.0,0.5342795,0.0,0.0,0.0,0.0,0.0,0.05549259421905986,0.0069902917835395146,0.0,0.06420036279757614
0.0,0.7991762460049313,0.061151035,0.8788787,0.7991762460049313,0.7991762460049313,0.7991762460049313,0.7991762757301331,1.7788178,0.31995145612870657,0.22885839488166587,0.7991762460049313,0.31397671788438536
0.0,1.69606383726763,1.5854678,1.2019519,0.0,0.0,0.0,0.0,0.0,0.3581165300321382,0.16731291703976808,0.0,0.3883064289800542
0.0,0.4929577263283955,0.9909598,0.100028805,0.0,0.0,0.0,0.0,0.0,0.19735639433368915,0.05150404705199578,0.0,0.1128605245525916
0.0,0.9621563031791005,3.0625105,0.325211,0.9621563031791005,0.9621563031791005,0.9621563031791005,0.9621562957763672,1.833894,0.3852007761297586,0.29407619842912464,0.9621563031791005,0.37800757927192385
0.0,0.3970824317399818,0.32369983,0.14676318,0.0,0.0,0.0,0.0,0.0,0.04713673610498272,0.008626583073943156,0.0,0.05453332289868147
0.0,1.6185335162779555,0.43459123,1.4926776,0.0,0.0,0.0,0.0,0.0,0.34174633870146903,0.1658687212904463,0.0,0.37055619964335773
0.0,0.79118951094578,0.22765407,0.4283373,0.79118951094578,0.79118951094578,0.79118951094578,0.7911894917488097,2.349711,0.31675395429520753,0.13868405548079182,0.79118951094578,0.20153087454497787
0.0,0.7938710189883632,1.0253232,0.4857946,0.0,0.0,0.0,0.0,0.0,0.09423859061070711,0.044026188643471346,0.0,0.149184442681898
0.0,0.4425139269777909,0.45617786,0.3990727,0.0,0.0,0.0,0.0,0.0,0.17716114061390995,0.0612362784099363,0.0,0.10131163638009483
0.0,0.17002041555579422,0.037245538,0.14745674,0.0,0.0,0.0,0.0,0.0,0.006713308679892335,0.0001505475134712944,0.0,0.0
0.0,0.0,0.04134908,0.0,0.0,0.0,0.0,0.0,0.0,0.0,0.0,0.0,-0.0
0.0,0.3439650067490194,1.5197426,0.0,0.0,0.0,0.0,0.0,0.0,0.040831289567336,0.009505464133166453,0.0,0.04723844038301419
0.0,0.6223180325371053,0.56644285,0.51064515,0.0,0.0,0.0,0.0,0.0,0.07387393278653573,0.027349013339442202,0.0,0.08546605818169477
0.0,0.7114383882474286,0.7554934,0.5126935,0.0,0.0,0.0,0.0,0.0,0.08445320387211855,0.03325275312752205,0.0,0.0977054038346872
0.0,0.11936813428561978,0.23562974,0.058162354,0.0,0.0,0.0,0.0,0.0,0.014169914847428543,0.0058088979090809975,0.0,0.016393424867190958
0.0,0.6285971469281092,0.851572,0.57466525,0.6285971469281092,0.6285971469281092,0.6285971469281092,0.6285971403121947,1.07345,0.2678698678525067,0.40887063598200546,0.6285971469281092,0.24696037957909803
0.0,1.7790715538000192,2.2392824,0.9532684,1.7790715538000192,1.7790715538000192,1.7790715538000192,1.7790715694427488,2.4244504,0.7581320792584947,1.0546004387412413,1.7790715538000192,0.6989535163688498
0.0,0.481888693867064,0.84169364,0.33060262,0.481888693867064,0.481888693867064,0.481888693867064,0.31692241025397255,1.5704672,0.192924889929444,0.038733285010521555,0.0,0.10041370378075248
0.0,0.16278742538561577,0.0,0.2034014,0.16278742538561577,0.16278742538561577,0.16278742538561577,0.16278742253780365,1.9763178,0.06517219956416166,0.027048482832925685,0.16278742538561577,0.04146502418070695
0.0,0.03849506071558892,0.0,0.0,0.0,0.0,0.0,0.0,0.0,0.015411557577300219,0.003869576834559576,0.0,0.008813276500206404
0.0,0.5716328331670781,0.27011523,0.497674,0.0,0.0,0.0,0.0,0.0,0.06785721012100653,0.0466069918024468,0.0,0.11911416622035512
0.0,0.5138633875532149,0.27765298,0.4712138,0.0,0.0,0.0,0.0,0.0,0.10850002766262583,0.052339742099016734,0.0,0.11764678464334045
0.0,0.9103736379620891,2.1227503,0.48598808,0.0,0.0,0.0,0.31165069596015277,0.0,0.36446950537286243,0.142223716500022,0.0,0.20842607962453624
0.0,0.17452759936290746,0.0,0.17799196,0.0,0.0,0.0,0.0,0.0,0.03666682945676538,0.01178058293011227,0.0,0.03636724182789678
0.0,0.11731657014851977,0.0,0.034310475,0.0,0.0,0.0,0.0,0.0,0.004632281047535736,5.10979809487437e-05,0.0,0.0
0.0,0.9026249479401653,1.7215176,0.51473624,0.9026249479401653,0.9026249479401653,0.9026249479401653,0.9026249647140502,2.1693194,0.36136730524116684,0.40226651503014105,0.9026249479401653,0.35461917199309323
0.0,0.38645382962108094,0.058502987,0.44257087,0.0,0.0,0.0,0.0,0.0,0.07401616293528834,0.021442410902121345,0.0,0.07262250140806718
0.0,0.15228161304116697,0.0,0.15366219,0.0,0.0,0.0,0.0,0.0,0.018076997705763348,0.0006500316117465912,0.0,0.020913598063547516
0.0,0.10807343860279742,0.0,0.12617506,0.0,0.0,0.0,0.0,0.0,0.0,8.187771568620983e-05,0.0,0.0
0.0,0.257961732370937,0.0,0.2304521,0.0,0.0,0.0,0.0,0.0,0.10327538175734982,0.016376546015632206,0.0,0.05375285477897248
0.0,0.27706172191638967,0.50622183,0.06650077,0.0,0.0,0.0,0.0,0.0,0.03288935552635277,0.012805399398854375,0.0,0.03805027655825614
0.0,0.26995339603394913,0.39774233,0.19511223,0.26995339603394913,0.26995339603394913,0.26995339603394913,0.2699533998966217,1.3444439,0.10807626300171398,0.039105268672318685,0.0,0.0618046543424063
0.0,1.517568003088047,1.5766449,1.3986444,0.0,0.0,0.0,0.0,0.0,0.18014698401406073,0.031135454324347462,0.0,0.20841522897517525
0.0,0.0,0.1943167,0.009645078,0.0,0.0,0.0,0.0,0.0,0.0,0.0,0.0,-0.0
0.0,0.4763712594191945,0.34479704,0.4435991,0.0,0.0,0.0,0.0,0.0,0.05654892926097668,0.007749744107529203,0.0,0.06542245547284631
0.0,1.2193217780236212,2.545276,0.5581366,1.2193217780236212,1.2193217780236212,1.2193217780236212,1.2193217277526853,2.353092,0.4881573749449178,0.47269419213620806,1.2193217780236212,0.47904157790301405
0.0,0.772912088760752,2.6533463,0.23805878,0.0,0.0,0.0,0.0,0.0,0.0917506045296997,0.031052009376272654,0.0,0.10614789559938231
0.0,0.7295914294314975,1.7362295,0.35966465,0.0,0.0,0.0,0.0,0.0,0.15328122665834354,0.04823422128709986,0.0,0.15202883696648892
0.0,1.0146753980183094,2.5857666,0.35881436,0.0,0.0,0.0,0.0,0.0,0.12044976721590767,0.003013423870764168,0.0,0.13935046402081638
0.0,0.0,0.0,0.09889978,0.0,0.0,0.0,0.0,0.0,0.0,0.0,0.0,0.0
0.0,1.8074068892282853,4.81181,0.84259623,1.8074068892282853,1.8074068892282853,1.8074068892282853,1.8074069023132324,2.1613734,0.7235981661322769,0.592590205980593,1.8074068892282853,0.7100857736930561
0.0,1.0774534025660887,4.3288865,0.12044539,0.0,0.0,0.0,0.0,0.0,0.12790199878555766,0.025480450738460204,0.0,0.14797208240352216
0.0,0.2594074318048514,0.21536742,0.21479179,0.0,0.0,0.0,0.0,0.0,0.030793655622275148,0.010219842823509698,0.0,0.035625724308536
0.0,0.4894387056330884,1.8926197,0.0,0.0,0.0,0.0,0.0,0.0,0.0,0.00021778756782663903,0.0,0.0
0.0,0.15104747516028524,0.13197276,0.09915819,0.0,0.0,0.0,0.0,0.0,0.01793049605532927,0.001713431345007013,0.0,0.02074410771549886
0.0,0.3933191332610326,0.96333045,0.16142645,0.3933191332610326,0.3933191332610326,0.3933191332610326,0.3933191299438476,1.364575,0.1574659282470361,0.06365427353460662,0.0,0.10018579342212826
0.0,0.40602368603669275,0.4850258,0.3706524,0.0,0.0,0.0,0.0,0.0,0.0853022748588768,0.014872430846225996,0.0,0.055761270218196865
0.0,0.01791026657533243,0.0,0.057665408,0.0,0.0,0.0,0.0,0.0,0.0007071924137246183,1.898784783518261e-05,0.0,0.0
0.0,0.9773556514643995,2.8483698,0.3782503,0.0,0.9773556514643995,0.9773556514643995,0.977355659008026,1.7742654,0.39128585891393686,0.1510671661280864,0.0,0.22376131990115075
0.0,0.4963191879711752,0.028200563,0.37285876,0.0,0.0,0.0,0.0,0.0,0.10479564594157394,0.05372260770995042,0.0,0.11363011655613554
0.0,0.6762119113078519,1.8507521,0.30654508,0.0,0.0,0.0,0.0,0.0,0.12951252431686208,0.0382809087700751,0.0,0.12707391340708668
0.36,2.01361322552076,1.2961267,2.0486054,2.01361322552076,2.01361322552076,2.01361322552076,2.0136132240295406,2.6073978,0.8061531943748655,0.700464410798591,2.01361322552076,0.7910991784329107
0.43,1.9341611787138622,5.3622017,0.8082469,1.9341611787138622,1.9341611787138622,1.9341611787138622,1.9341611862182613,2.2669604,1.9341611787138622,1.5641743117859956,1.9341611787138622,0.801828373717624
0.47,1.7202140380292545,5.4631085,0.59261197,1.7202140380292545,1.7202140380292545,1.7202140380292545,1.720214009284973,2.1367605,0.7330505862089491,1.2872102365679947,1.7202140380292545,0.7131341688268261
0.55,1.0857690375447338,0.8328881,1.0785186,0.0,0.0,0.0,0.37169429330124354,0.0,0.4346893270646063,0.286186179820321,1.0857690375447338,0.4265719864585163
0.61,1.4439473906442306,1.332267,0.96849656,1.4439473906442306,1.4439473906442306,1.4439473906442306,1.4439474344253538,2.5427976,0.5780865891840048,0.566743382464308,1.4439473906442306,0.5672914639024449
0.71,1.238627488197026,0.0,1.638189,0.0,0.0,0.0,0.0,0.0,0.14703460132366794,0.014942528119270106,0.0,0.17010692834998575
0.77,1.7300768256504475,3.6337423,1.1399767,1.7300768256504475,1.7300768256504475,1.7300768256504475,1.730076789855957,2.9323735,0.6926389546092384,0.9169736151211437,1.7300768256504475,0.6797046910753797
0.9,1.8596847318639407,2.9194925,1.2234689,1.8596847318639407,1.8596847318639407,1.8596847318639407,1.859684705734253,2.3087597,0.7560620923547486,0.5589611083588316,1.8596847318639407,0.7306244540290557
0.95,0.6533973364263544,2.0804765,0.14603929,0.6533973364263544,0.6533973364263544,0.6533973364263544,0.6533973217010497,1.8999646,0.26158864238682655,0.17232586440537379,0.6533973364263544,0.2567037648967865
0.96,0.6136059172164454,0.4434298,0.42131925,0.0,0.0,0.0,0.0,0.0,0.2236236780190858,0.09543396259046635,0.0,0.14048240241900242
1.07,0.5068393426770004,0.94757956,0.27684465,0.0,0.0,0.0,0.0,0.0,0.06016572488161061,0.014551626981050687,0.0,0.0696067902345762
1.12,1.1200540184978376,0.9270596,0.93461365,0.0,0.0,0.0,0.0,0.0,0.23649455270456599,0.06073806342224258,0.0,0.2104808344511056
1.19,1.4590357203619497,0.64628124,1.6072936,0.0,0.0,0.0,0.0,0.0,0.30806907021301827,0.125776668670949,0.0,0.33403987390050727
1.36,1.3090758730384284,0.0,1.4770957,1.3090758730384284,1.3090758730384284,1.3090758730384284,1.3090758323669431,2.7438118,0.5578485089112453,0.5700758927740076,1.3090758730384284,0.5143037573162628
1.43,1.3571420599703479,0.33446267,1.448031,1.3571420599703479,1.3571420599703479,1.3571420599703479,1.357142090797424,2.1413984,0.5783313940222394,0.5283218948364219,1.3571420599703479,0.5331877815719189
1.46,0.7001095550860231,1.3215326,0.3898575,0.0,0.0,0.0,0.0,0.0,0.2802899519588722,0.09025956007006812,0.0,0.16028703357547655
1.46,2.630493205917533,7.9059753,0.79928714,2.630493205917533,2.630493205917533,2.630493205917533,2.6304931640624996,2.3749263,1.0531220563389856,1.1293347500977664,2.630493205917533,1.0334561710760175
1.56,0.34557783778393825,0.19301024,0.3007375,0.0,0.0,0.0,0.0,0.0,0.1383526261666425,0.047840392468068864,0.0,0.0791185409275105
1.61,1.7119769933424853,3.2668831,1.0487069,1.7119769933424853,1.7119769933424853,1.7119769933424853,1.7119770050048828,2.3504438,0.6853926585242791,0.44823065819660823,1.7119769933424853,0.6725937115252233
1.63,0.219167071816808,0.0,0.35571086,0.0,0.0,0.0,0.0,0.0,0.0260168156567942,0.0026850209803122044,0.0,0.030099313746448676
1.64,0.9569054237883252,1.610496,0.75612545,0.9569054237883252,0.9569054237883252,0.9569054237883252,0.9569054245948792,1.5748824,0.3830985783787204,0.3298307549310282,0.9569054237883252,0.3759446377301
1.69,1.0171288125039557,1.7157805,0.5607319,0.0,0.0,0.0,0.0,0.0,0.2136904927345901,0.06455960366199068,0.0,0.21194452699447602
1.75,0.8073336348437595,2.9933753,0.009815586,0.8073336348437595,0.8073336348437595,0.8073336348437595,0.8073336482048034,2.1727698,0.32321727946897516,0.18357776091401246,0.8073336348437595,0.31718155559937694
1.9,0.8969482625088062,1.0617666,0.6646646,0.8969482625088062,0.8969482625088062,0.8969482625088062,0.8969482779502868,2.4006276,0.382224790110681,0.6181509609681971,0.8969482625088062,0.35238894171646756
1.94,0.6625393191028391,1.8245641,0.10571083,0.6625393191028391,0.6625393191028391,0.6625393191028391,0.6625393033027648,2.121633,0.26935794830455795,0.37587694953927325,0.6625393191028391,0.260295425347241
1.95,1.0895106953950275,0.46650314,0.48043707,0.0,0.0,0.0,0.0,0.0,0.2288973377574671,0.12199061445193336,0.0,0.24943872876033815
2.01,0.3490339661402488,0.12274605,0.27096626,0.0,0.0,0.0,0.0,0.0,0.13973629254273554,0.030607745326345567,0.0,0.07990980646283238
2.14,0.40806813326126223,1.0732327,0.27077308,0.40806813326126223,0.40806813326126223,0.40806813326126223,0.40806812047958374,1.1661739,0.17389381651777489,0.19139278575353733,0.40806813326126223,0.16031994668894164
2.29,0.8052407964587482,2.1487033,0.4362188,0.0,0.0,0.0,0.0,0.0,0.29346344867727947,0.13964249820548413,0.8052407964587482,0.2051100016930673
2.51,0.6674383177843705,0.45229045,0.58879566,0.6674383177843705,0.6674383177843705,0.6674383177843705,0.6674383282661438,2.435383,0.28442161224929324,0.5119597949109417,0.6674383177843705,0.27669409705644865
2.53,0.38997962129947356,0.047935262,0.21186416,0.0,0.0,0.0,0.0,0.0,0.15612894942640498,0.07255562296791578,0.38997962129947356,0.11793988836208005
2.55,1.3925083521911827,3.889715,0.54825246,1.3925083521911827,1.3925083521911827,1.3925083521911827,1.3925083875656126,2.2768974,0.5934023565137564,0.8657088560641195,1.3925083521911827,0.5470823291272893
2.57,0.9724067995049933,1.3880546,0.70230377,0.9724067995049933,0.9724067995049933,0.9724067995049933,0.9724068045616149,2.1497264,0.39533578291888616,0.3581409944420552,0.9724067995049933,0.38203474750819033
2.69,0.9333284377144846,2.4658353,0.40122652,0.9333284377144846,0.9333284377144846,0.9333284377144846,0.9333284497261046,2.0108614,0.3736594952438533,0.1896645860746263,0.9333284377144846,0.34066066314323734
2.74,0.5713202685894766,0.026466332,0.42997026,0.0,0.0,0.0,0.0,0.0,0.06782010630368171,0.028044979177556998,0.0,0.10736264937723179
3.07,0.6786910917802933,0.5848756,0.3648504,0.0,0.0,0.0,0.0,0.0,0.27171503677969244,0.05368449860804151,0.0,0.1414224635605624
3.5,0.20849965470568516,0.38832027,0.22955282,0.20849965470568516,0.20849965470568516,0.20849965470568516,0.20849965512752533,1.11763,0.0834731618449591,0.06402806267188528,0.20849965470568516,0.08191439321648045
4.53,0.4909051753663073,0.2393896,0.4887061,0.0,0.0,0.0,0.0,0.0,0.19653465235576947,0.09256023190322538,0.4909051753663073,0.1484623770497204
4.61,0.6378750339411612,1.3277792,0.4435172,0.6378750339411612,0.6378750339411612,0.6378750339411612,0.6378750205039978,1.085426,0.25537426438518457,0.16622430637649316,0.6378750339411612,0.25060543350534076
4.69,0.27046660404861855,0.0,0.36461574,0.0,0.0,0.0,0.0,0.0,0.03210646435397788,0.007854019276074032,0.0,0.03714453592736987
4.88,1.1719108546299732,3.1338937,0.6440339,1.1719108546299732,1.1719108546299732,1.1719108546299732,1.1719108819961548,1.5217332,0.4691763378432337,0.2578855739860276,1.1719108546299732,0.46041499059712243
5.23,0.2955449509735625,0.1168123,0.22288825,0.0,0.0,0.0,0.0,0.0,0.03508345685342032,0.001700273333509863,0.0,0.04058867115297123
5.33,0.9630637322081431,1.8423427,0.44643494,0.0,0.0,0.0,0.0,0.0,0.11432306586432175,0.05659053039328938,0.0,0.18097918014403108
5.44,1.3190191181035655,4.2613463,0.3227266,0.0,0.0,0.0,0.0,0.0,0.15657770557874454,0.01854946972019206,0.0,0.18114751428785816
6.38,0.6675695505874168,2.0275173,0.17215745,0.0,0.0,0.0,0.2285309207773562,0.0,0.26726251042290405,0.11444603579859501,0.6675695505874168,0.17004254162654042
6.83,0.6309079038270146,0.9249788,0.25338864,0.6309079038270146,0.6309079038270146,0.6309079038270146,0.6309078931808472,2.1488726,0.2525849629811416,0.2122650951066608,0.6309079038270146,0.24786821920843372
6.96,0.8465262938585262,0.98971164,0.63650584,0.8465262938585262,0.8465262938585262,0.8465262938585262,0.846526265144348,1.9884561,0.36073801412829104,0.39469195311484706,0.8465262938585262,0.3325793886858003
7.04,1.5729529145980705,4.982781,0.4662703,1.5729529145980705,1.5729529145980705,1.5729529145980705,1.57295286655426,1.8468522,0.6297341518386925,0.6123778240903806,1.5729529145980705,0.6179745656618686
7.19,0.956347393831303,1.0626411,0.1935123,0.0,0.0,0.0,0.0,0.0,0.38287517021537065,0.06688973979289356,0.0,0.19927918031246125
7.3,1.5842828946149796,4.6259227,0.5725991,1.5842828946149796,1.5842828946149796,1.5842828946149796,1.584282875061035,2.3179302,0.6751250012753187,0.9804871968992821,1.5842828946149796,0.6224258365263217
7.4,0.29506011617129907,1.048743,0.02464239,0.29506011617129907,0.29506011617129907,0.29506011617129907,0.29506012797355646,2.3525448,0.11995784284324004,0.12235502683081209,0.29506011617129907,0.11592187244949506
8.24,0.7133223652234079,2.0927904,0.172585,0.7133223652234079,0.7133223652234079,0.7133223652234079,0.713322341442108,1.517847,0.30397460224311956,0.44939994973911185,0.7133223652234079,0.2802468368472884
8.31,0.2884710824096552,0.4493399,0.16777843,0.0,0.0,0.0,0.0,0.0,0.11548984761419419,0.04857661838543829,0.2884710824096552,0.07347901952018955
8.68,1.0676771384632355,2.2684965,0.62410766,1.0676771384632355,1.0676771384632355,1.0676771384632355,1.0676771402359007,2.7569468,0.43406831138349294,0.687804619918672,1.0676771384632355,0.41946412367818375
8.71,0.763575567201416,1.8248631,0.40655845,0.763575567201416,0.763575567201416,0.763575567201416,0.763575553894043,2.0376058,0.30569866886269864,0.32040687795240336,0.763575567201416,0.2999900855976257
9.41,2.542624233937433,5.9851317,1.2105124,2.542624233937433,2.542624233937433,2.542624233937433,2.542624235153198,2.7069726,1.0179435764052964,1.092372180800916,2.542624233937433,0.9989346102011755
10.01,0.6180448063109982,0.96897477,0.4782992,0.6180448063109982,0.6180448063109982,0.6180448063109982,0.6180447936058044,1.3899915,0.24743520183502568,0.26701545155456324,0.6180448063109982,0.24281462413463734
10.02,0.7582316645302325,1.0252442,0.569833,0.7582316645302325,0.7582316645302325,0.7582316645302325,0.7582316398620605,2.3699067,0.30826204514771127,0.43883939826012847,0.7582316645302325,0.29789059749374447
10.93,0.7602834034483806,2.5150104,0.342742,0.7602834034483806,0.7602834034483806,0.7602834034483806,0.7602834105491637,1.2098804,0.30438064597117326,0.1981227899874568,0.7602834034483806,0.29869667532037675
11.06,1.5380903091006937,3.1727266,0.83328015,0.0,0.0,0.0,0.0,0.0,0.1825831394454279,0.04038796910656778,0.0,0.2112336602402131
11.24,0.5937771499923441,0.9160867,0.37892938,0.0,0.0,0.0,0.0,0.0,0.07048591070049022,0.011465282875865217,0.0,0.08154639556452317
11.32,0.8934587133596513,0.0,0.56984454,0.0,0.0,0.0,0.0,0.0,0.3256137498576432,0.05262191623817658,0.0,0.16789898739684192
11.53,2.243929938200431,7.353807,0.61757755,2.243929938200431,2.243929938200431,2.243929938200431,2.2439298629760738,2.3610733,0.9562264463869369,1.4516845349122631,2.243929938200431,0.8815849578621431
12.1,0.5466316389301792,1.7051907,0.14581354,0.5466316389301792,0.5466316389301792,0.5466316389301792,0.5466316342353821,1.8762692,0.22223522815215216,0.2573770940632229,0.5466316389301792,0.2147581447034163
13.05,0.8508034893928038,2.0871847,0.42999473,0.0,0.0,0.0,0.0,0.0,0.3100684009577081,0.09752908857199176,0.0,0.19478775354477296
13.7,1.311492169404854,4.458916,0.26462248,1.311492169404854,1.311492169404854,1.311492169404854,1.3114922046661375,2.5196073,0.5250579348424353,0.24392400251453153,1.311492169404854,0.39662903290162116
13.99,0.2968601641510573,1.2294316,0.011430487,0.0,0.0,0.0,0.0,0.0,0.11884842956925369,0.020581942328716372,0.0,0.06185832738294753
14.57,1.6826146330431735,3.734447,0.98398894,1.6826146330431735,1.6826146330431735,1.6826146330431735,1.6826146841049192,2.3511024,0.6840735519779565,0.9093684105399433,1.6826146330431735,0.6610579613547162
15.45,0.7291657230165659,0.72405225,0.5756935,0.0,0.0,0.0,0.0,0.0,0.29192263409297053,0.07242829544095764,0.0,0.16693931668006198
17.2,1.3796697215350326,3.4111369,0.6275913,1.3796697215350326,1.3796697215350326,1.3796697215350326,1.379669666290283,2.3294666,0.5523529241372084,0.4905713488264188,1.3796697215350326,0.5420383464817853
19.23,0.7876002683702408,0.98854566,0.5418278,0.0,0.0,0.0,0.0,0.0,0.16546841202109555,0.04438899820611272,0.0,0.14800604163968104
23.41,0.660788870244695,0.6643902,0.46792644,0.0,0.0,0.0,0.0,0.0,0.0784407168590875,0.030396092006010723,0.0,0.09074945136959722
24.23,0.026955073288936312,0.0,0.09692873,0.0,0.0,0.0,0.0,0.0,0.0031997743409183585,0.00028462559007824125,0.0,0.003701875474525508
26.0,0.14596658171231547,1.1068659,0.0,0.0,0.0,0.0,0.0,0.0,0.03082021124138771,0.013399084730478001,0.0,0.033418413180983784
26.13,0.4607232160178905,0.5569443,0.34007928,0.4607232160178905,0.4607232160178905,0.4607232160178905,0.46072322130203247,1.8591561,0.1844512578722405,0.1487366653003016,0.4607232160178905,0.18100683540279214
27.35,1.180294342465486,4.2188826,0.19871466,1.180294342465486,1.180294342465486,1.180294342465486,1.1802943944931028,2.1120803,0.4725326802693486,0.38901999036997403,1.180294342465486,0.4637086570545232
28.66,0.09988969734685077,0.0,0.0061723026,0.09988969734685077,0.09988969734685077,0.09988969734685077,0.09988969564437868,1.7552562,0.03999099607645682,0.016798592689420085,0.09988969734685077,0.025443787848349716
28.66,0.16207743948101985,0.2231101,0.0,0.0,0.0,0.0,0.0,0.0,0.059067802515790434,0.012494381350931751,0.0,0.03377293595952181
29.48,0.34490821905236246,0.44186765,0.20891403,0.0,0.0,0.0,0.0,0.0,0.06605907609747541,0.020943588669751757,0.0,0.07187035549961454
30.32,0.10461597976098218,0.2763857,0.08780004,0.0,0.0,0.0,0.0,0.0,0.03812644160905115,0.011377433476382452,0.0,0.023951372951079852
31.72,1.5406530689841684,4.706853,0.4933086,0.0,0.0,0.0,0.0,0.0,0.6168028582866609,0.2377543767966813,0.0,0.35272581041417694
31.86,0.29744901192034284,0.95240045,0.018139908,0.29744901192034284,0.29744901192034284,0.29744901192034284,0.2974490225315094,1.99317,0.11908417569179282,0.06745252726483794,0.29744901192034284,0.11686041091382286
32.07,0.34879232922998316,0.0,0.30843347,0.34879232922998316,0.34879232922998316,0.34879232922998316,0.34879231452941895,1.9088795,0.14180288396011903,0.16384088454109616,0.34879232922998316,0.137031939202813
35.88,1.057609613616965,2.0979674,0.6833842,0.0,0.0,0.0,0.0,0.0,0.1255463885438275,0.005742331040633939,0.0,0.1452468352915964
36.85,0.39842313030333565,1.1506214,0.121449575,0.0,0.0,0.0,0.0,0.0,0.047295887327312595,0.014885001556212172,0.0,0.05471744775997237
37.02,0.0,0.028398808,0.0,0.0,0.0,0.0,0.0,0.0,0.0,0.0,0.0,0.0
37.71,0.923994046354135,1.5467186,0.6356565,0.923994046354135,0.923994046354135,0.923994046354135,0.9239940643310545,1.985106,0.36992245710896277,0.2880427501514556,0.923994046354135,0.3630145658973875
48.55,1.2982117162773925,1.49037,1.0516152,0.0,0.0,0.0,0.0,0.0,0.5197410847265548,0.1199933108266953,0.0,0.2972199185732633
49.37,0.5561363894828334,1.2626265,0.247941,0.5561363894828334,0.5561363894828334,0.5561363894828334,0.5561363697052002,1.9033521,0.22265007063297534,0.15831266862925428,0.5561363894828334,0.21849232774220215
58.3,1.3616496444983215,0.7157543,1.1673177,1.3616496444983215,1.3616496444983215,1.3616496444983215,1.3616496324539182,2.5062387,0.5451385581994455,0.43119622728149765,1.3616496444983215,0.5349587008187742
64.1,2.8676677426472446,6.7834854,1.1923224,2.8676677426472446,2.8676677426472446,2.8676677426472446,2.86766767501831,2.3976495,1.1658615229426539,1.7230049072028986,2.8676677426472446,1.1266362211343182
71.3,1.2564953778976016,0.07783985,1.3382481,1.2564953778976016,1.2564953778976016,1.2564953778976016,1.2564953565597534,2.313744,0.5030398836139162,0.5526370793398461,1.2564953778976016,0.49364617224465784
88.49,1.2861127911684012,1.5612389,0.89654684,0.0,0.0,0.0,0.0,0.0,0.2715571430054015,0.03152442378874198,0.0,0.17662832328688238
95.18,2.4141028269012805,5.8335147,1.2333908,2.4141028269012805,2.4141028269012805,2.4141028269012805,2.4141027927398677,2.2559588,0.9664898307134187,1.5696950141739312,2.4141028269012805,0.9484417060879502
103.39,0.7816317385272712,0.9400891,0.5692911,0.0,0.0,0.0,0.0,0.0,0.16503815470490737,0.0656193598958108,0.0,0.1789511824354188
105.66,0.594534921679065,0.5426955,0.377365,0.594534921679065,0.594534921679065,0.594534921679065,0.594534933567047,1.9352175,0.23802298286704782,0.22770826687742762,0.594534921679065,0.23357816790677116
154.88,0.9846270348784453,1.143763,0.66587585,0.0,0.0,0.0,0.0,0.0,0.2068621335433413,0.06878005024875651,0.0,0.20517195915386965
196.48,0.6504809374230159,0.059601866,0.60686487,0.0,0.0,0.0,0.22268091588118932,0.0,0.26042105749871824,0.10312838243652861,0.0,0.16568974990200688
200.94,0.5509075652304624,0.4828508,0.29447517,0.0,0.0,0.0,0.0,0.0,0.22055670269098462,0.028785901104384542,0.0,0.10352668899902571
212.88,0.4911026955584968,0.12767541,0.5022383,0.0,0.0,0.0,0.0,0.0,0.1966137298726774,0.059238017384874594,0.0,0.11243582333670582
1090.84,0.8664604337943239,0.72549915,0.70263994,0.0,0.0,0.0,0.0,0.0,0.11944201890515628,0.02577491849505831,0.0,0.1189953592456552
0.0,0.31738979592493693,0.70521146,0.1835936,0.0,0.0,0.0,0.0,0.0,0.06701548012919017,0.027317208645977184,0.0,0.07266501150621081
0.0,0.7068191936662673,2.634918,0.08307642,0.0,0.0,0.0,0.0,0.0,0.08390486997823239,0.030145947171678247,0.0,0.09707102666387533
0.0,0.18341881190901732,0.0,0.11603061,0.0,0.0,0.0,0.0,0.0,0.021773222491259056,0.000498600052661376,0.0,0.02518982582960703
10.13,0.20068576726736592,0.0,0.31260327,0.20068576726736592,0.20068576726736592,0.20068576726736592,0.20068576931953427,1.3415376,0.08034485982595664,0.05114439543194688,0.20068576726736592,0.0788445087647517
0.0,1.1386801025085664,2.035661,0.5940377,1.1386801025085664,1.1386801025085664,1.1386801025085664,1.1386801004409788,2.5953054,0.45587235441949386,0.4062698250263573,1.1386801025085664,0.4473594442942052
2.87,0.8089409789820428,1.2039663,0.6205413,0.8089409789820428,0.8089409789820428,0.8089409789820428,0.8089410066604613,2.1265645,0.34472143915915593,0.48651651831246834,0.8089409789820428,0.3178130416321159
0.76,1.3599627279721564,1.399101,1.1050464,1.3599627279721564,1.3599627279721564,1.3599627279721564,1.3599627017974851,2.669742,0.5795333911496408,0.909929339527499,1.3599627279721564,0.5342959527492739
0.09,1.4377002255368578,2.1962056,0.9106057,1.4377002255368578,1.4377002255368578,1.4377002255368578,1.437700271606445,2.3342633,0.5755855268929616,0.40617643629525485,1.4377002255368578,0.5648371061730953
0.75,1.3589118891906122,3.0699527,0.8538651,1.3589118891906122,1.3589118891906122,1.3589118891906122,1.358911871910095,2.0299165,0.5440424935934157,0.45766155077943155,1.3589118891906122,0.5338831040024495
0.0,1.7838897800911624,2.9928155,1.1907248,1.7838897800911624,1.7838897800911624,1.7838897800911624,1.7838897705078123,2.3439856,0.7601853142217766,1.4248981472670355,1.7838897800911624,0.7395316672693878
2.47,0.5243750256785926,0.87592894,0.4502578,0.5243750256785926,0.5243750256785926,0.5243750256785926,0.5243750214576721,1.400976,0.20993435911301891,0.14647578632315128,0.5243750256785926,0.20601406801834407
0.68,1.146538093024006,1.1006864,0.77669436,1.146538093024006,1.146538093024006,1.146538093024006,1.1465381383895872,2.101212,0.48858479388123965,0.9738402068202066,1.146538093024006,0.47531032297218345
0.24,1.0821241089493663,1.0690304,0.9064445,1.0821241089493663,1.0821241089493663,1.0821241089493663,1.0821241140365598,2.4317796,0.4399417836698323,0.5548869641634484,1.0821241089493663,0.42513998353923865
0.21,0.9119879454914059,0.81845564,0.8080549,0.9119879454914059,0.9119879454914059,0.9119879454914059,0.9119879603385924,2.543556,0.37077226180130185,0.47757722305303757,0.9119879454914059,0.3582976637593261
1.52,1.1449041308321972,2.5300984,0.5761603,1.1449041308321972,1.1449041308321972,1.1449041308321972,1.1449041366577148,2.3763585,0.45836415386309204,0.38601812437580035,1.1449041308321972,0.4498047121495026
10.34,0.5823118257795292,0.55821663,0.40072978,0.0,0.0,0.0,0.0,0.0,0.12295261880047868,0.04486923829523098,0.0,0.12133940456794608
0.0,1.0618064451635032,3.1205783,0.3400062,1.0618064451635032,1.0618064451635032,1.0618064451635032,1.0618064403533936,1.8180356,0.4316815580893903,0.49638673234207525,1.0618064451635032,0.41715767247524793
8.02,0.9858307210885563,1.0062795,0.6810006,0.9858307210885563,0.9858307210885563,0.9858307210885563,0.9858307242393491,2.3817403,0.4007933306774797,0.583763849220846,0.9858307210885563,0.3873086765833026
0.68,0.6676799462604471,0.7440124,0.51193887,0.6676799462604471,0.6676799462604471,0.6676799462604471,0.6676799654960632,1.779811,0.27144789035667194,0.256353693706905,0.6676799462604471,0.2623150514946416
0.0,0.9617489745831458,2.2055397,0.44543937,0.9617489745831458,0.9617489745831458,0.9617489745831458,0.961748957633972,1.9744207,0.3850377014912793,0.33160262364162574,0.9617489745831458,0.37784754987127833
1.38,1.1745705329387102,1.3804536,0.9597691,0.0,0.0,0.0,0.0,0.0,0.4280626625312349,0.18145662298614096,0.0,0.26891280812012297
8.85,1.0893739926491108,1.6354809,0.7867169,1.0893739926491108,1.0893739926491108,1.0893739926491108,1.0893739461898804,2.0971313,0.4642249314667164,0.6467815364212423,1.0893739926491108,0.42798828477500295
3.3,0.07865465093041223,0.0,0.12102184,0.0,0.0,0.0,0.0,0.0,0.00933691150245635,0.0007071624945315377,0.0,0.010802037898972005
4.25,1.1117035755980647,2.0645077,0.75869596,1.1117035755980647,1.1117035755980647,1.1117035755980647,1.1117036342620847,1.9142383,0.47374044146062655,0.6227504051257396,1.1117035755980647,0.4367610294619069
1.56,0.88026631300545,1.1061436,0.56525683,0.0,0.0,0.0,0.0,0.0,0.18586441771292417,0.10852493279789417,0.0,0.20153313869674153
6.54,0.8564923303755638,1.4306358,0.60737824,0.0,0.0,0.0,0.0,0.0,0.34289803987122,0.1193763775618175,0.0,0.19609018891218796
0.79,1.4924472955404684,3.5709333,0.76595205,1.4924472955404684,1.4924472955404684,1.4924472955404684,1.492447257041931,2.189689,0.6359902551052752,0.9951523602620469,1.4924472955404684,0.5863458852934076
0.17,0.4018427411601209,0.0,0.5112,0.0,0.0,0.0,0.0,0.0,0.16087836795907254,0.054367057538621484,0.0,0.09200014551505398
0.0,0.9460182145135497,1.8506414,0.65251195,0.0,0.0,0.0,0.0,0.0,0.37873986717070374,0.1089801007759474,0.0,0.21658675018956744
0.0,0.2899210566445642,0.0,0.35943842,0.2899210566445642,0.2899210566445642,0.2899210566445642,0.2899210453033447,1.8796285,0.11607034705987639,0.09623943158782321,0.2899210566445642,0.11390286218576065
4.4,0.3811385312317482,0.057070345,0.43807888,0.0,0.0,0.0,0.0,0.0,0.13890283290532685,0.028820582859526923,0.0,0.07941985786679112
0.52,0.7497180065883945,2.1253808,0.35839218,0.7497180065883945,0.7497180065883945,0.7497180065883945,0.7497180104255675,1.4904159,0.30015077286517333,0.28002215689934196,0.7497180065883945,0.29454579039877465
9.27,0.5113511241338426,0.2185507,0.42923063,0.5113511241338426,0.5113511241338426,0.5113511241338426,0.5113511085510254,1.8630029,0.20472021982328087,0.1114275229298974,0.5113511241338426,0.20089729699128736
3.09,0.2378710757219331,0.0,0.3374234,0.2378710757219331,0.2378710757219331,0.2378710757219331,0.23787108063697812,1.7887743,0.09670741504703473,0.1326039709386304,0.2378710757219331,0.09345370312012478
8.98,3.682701849331549,8.588233,2.051292,3.682701849331549,3.682701849331549,3.682701849331549,3.6827018260955806,1.9229531,1.5693435176113604,2.825616184336774,3.682701849331549,1.526705668190464
11.19,3.9397822235863345,10.802539,1.8203316,3.9397822235863345,3.9397822235863345,3.9397822235863345,3.9397821426391597,2.4738975,1.6788955354905923,3.0939799427236565,3.9397822235863345,1.633281242486968
5.38,2.6586300613448755,5.3765807,1.8682696,2.6586300613448755,2.6586300613448755,2.6586300613448755,2.6586301326751705,1.9182103,1.1329464135837097,1.7543153652407693,2.6586300613448755,1.044510450482878
17.85,5.056875260200156,13.459396,2.5082486,5.056875260200156,5.056875260200156,5.056875260200156,5.056875228881835,2.7446759,2.1549326374071915,4.258940582955399,5.056875260200156,2.0963847845790275
10.73,4.698635391810892,13.794335,1.9974046,4.698635391810892,4.698635391810892,4.698635391810892,4.698635578155517,2.4843652,1.9102485731460659,3.259971364651886,4.698635391810892,1.8459784387123708
22.03,4.36104145776813,11.961611,2.0312324,4.36104145776813,4.36104145776813,4.36104145776813,4.361041545867919,2.422111,1.8584105968353288,3.778721642453502,4.36104145776813,1.8079190184773481
9.77,6.297592139180254,17.625572,2.939344,6.297592139180254,6.297592139180254,6.297592139180254,6.297592163085937,2.7211564,2.6836507011765507,5.636901083863148,6.297592139180254,6.297592139180254
9.27,2.5647573716375835,5.0875816,1.8114942,2.5647573716375835,2.5647573716375835,2.5647573716375835,2.564757347106933,1.600145,1.0427121283288827,1.5196674379218111,2.5647573716375835,1.0076301763748647
24.77,4.322944191413975,12.135584,1.9714496,4.322944191413975,4.322944191413975,4.322944191413975,4.322944164276123,2.7530956,1.8421758592872814,3.301059625817221,4.322944191413975,1.7921253661902352
0.0,3.2411421167454266,6.8523955,2.2884316,3.2411421167454266,3.2411421167454266,3.2411421167454266,3.241142034530639,1.5495096,1.2975962998859936,1.8491609110590155,3.2411421167454266,1.2733651295315138
1.1,0.19002523728802007,0.0,0.23083131,0.0,0.0,0.0,0.0,0.0,0.02255745595211191,0.0010084134457036104,0.0,0.0260971193777515
24.24,0.8999654600741589,2.3922517,0.39871818,0.8999654600741589,0.8999654600741589,0.8999654600741589,0.899965465068817,2.042328,0.36588447339065133,0.18686833962410795,0.8999654600741589,0.3284833270328989
0.0,0.8350497979245012,0.60528934,0.6023704,0.8350497979245012,0.8350497979245012,0.8350497979245012,0.8350498080253601,2.3659215,0.3558474296509665,0.5878888299473812,0.8350497979245012,0.3280705553162003
0.0,0.7083673009640767,1.4058443,0.37693158,0.7083673009640767,0.7083673009640767,0.7083673009640767,0.7083672881126403,2.0058713,0.2835959533962669,0.10806081722302094,0.0,0.16217760853077864
0.0,1.5477675357045413,3.166894,0.9091511,1.5477675357045413,1.5477675357045413,1.5477675357045413,1.5477675199508667,2.429831,0.6196511461307274,0.37826385506489635,1.5477675357045413,0.6080798488917004
0.0,1.741815762788344,3.0365548,1.2485672,0.0,0.0,0.0,0.0,0.0,0.36594132820484776,0.12349837852514607,0.0,0.3629513916205793
0.0,1.1784973675882109,0.98532975,1.1249129,1.1784973675882109,1.1784973675882109,1.1784973675882109,1.1784973144531248,2.355749,0.4718132585754669,0.2115750806029836,1.1784973675882109,0.30018548255916205
0.0,0.9832030226534214,1.1227204,0.88169307,0.9832030226534214,0.9832030226534214,0.9832030226534214,0.9832029938697813,1.3799646,0.39972502961391493,0.4876341072767895,0.9832030226534214,0.3862763184090226
8.0,1.3142083155648534,1.1352676,1.231116,1.3142083155648534,1.3142083155648534,1.3142083155648534,1.3142082691192625,2.064443,0.5600356437209285,0.9401790216360247,1.3142083155648534,0.5163201679231005
2.64,1.2406558675256762,1.0703936,1.2098389,0.0,0.0,0.0,0.0,0.0,0.2619591105474406,0.15413130799626093,0.0,0.2840427576642141
86.45,0.6574099302383131,0.889901,0.21537349,0.6574099302383131,0.6574099302383131,0.6574099302383131,0.657409906387329,2.665301,0.26319509057570484,0.2594138729267264,0.6574099302383131,0.25828021444915994
6.57,1.1200004516345128,0.60537463,1.2241598,1.1200004516345128,1.1200004516345128,1.1200004516345128,1.1200004816055298,1.8416178,0.4483939270675723,0.4439507531448858,1.1200004516345128,0.44002066827079306
0.0,1.4114408674232288,2.745452,0.86964965,0.0,0.0,0.0,0.0,0.0,0.5143881263587854,0.2430674018744592,1.4114408674232288,0.35952058065114906
0.9,1.0504445712694161,0.88618994,1.016576,0.0,0.0,0.0,0.0,0.0,0.22068986274446317,0.08994911268291006,0.0,0.24049470977945708
0.0,0.929335519930528,0.29065257,1.0275631,0.929335519930528,0.929335519930528,0.929335519930528,0.9293355345726012,1.9323819,0.3778249859555603,0.5548318680879458,0.929335519930528,0.3651130996695883
0.0,1.4234140652010911,0.5546148,1.03203,0.0,1.4234140652010911,1.4234140652010911,1.42341411113739,2.511214,0.5698660403281814,0.24587540732913338,1.4234140652010911,0.3625703797016801
0.0,0.0,0.0,0.21081483,0.0,0.0,0.0,0.0,0.0,0.0,0.0,0.0,0.0
0.0,1.502738720521324,1.2966993,1.4101567,1.502738720521324,1.502738720521324,1.502738720521324,1.5027387142181394,2.0905147,0.6016237897651682,0.44682257628480104,1.502738720521324,0.5903891333929294
3.52,0.8892536854654782,0.32969695,0.95128965,0.0,0.0,0.0,0.0,0.0,0.3560140994615385,0.07748403259166237,0.0,0.20359075848037503
0.0,0.5146465898078707,0.050686598,0.5780812,0.0,0.0,0.0,0.0,0.0,0.06109250511235927,0.006102257939062699,0.0,0.07067899865959246
0.0,0.42818558147629465,0.06798723,0.42899215,0.0,0.0,0.0,0.0,0.0,0.050828918996907724,0.016712084777950678,0.0,0.05880487452664942
0.0,1.0572038976469236,3.3828726,0.4248833,0.0,0.0,0.0,0.0,0.0,0.22322402202248398,0.06056657461387058,0.0,0.19867002384413598
0.0,0.8532291143366976,2.1933217,0.37195534,0.8532291143366976,0.8532291143366976,0.8532291143366976,0.8532291054725647,1.6925888,0.34688362946165724,0.32396650178321174,0.8532291143366976,0.3352127622186411
0.41,0.7714163293349164,0.9482323,0.5262292,0.7714163293349164,0.7714163293349164,0.7714163293349164,0.7714163064956665,2.3493314,0.30883773020781874,0.2023386440435565,0.7714163293349164,0.3030705284570015
5.18,0.9915827575234665,1.809598,0.5886087,0.0,0.0,0.0,0.0,0.0,0.11770849332926683,0.041590136011705185,0.0,0.13617903582347657
0.0,0.7918788498352256,0.38820362,0.9201912,0.7918788498352256,0.7918788498352256,0.7918788498352256,0.7918788790702819,1.0741655,0.32194143977179007,0.3726602884709486,0.7918788498352256,0.311109750166163
0.0,1.956819461254678,3.1934836,1.4827837,1.956819461254678,1.956819461254678,1.956819461254678,1.9568194150924683,2.1560256,0.7834157223005876,0.5014246242828346,1.956819461254678,0.768786303407276
0.0,1.448441849658034,0.5886007,1.2940586,0.0,0.0,0.0,0.0,0.0,0.3043058546231308,0.08612926092096862,0.0,0.2721915587417844
14.29,1.0946411738330637,0.0,1.2726387,0.0,0.0,0.0,0.0,0.0,0.12994231931773048,0.003149126543385486,0.0,0.15033256527934075
0.0,0.9479559580588678,4.1566033,0.0620109,0.9479559580588678,0.9479559580588678,0.9479559580588678,0.9479559659957885,1.575851,0.37951564582031677,0.1895806579850373,0.9479559580588678,0.2866863132311638
0.0,2.68998893578975,5.017392,1.8529924,2.68998893578975,2.68998893578975,2.68998893578975,2.6899888515472408,1.7838142,1.0936255099356915,1.665323765894611,2.68998893578975,1.056830582023286
1.58,1.5626405704676456,2.053105,1.3689036,1.5626405704676456,1.5626405704676456,1.5626405704676456,1.5626405477523801,1.8444092,0.6256055887875211,0.4771153684938715,1.5626405704676456,0.6139230989422919
0.0,3.2230717833928,5.0424056,2.6023064,3.2230717833928,3.2230717833928,3.2230717833928,3.2230718135833736,2.1941965,1.2903618137537964,1.4963952402009366,3.2230717833928,1.266265739396363
0.0,2.161942255069048,4.8750634,1.2332764,2.161942255069048,2.161942255069048,2.161942255069048,2.1619422435760494,2.3918557,0.865536952622655,1.1279836847669857,2.161942255069048,0.8493740109211877
3.78,1.1007173397784666,1.0050459,0.93132925,0.0,0.0,0.0,0.0,0.0,0.4011474679013208,0.048342112222451716,0.0,0.1511670356386429
0.0,2.583865897062731,4.55936,1.83466,2.583865897062731,2.583865897062731,2.583865897062731,2.583865880966186,2.1822422,1.1010864745047124,1.5938051305784229,2.583865897062731,1.01513744667549
4.41,2.130225504654302,1.8930255,1.9924859,2.130225504654302,2.130225504654302,2.130225504654302,2.130225419998169,2.6137097,0.8528391021427421,0.8145534060818244,2.130225504654302,0.836913278702279
34.36,1.6245133247831745,0.7007927,1.7147261,1.6245133247831745,1.6245133247831745,1.6245133247831745,1.6245132684707642,2.2445111,0.6503764424470342,0.6363812486753343,1.6245133247831745,0.6382313844094464
7.21,1.6641586755101923,1.9729384,1.4778229,1.6641586755101923,1.6641586755101923,1.6641586755101923,1.6641587018966673,1.8082768,0.6662485204238919,0.7051757857515867,1.6641586755101923,0.6538070689507104
1.01,2.36765462279641,4.085339,1.7391378,2.36765462279641,2.36765462279641,2.36765462279641,2.3676545619964595,2.155001,0.9625792358313638,1.287521270586019,2.36765462279641,0.9301933475445442
2.18,2.64590528572469,3.3421445,2.4261801,0.0,0.0,0.0,0.9057799886479619,0.0,1.0592923065196214,0.38740348977585265,0.0,0.6057684919303438
4.42,0.5653678189086591,1.4181587,0.3127746,0.5653678189086591,0.5653678189086591,0.5653678189086591,0.565367817878723,1.6907058,0.22634588779684545,0.12936171875468175,0.5653678189086591,0.22211912962350355
0.0,1.1288691538161817,0.68472683,1.1662817,1.1288691538161817,1.1288691538161817,1.1288691538161817,1.1288691759109497,1.8758672,0.4519445258136958,0.2159533818304696,1.1288691538161817,0.3413991262744374
0.0,1.246371021315313,0.930043,1.1738484,1.246371021315313,1.246371021315313,1.246371021315313,1.246371030807495,1.9970719,0.49898658167074317,0.2308524252304318,1.246371021315313,0.31747418091138685
0.0,1.4747324983271861,2.2648447,1.104035,0.0,0.0,0.0,0.0,0.0,0.5904114550436688,0.19442175759579694,0.0,0.3376335828542888
0.0,1.5091942923069748,2.0323918,1.214204,1.5091942923069748,1.5091942923069748,1.5091942923069748,1.5091942548751829,2.4135222,0.6042082879947984,0.3994251304358157,1.5091942923069748,0.5929253689873406
3.33,0.7819424227619168,0.0,0.87831575,0.7819424227619168,0.7819424227619168,0.7819424227619168,0.7819424271583556,2.0672722,0.31790174652978215,0.33678903835502827,0.7819424227619168,0.30720597202514477
6.58,1.0803056248518597,0.0,1.2913313,0.0,0.0,0.0,0.0,0.0,0.1282405794893375,0.011629647496041298,0.0,0.14836379240239367
15.64,1.9111658589440348,0.81463075,2.0337293,1.9111658589440348,1.9111658589440348,1.9111658589440348,1.9111658334732051,2.1025972,0.7651382314344226,0.637174052852097,1.9111658589440348,0.7508501243920075
11.22,1.5256191167138455,1.2760019,1.5018748,1.5256191167138455,1.5256191167138455,1.5256191167138455,1.5256191492080686,2.066996,0.6202464115317928,0.484410221443857,1.5256191167138455,0.5993782790742913
2.13,0.4539106361448735,0.25016716,0.52279884,0.0,0.0,0.0,0.0,0.0,0.09584126398376393,0.04162028083081287,0.0,0.10392086330985677
0.0,1.41450179131124,2.6766949,0.9791054,1.41450179131124,1.41450179131124,1.41450179131124,1.4145017862319944,2.0386896,0.5750712288240478,0.6715393657632405,1.41450179131124,0.5557230111601021
0.0,0.3039803595740723,0.43665025,0.331216,0.0,0.0,0.0,0.0,0.0,0.0360848046778446,0.012964350263937623,0.0,0.041747148144708666
0.0,1.0014537229676865,0.0,1.1082999,1.0014537229676865,1.0014537229676865,1.0014537229676865,1.0014537572860716,2.0102193,0.4009335594129364,0.35385501517964135,1.0014537229676865,0.39344657029327235
56.04,1.2677033674674945,0.53352165,1.3140372,0.0,0.0,0.0,0.0,0.0,0.26767007296074974,0.17808201943850702,0.0,0.2902351649807722
7.48,1.548888328647704,1.2499659,1.2924277,1.548888328647704,1.548888328647704,1.548888328647704,1.5488883256912231,2.4934022,0.6200998573330139,0.4517161431892909,1.548888328647704,0.6085201809104277
1.47,1.6089865445909797,2.667918,1.2403219,1.6089865445909797,1.6089865445909797,1.6089865445909797,1.6089864969253538,2.0496407,0.6441602717884128,0.8900462333887872,1.6089865445909797,0.6321312938369001
3.93,1.5812777648252427,3.6393657,0.9773536,1.5812777648252427,1.5812777648252427,1.5812777648252427,1.5812777280807493,2.040494,0.6330670186068831,0.5438578024939649,1.5812777648252427,0.621245194843195
0.0,1.3899052202660493,1.3613931,1.3116764,1.3899052202660493,1.3899052202660493,1.3899052202660493,1.3899052143096922,2.03144,0.5922930600299977,0.8978293858615275,1.3899052202660493,0.5460596225313922
0.0,2.120093349881428,1.1429224,2.2106042,2.120093349881428,2.120093349881428,2.120093349881428,2.12009334564209,2.1816285,0.9034548251499883,1.3845994847227647,2.120093349881428,0.8329326039555174
2.18,1.7484630620165602,1.0177131,1.8281282,0.0,0.0,0.0,0.5985561364695954,0.0,0.6999999130054267,0.5029843434157119,1.7484630620165602,0.6869281917453971
6.1,1.1775520974348281,0.34702578,1.3705776,1.1775520974348281,1.1775520974348281,1.1775520974348281,1.1775521039962766,1.1482704,0.5018010760481297,0.47733219540664595,1.1775520974348281,0.46263129633632766
5.83,2.370700457863397,0.245316,2.0451999,2.370700457863397,2.370700457863397,2.370700457863397,2.3707003593444824,1.8318796,0.9491136245980274,0.6703177791769207,2.370700457863397,0.9313899813313093
28.19,2.1732110777144955,2.4016163,2.0342095,2.1732110777144955,2.1732110777144955,2.1732110777144955,2.1732110977172847,1.9273719,0.9260903697190388,1.4765179295527142,2.1732110777144955,0.853801254556526
0.0,0.8811032548172133,2.5110743,0.47514,0.8811032548172133,0.8811032548172133,0.8811032548172133,0.8811032772064208,1.4331868,0.3527510618437108,0.2794360725557249,0.8811032548172133,0.3461638273756335
0.0,1.0218154351918265,1.6703348,0.7138437,1.0218154351918265,1.0218154351918265,1.0218154351918265,1.0218154191970825,2.0812647,0.43543558371541574,0.7613926010363741,1.0218154351918265,0.4014461869067551
1.64,0.8966301374189566,1.9823805,0.56401044,0.8966301374189566,0.8966301374189566,0.8966301374189566,0.8966301083564757,1.5809517,0.3645284849361766,0.3663217398998791,0.8966301374189566,0.35226395818237605
3.71,0.39507077308980043,0.6723417,0.35958523,0.39507077308980043,0.39507077308980043,0.39507077308980043,0.39507076144218445,1.2610185,0.15816719998356343,0.12529408399095052,0.39507077308980043,0.15521360311554713
7.31,1.1357521057362103,1.9564612,0.818907,1.1357521057362103,1.1357521057362103,1.1357521057362103,1.1357520818710325,2.0820746,0.4547001263464767,0.4044150821270858,1.1357521057362103,0.44620910627908517
2.03,1.0017558720153346,0.86036634,0.8487716,1.0017558720153346,1.0017558720153346,1.0017558720153346,1.0017558336257932,2.2496998,0.4268874180682681,0.6169329760250823,1.0017558720153346,0.3935652772327824
1.72,1.061264846789148,1.2221274,0.9091365,1.061264846789148,1.061264846789148,1.061264846789148,1.0612648725509641,2.0579646,0.4522465233181089,0.7040948571826913,1.061264846789148,0.4169448917765702
5.97,0.9908930723290262,1.1764882,0.8422475,0.9908930723290262,0.9908930723290262,0.9908930723290262,0.9908930659294127,2.3040884,0.3967055864640444,0.3729365783969856,0.9908930723290262,0.38929755004545363
13.06,1.2164047452384272,1.5892681,0.9796454,1.2164047452384272,1.2164047452384272,1.2164047452384272,1.2164047956466673,2.2491062,0.5183577112217544,0.9200240626362056,1.2164047452384272,0.5042743331791486
1.26,1.2600055772925396,2.215598,0.80220795,1.2600055772925396,1.2600055772925396,1.2600055772925396,1.2600055932998655,2.3411891,0.5369377337014463,0.9392606967123635,1.2600055772925396,0.5223495508204888
0.0,1.759903097634135,2.1842973,1.5733845,1.759903097634135,1.759903097634135,1.759903097634135,1.7599030733108518,2.165452,0.749963649215208,1.0352178111909343,1.759903097634135,0.6914227007521931
0.0,1.6170528385624978,0.7986885,1.7078743,1.6170528385624978,1.6170528385624978,1.6170528385624978,1.6170527935028074,2.1653903,0.6890895580628468,0.8776765767235727,1.6170528385624978,0.6353003426159755
8.12,1.6738864053688207,1.5206021,1.6943264,1.6738864053688207,1.6738864053688207,1.6738864053688207,1.67388641834259,1.5648233,0.6701430322398445,0.5148906231107817,1.6738864053688207,0.6576288550820505
1.09,2.012869265493133,2.680618,1.6437325,0.0,0.0,0.0,0.0,0.0,0.42500862345371415,0.2355101426832354,0.0,0.46083765204647137
3.94,1.519042248548942,1.0240906,1.5601968,1.519042248548942,1.519042248548942,1.519042248548942,1.5190422534942625,1.9530476,0.6081509326307725,0.29878643011317724,1.519042248548942,0.4593975259891026
0.52,0.7214575110517413,1.7153141,0.3422306,0.7214575110517413,0.7214575110517413,0.7214575110517413,0.7214574813842772,1.5719887,0.28883663941454624,0.29683498706325606,0.7214575110517413,0.28344293582978397
2.93,0.8617754710922759,0.38066614,0.94233286,0.0,0.0,0.0,0.0,0.0,0.18196015656554507,0.06972804050583856,0.0,0.17957272702407479
5.65,2.3164667551771756,4.8144526,1.4673218,2.3164667551771756,2.3164667551771756,2.3164667551771756,2.316466808319092,2.3312466,0.9274010771687827,0.8646644261992195,2.3164667551771756,0.9100828916207974
20.03,1.7663914415542208,3.20804,1.2341533,1.7663914415542208,1.7663914415542208,1.7663914415542208,1.7663913965225218,2.3753633,0.707177567706474,0.446136792419614,1.7663914415542208,0.6939718117132827
1.75,2.1263671454300517,1.1299765,2.3921063,0.0,0.0,0.0,0.7279250668587456,0.0,0.8512944020115285,0.4156800136632069,2.1263671454300517,0.6430682272913774
0.0,2.1827642287845404,2.1738746,2.113168,2.1827642287845404,2.1827642287845404,2.1827642287845404,2.182764291763305,1.64388,0.9301613416081311,1.4795371382992364,2.1827642287845404,0.8575544529697929
12.64,1.271582078923441,2.4529386,0.8109661,1.271582078923441,1.271582078923441,1.271582078923441,1.2715821266174314,2.176952,0.5418709345236552,0.8716134748385277,1.271582078923441,0.49957336652185974
0.0,3.0792279076221414,5.9366417,2.0748801,3.0792279076221414,3.0792279076221414,3.0792279076221414,3.0792279243469234,2.4592788,1.2327736938139366,1.4661617304500312,3.0792279076221414,1.2097530136640693
11.06,2.1657329387822237,1.7666781,2.0410237,2.1657329387822237,2.1657329387822237,2.1657329387822237,2.165732860565185,2.393913,0.867054558757493,0.5146221893104135,2.1657329387822237,0.8508632774462508
0.0,0.7205446755684213,1.1331728,0.6263694,0.7205446755684213,0.7205446755684213,0.7205446755684213,0.7205446958541869,1.1871846,0.2929402525659878,0.329384608389227,0.7205446755684213,0.2830843051892288
0.0,0.0,0.0,0.0,0.0,0.0,0.0,0.0,0.0,0.0,0.0,0.0,-0.0
0.0,0.6785201291871402,0.8447108,0.48485628,0.0,0.0,0.0,0.23227965778301987,0.0,0.27164659163896626,0.1847131507073735,0.6785201291871402,0.2665738931126249
18.3,2.343164823878707,0.771089,2.6469648,0.0,0.0,0.0,0.0,0.0,0.9380896905999012,0.2104634303739301,0.0,0.5364573816618945
39.35,0.7198972058585552,0.36967564,0.68532497,0.7198972058585552,0.7198972058585552,0.7198972058585552,0.7198972105979918,2.037379,0.2882119687976946,0.3038893202960342,0.7198972058585552,0.2828299302432146
0.0,0.5049647559756602,0.5195518,0.29769996,0.5049647559756602,0.5049647559756602,0.5049647559756602,0.5049647688865662,2.3394756,0.20216342737380677,0.10463238575273191,0.5049647559756602,0.18430985458438878
174.63,0.8503705539082972,0.31875917,0.8319346,0.0,0.0,0.0,0.0,0.0,0.10094551958740662,0.015296029462668536,0.0,0.11678565530236852
0.0,0.46871558300603516,1.0301901,0.28677028,0.46871558300603516,0.46871558300603516,0.46871558300603516,0.4687155783176421,1.3491563,0.1876510144572931,0.1304898478543532,0.46871558300603516,0.18414684008587637
0.0,0.9845482191236905,0.27553856,1.3116022,0.0,0.0,0.0,0.0,0.0,0.11687343956293016,0.04204076732231285,0.0,0.13521294736593092
7.73,1.2224700685506078,0.54240346,1.3328143,1.2224700685506078,1.2224700685506078,1.2224700685506078,1.2224700450897215,2.2512057,0.48941779796607376,0.3858350599765812,1.2224700685506078,0.4802784639235273
16.33,0.25355681536094093,0.36718217,0.06654946,0.0,0.0,0.0,0.0,0.0,0.0532702251126941,0.015959155799864642,0.0,0.05283497885150247
5.86,1.5301503795985203,2.8505528,0.84544444,1.5301503795985203,1.5301503795985203,1.5301503795985203,1.5301504135131834,2.1679947,0.6125980902157829,0.5034576472389408,1.5301503795985203,0.6011585009659124
42.87,0.9269928863361724,0.0,1.0538304,0.0,0.0,0.0,0.0,0.0,0.11004117926586363,0.013768258871033646,0.0,0.12730858470327333
12.18,1.7099786540999027,0.44588608,1.768552,1.7099786540999027,1.7099786540999027,1.7099786540999027,1.7099786996841428,2.541508,0.6845926202927881,0.6012366569277491,1.7099786540999027,0.6718086131195311
16.0,0.591800623114451,1.4748602,0.1763267,0.591800623114451,0.591800623114451,0.591800623114451,0.5918006300926208,2.0085807,0.23692830217350594,0.20738069151346797,0.591800623114451,0.23250392915990511
24.59,0.9486273522696032,1.2288399,0.82464504,0.9486273522696032,0.9486273522696032,0.9486273522696032,0.9486273527145385,2.0239742,0.3797844395393931,0.44952138509658063,0.9486273522696032,0.3726923867543565
0.0,0.1371655928875765,0.0,0.20958845,0.0,0.0,0.0,0.0,0.0,0.028961920586570912,0.012885393022868688,0.0,0.031403465118926555
28.74,1.1741812304998833,1.0354258,0.9953756,0.0,0.0,0.0,0.0,0.0,0.13938433528517158,0.002761691806349533,0.0,0.16125620039103322
0.0,1.58980379847984,1.6284236,1.2014117,1.58980379847984,1.58980379847984,1.58980379847984,1.5898038148880005,2.7839158,0.6364804294739197,0.7563745149105908,1.58980379847984,0.6245948640517387
9.96,1.4446363422507618,4.235867,0.5497854,1.4446363422507618,1.4446363422507618,1.4446363422507618,1.4446363449096677,1.9117019,0.5873225482251969,0.7524850174792399,1.4446363422507618,0.5675621360667906
30.18,1.3960457206250214,2.9544768,0.8136479,1.3960457206250214,1.3960457206250214,1.3960457206250214,1.396045684814453,2.3528805,0.5949097677699936,1.0551939394791428,1.3960457206250214,0.5787465295671778
70.76,3.0530548705415885,3.9735253,2.5303872,3.0530548705415885,3.0530548705415885,3.0530548705415885,3.053054809570312,2.9215863,1.2412313839786964,1.2320861318534262,3.0530548705415885,1.1994702702508377
0.0,0.07245117965236224,0.0,0.06936444,0.0,0.0,0.0,0.0,0.0,0.008600511789966023,0.00014948520553086754,0.0,0.00995008405952307
0.0,0.8922044795406057,2.7455585,0.3565809,0.8922044795406057,0.8922044795406057,0.8922044795406057,0.892204463481903,1.2985337,0.3802032783634153,0.7483574741927432,0.8922044795406057,0.3698734493933599
51.78,0.3891805032805463,0.5406483,0.3204291,0.0,0.0,0.0,0.0,0.0,0.14183366410760248,0.057251085070108176,0.0,0.089101181298097
3.64,1.5148231477501153,3.302899,0.86478823,1.5148231477501153,1.5148231477501153,1.5148231477501153,1.5148231983184812,2.1037598,0.6158572681765458,0.8841038069247642,1.5148231477501153,0.5951368080363837
3.63,0.8097897767398108,1.4913788,0.29825664,0.8097897767398108,0.8097897767398108,0.8097897767398108,0.809789776802063,2.3205779,0.3242005997065683,0.19946969338775136,0.8097897767398108,0.3181465134231806
0.0,1.5887296132158246,2.6302128,1.0687214,0.0,0.0,0.0,0.0,0.0,0.33545337371306433,0.11468961821276973,0.0,0.3310520184421924
0.0,3.134704561746388,7.527638,1.7052771,3.134704561746388,3.134704561746388,3.134704561746388,3.13470458984375,2.436964,1.335820407100397,2.5814350049069543,3.134704561746388,1.2995271999522269
8.16,1.4607361974195268,1.3835961,1.3126445,0.0,0.0,0.0,0.0,0.0,0.30688879711645783,0.020129646243254768,0.0,0.20061023192240723
4.95,0.8984454257600628,0.5823163,0.77933925,0.8984454257600628,0.8984454257600628,0.8984454257600628,0.8984454274177549,2.2988331,0.3652664975024401,0.3319373009933854,0.8984454257600628,0.35297714038492967
0.0,2.5149033851512845,5.7210307,1.1235539,2.5149033851512845,2.5149033851512845,2.5149033851512845,2.514903306961059,2.4385395,1.0224437953747922,1.7635212795071888,2.5149033851512845,0.9880437695857869
0.0,1.4981581266113302,3.6428885,0.47288528,1.4981581266113302,1.4981581266113302,1.4981581266113302,1.4981580972671507,2.2649174,0.638423863930507,1.1632080225461432,1.4981581266113302,0.6210783813949764
6.04,1.0015564516208153,1.9828908,0.6192907,1.0015564516208153,1.0015564516208153,1.0015564516208153,1.0015563964843748,2.0972178,0.4071866878558815,0.5486131285494542,1.0015564516208153,0.3934869298578906
0.0,1.7938648248909514,3.7835782,0.770184,1.7938648248909514,1.7938648248909514,1.7938648248909514,1.793864846229553,2.246085,0.7181765795606312,0.9438019783944637,1.7938648248909514,0.7047654292317808
3.95,3.7368689602960785,4.823443,3.1260033,3.7368689602960785,3.7368689602960785,3.7368689602960785,3.736868858337402,3.0549107,1.4960613146170996,1.053471947778088,3.7368689602960785,1.4681240304414134
0.0,0.5330692484372475,0.58754987,0.34949046,0.0,0.0,0.0,0.0,0.0,0.06327941626418215,0.006379993231786517,0.0,0.07320907481351772
7.8,2.433434985700107,1.244734,2.3516011,0.0,0.0,0.0,0.0,0.0,0.5138092529239024,0.16046400004237635,0.0,0.5070677584546479
0.0,1.524924704827904,2.0639408,1.339091,1.524924704827904,1.524924704827904,1.524924704827904,1.5249247550964353,2.5238268,0.619964095666934,0.5748393768323719,1.524924704827904,0.5991054617002793
0.0,0.5801474678867489,1.0143895,0.24772954,0.0,0.0,0.0,0.0,0.0,0.06886796269460377,0.010148942989840733,0.0,0.07967456292762243
4.62,2.2254433660591917,7.948918,0.39662814,2.2254433660591917,2.2254433660591917,2.2254433660591917,2.225443363189697,2.6176,0.9483485938374628,1.2288466644965725,2.2254433660591917,0.874322037730501
1.63,2.254611796653297,4.143832,1.3312829,0.0,0.0,0.0,0.0,0.0,0.2676397462671393,0.1483746355295953,0.0,0.46980542181425067
0.0,2.1944920375697192,3.4234073,1.5375179,2.1944920375697192,2.1944920375697192,2.1944920375697192,2.194492101669311,2.7270243,0.8921793103704347,1.419075891402563,2.1944920375697192,0.8621620209859266
0.0,1.5484656842614284,3.0446265,0.80927694,1.5484656842614284,1.5484656842614284,1.5484656842614284,1.5484657287597654,2.5087757,0.6199306509939998,0.6842628658778463,1.5484656842614284,0.6083541343119477
746.28,1.197181079216333,0.1607618,1.2586737,0.0,0.0,0.0,0.0,0.0,0.47929331165661127,0.10414972113480632,0.0,0.27408939421873135
7.02,0.7734621295752387,1.2585937,0.3890062,0.7734621295752387,0.7734621295752387,0.7734621295752387,0.7734621167182922,2.1867626,0.3144540502075806,0.42014570879708385,0.7734621295752387,0.3038742731229804
0.0,0.25442600733692056,0.21209803,0.16384053,0.0,0.0,0.0,0.0,0.0,0.030202322257203196,0.003007402087776695,0.0,0.03494160028971527
2.44,1.645946893137146,2.8808727,0.7437314,1.645946893137146,1.645946893137146,1.645946893137146,1.6459468603134153,2.7665024,0.6691661390814251,0.7198782655948933,1.645946893137146,0.6466521069696726
3.05,1.5946582011532489,4.647825,0.51406807,1.5946582011532489,1.5946582011532489,1.5946582011532489,1.5946582555770872,2.4216602,0.6795463258150772,1.3596496727382354,1.5946582011532489,0.6610835778000808
185.76,1.3597729236954832,2.5076392,0.6670057,1.3597729236954832,1.3597729236954832,1.3597729236954832,1.3597729206085203,2.4638658,0.5794525081122951,0.6613813833761432,1.3597729236954832,0.5342213833108951
0.0,2.4849965847720776,6.2553186,1.0021389,2.4849965847720776,2.4849965847720776,2.4849965847720776,2.4849965572357173,1.9986957,0.9948722572114375,1.6646738191092298,2.4849965847720776,0.9762941222802927
6.3,5.216923838984227,0.07675274,1.9603206,0.0,5.216923838984227,5.216923838984227,3.430999939218659,2.4479332,2.0886035929367024,0.5967367418135376,0.0,1.194391992603534
0.72,0.9638574846279863,0.8220338,0.8940198,0.9638574846279863,0.9638574846279863,0.9638574846279863,0.9638574719429014,1.979897,0.41073743063850787,0.7324116819012985,0.9638574846279863,0.3995780123705774
4.96,4.961174409133708,2.8672147,1.0219437,4.961174409133708,4.961174409133708,4.961174409133708,4.961174488067626,2.9966133,1.986213909942727,1.1066994777086434,4.961174409133708,1.949123570199551
0.0,1.5833448104539625,1.3762869,1.4226383,0.0,0.0,0.0,0.0,0.0,0.18795519652310905,0.06793618456899038,0.0,0.217448687996799
0.0,2.0411072947659936,3.451468,1.4085486,2.0411072947659936,2.0411072947659936,2.0411072947659936,2.0411071777343746,2.5169497,0.8171604878647445,0.6812622421557983,2.0411072947659936,0.8019009229367773
2.35,2.35388050924975,7.2176065,0.8327429,2.35388050924975,2.35388050924975,2.35388050924975,2.353880405426025,2.4655166,0.9569793161621941,1.277935802583451,2.35388050924975,0.9247818366484603
0.0,4.943388382247364,1.9481244,1.1082971,4.943388382247364,4.943388382247364,4.943388382247364,4.9433884620666495,3.14373,1.9790932463475845,2.813191984180427,4.943388382247364,1.9421358770919368
3.2,0.9965155812167271,2.7842789,0.25509113,0.9965155812167271,0.9965155812167271,0.9965155812167271,0.9965155720710752,2.41087,0.42465432488515154,0.534447817616654,0.9965155812167271,0.39150649568874696
0.0,4.211326104535445,3.961192,3.996999,0.0,0.0,0.0,0.0,0.0,1.5347834928094548,0.4942585170191411,0.0,0.9641647708007829
6.36,0.9124372115788707,2.7725701,0.22202581,0.9124372115788707,0.9124372115788707,0.9124372115788707,0.9124372005462645,2.3368542,0.3709549126841599,0.48317810285152624,0.9124372115788707,0.3584741693703275
0.0,2.273419929057588,3.810429,0.96855843,2.273419929057588,2.273419929057588,2.273419929057588,2.2734198570251465,2.5631485,0.910167213215078,0.6226672162295878,2.273419929057588,0.893170850943997
15.34,0.6417815376586521,1.3966696,0.28491148,0.0,0.0,0.0,0.0,0.0,0.07618440041556722,0.02647911373859495,0.0,0.08813907900732648
0.0,3.1707110248049397,3.3436148,2.8464808,3.1707110248049397,3.1707110248049397,3.1707110248049397,3.1707110404968257,2.3945427,1.2890649531028582,1.4069701722773524,3.1707110248049397,1.2456944834193033
0.0,1.170951899458061,0.92018604,1.1203083,0.0,0.0,0.0,0.0,0.0,0.247241419723928,0.16115561264813794,0.0,0.2680843377443132
0.54,1.4493276678837044,3.090286,0.632275,1.4493276678837044,1.4493276678837044,1.4493276678837044,1.4493277072906492,2.496358,1.4493276678837044,1.2183576757144414,1.4493276678837044,0.6008351629184825
0.0,1.3590772580085166,0.7277796,1.4423006,1.3590772580085166,1.3590772580085166,1.3590772580085166,1.359077215194702,2.0746453,0.5441086992574997,0.2068868390131556,0.0,0.31115481927583627
6.43,1.4773403162014282,3.5218608,0.4935737,0.0,0.0,0.0,0.0,0.0,0.5914554989956172,0.17126497244177744,0.0,0.3382306313992355
0.33,0.8709633755665519,1.3851074,0.6542114,0.8709633755665519,0.8709633755665519,0.8709633755665519,0.8709633946418761,1.8863305,0.3711516118988491,0.5510972848451362,0.8709633755665519,0.34218011787127595
0.0,3.4025521616191448,3.5369742,3.1172678,3.4025521616191448,3.4025521616191448,3.4025521616191448,3.4025521278381348,2.8728483,1.3833208729317874,2.1241981058923334,3.4025521616191448,1.3367791716484623
1.23,1.4736812931076924,3.268723,0.7434628,1.4736812931076924,1.4736812931076924,1.4736812931076924,1.473681330680847,2.457512,0.5899906033950513,0.35049869259355243,1.4736812931076924,0.5789731838635191
3.35,0.2288530645557411,0.7441495,0.07842407,0.2288530645557411,0.2288530645557411,0.2288530645557411,0.22885306179523468,1.1139827,0.09752325549005168,0.17679909594413326,0.2288530645557411,0.09487362407668884
0.0,2.028929037420491,3.539313,1.5409095,0.0,0.0,0.0,0.0,0.0,0.7394266597785237,0.21080767834713,0.0,0.46451446688699816
9.96,4.374800732285387,6.301379,3.7697313,0.0,0.0,0.0,0.0,0.0,0.9237202181918137,0.2800857910648668,0.0,0.9116004389028234
0.0,0.48436426994511017,1.1061994,0.027499689,0.0,0.0,0.0,0.0,0.0,0.05749776103425229,0.01806807941510802,0.0,0.06652017571705934
0.0,0.16723343749025513,0.0,0.12232663,0.0,0.16723343749025513,0.16723343749025513,0.10998395696407562,2.116672,0.06695216744228155,0.019908654487837896,0.0,0.03828736719162371
0.0,0.2968314709718357,0.1083764,0.34149572,0.2968314709718357,0.2968314709718357,0.2968314709718357,0.2968314588069916,1.2369939,0.11883694221021518,0.10891356992863493,0.2968314709718357,0.11661779424304373
0.0,3.069678644292226,2.992452,3.0969524,0.0,0.0,0.0,0.0,0.0,0.587924914388051,0.17264831005365072,0.0,0.5768547872484721
0.0,0.3982411868033414,0.10675339,0.17517251,0.3982411868033414,0.3982411868033414,0.3982411868033414,0.39824119210243225,2.2522817,0.16190651017207014,0.15588491686105121,0.3982411868033414,0.15645918079267335
6.43,0.9705281523616864,1.4167671,0.67616,0.0,0.0,0.0,0.0,0.0,0.353701079084658,0.15445030776784455,0.0,0.2472118052755328
9.71,0.07738893495649626,1.4930059,0.0,0.0,0.0,0.0,0.0,0.0,0.009186661289711087,0.0023830897587356495,0.0,0.010628210772949022
0.0,0.6695382923879888,0.0,0.56208724,0.0,0.0,0.0,0.0,0.0,0.09229619987023588,0.051740671935672035,0.0,0.13951524619140565
0.0,2.094653384263359,2.080511,2.0336637,0.0,0.0,0.0,0.0,0.0,0.24865145348481396,0.09424351131844426,0.0,0.28766926016925604
0.0,1.164157509853511,0.51994175,1.2526699,0.0,0.0,0.0,0.0,0.0,0.13819444261520952,0.013034650119207524,0.0,0.15987959253593492
0.0,0.3439597076229479,0.049049705,0.40895388,0.0,0.0,0.0,0.0,0.0,0.040830660520349144,0.008089512151845349,0.0,0.04723771262743992
0.0,0.6068953528245448,0.0,0.7308121,0.0,0.0,0.0,0.0,0.0,0.12814332401325837,0.01717036928728118,0.0,0.08334798418622084
82.75,0.15736184411839155,0.19241221,0.060079556,0.0,0.15736184411839155,0.15736184411839155,0.15736185014247894,1.993021,0.06300005964449955,0.039751563922124436,0.15736184411839155,0.06182360347109462
3.32,0.8161910505861462,0.22084762,0.7537787,0.0,0.0,0.0,0.0,0.0,0.09688814988400306,0.00149095158400734,0.0,0.11209161259940664
1.94,2.279881347240118,1.0223596,2.4477699,0.0,2.279881347240118,2.279881347240118,1.4994032540100113,2.9788752,0.9127540520588144,0.244212656518376,0.0,0.5219689052926554
0.0,1.5819970208998946,3.8154569,0.7686133,1.5819970208998946,1.5819970208998946,1.5819970208998946,1.581997036933899,2.2840157,0.6333549738978026,0.6882716002138206,1.5819970208998946,0.6215277728887344
0.0,1.2260972436208497,2.5504649,0.58846235,1.2260972436208497,1.2260972436208497,1.2260972436208497,1.226097226142883,2.5495427,0.4908699431607777,0.3820443495160809,1.2260972436208497,0.4817034919188408
3.71,4.1446816794816455,8.555676,2.6593084,4.1446816794816455,4.1446816794816455,4.1446816794816455,4.144681453704834,2.5516152,1.659329772586788,1.2043266498830572,4.1446816794816455,1.6283436312134323
5.39,0.8726414258245383,2.824365,0.30302453,0.0,0.0,0.0,0.2987337341552196,0.0,0.34936335541317987,0.319271285382068,0.8726414258245383,0.34283938260177993
2.14,1.6591054349141579,6.907126,0.24802834,1.6591054349141579,1.6591054349141579,1.6591054349141579,1.6591054201126096,1.1676986,0.6642254476724779,0.8063329299903319,1.6591054349141579,0.6518217748369847
6.84,0.028051946759094417,0.0,0.26795596,0.0,0.0,0.0,0.009603099563744156,0.0,0.011230640622371335,0.0046167744698615825,0.028051946759094417,0.00714535934164688
3.18,1.2070251002266654,4.357233,0.26984906,0.0,0.0,0.0,0.0,0.0,0.23117733513718086,0.068969843133775,0.0,0.2268244621271616
5.55,0.03135594260685974,0.0,0.20044337,0.0,0.0,0.0,0.0,0.0,0.00658762857117601,0.00039289133722510253,0.0,0.0043062689413872505
6.61,0.18761854570495132,0.023270786,0.13132185,0.0,0.0,0.0,0.0,0.0,0.0683760506180606,0.005101569571792111,0.0,0.0257665963459419
61.13,0.4250772528003665,0.75209284,0.2124555,0.0,0.0,0.0,0.14551786176340142,0.0,0.1701803409204787,0.1721941609359739,0.4250772528003665,0.16700241198203317
0.0,0.9721659048683888,3.2089145,0.0,0.0,0.0,0.0,0.0,0.0,0.3542979446443891,0.12626787309716764,0.0,0.22257315001996583
38.48,0.05865787408835006,0.0,0.03243094,0.0,0.0,0.0,0.0,0.0,0.0023161242958621387,7.004046222723956e-05,0.0,0.008055780192020292
1.94,1.929169579035675,7.3825994,0.3436958,0.0,0.0,0.0,0.6604178875821299,0.0,0.7723460488437234,0.389195676645189,1.929169579035675,0.7041381806809313
70.32,1.6090135167826594,3.292429,0.96262646,0.0,1.6090135167826594,1.6090135167826594,1.6090135574340818,2.679406,0.6441710701474056,0.3901673117937783,1.6090135167826594,0.6321418905485267
10.08,0.8705311974646915,1.5181577,0.6157498,0.0,0.0,0.0,0.0,0.0,0.34851852219913954,0.20890102937603808,0.8705311974646915,0.34201032571010753
3.19,0.8531159789664431,0.6622359,0.7639235,0.8531159789664431,0.8531159789664431,0.8531159789664431,0.853115975856781,3.3187315,0.36354613708537664,0.5305224723993618,0.8531159789664431,0.33516831411047127
1.76,1.6915990693455107,2.0097578,1.4438691,1.6915990693455107,1.6915990693455107,1.6915990693455107,1.6915990114212036,2.4241502,0.6877262096531983,0.8308948980018094,1.6915990693455107,0.6645877257043834
7.36,1.409917843222526,1.8267726,1.175963,1.409917843222526,1.409917843222526,1.409917843222526,1.4099178314208982,2.3718102,0.6008212226106441,0.9779918325017245,1.409917843222526,0.553922090545855
2.21,1.3674857999455878,1.6157039,1.201924,0.0,0.0,0.0,0.0,0.0,0.28873870121167,0.12778841542019256,0.0,0.31307991833211546
278.53,1.4891198558461443,2.1227484,1.112943,0.0,0.0,0.0,0.0,0.0,0.5961714560585221,0.13997117418591604,0.0,0.34092750569957875
2.75,1.9066454754225828,1.3120388,0.91010153,0.0,0.0,0.0,0.0,0.0,0.40257993045816554,0.29145017656765454,0.0,0.4365181779272235
0.0,1.5114673835646597,1.3228655,1.2406994,0.0,0.0,0.0,0.0,0.0,0.319139788706856,0.2862440001996355,1.5114673835646597,0.4571066915920969
1.29,1.1051893339971537,1.0982606,0.827464,1.1051893339971537,1.1051893339971537,1.1051893339971537,1.105189323425293,2.4732363,0.442464273028609,0.41163490435038436,1.1051893339971537,0.43420174393811356
0.0,2.544125894007381,5.442451,1.045302,2.544125894007381,2.544125894007381,2.544125894007381,2.5441257953643794,1.9717368,1.0841517024986407,2.175250431789599,2.544125894007381,1.0546961393782701
26.43,1.3734910129333784,2.6988993,0.67162114,1.3734910129333784,1.3734910129333784,1.3734910129333784,1.373491048812866,2.483867,0.5498792685149639,0.4780904683265523,1.3734910129333784,0.5396108836321206
2.07,2.4824341367486396,7.2654467,0.90479064,2.4824341367486396,2.4824341367486396,2.4824341367486396,2.4824340343475337,2.9880736,0.9938463771499972,0.44462570602722,2.4824341367486396,0.6323227439924252
2.0,1.238289171391998,2.1387107,0.7941892,1.238289171391998,1.238289171391998,1.238289171391998,1.2382891178131101,2.4015393,0.49575100045307713,0.5552021173585243,1.238289171391998,0.4864934008849852
16.4,0.705119995486781,0.9902252,0.46980962,0.705119995486781,0.705119995486781,0.705119995486781,0.7051199674606322,2.0272965,0.282295889585375,0.22389821663103768,0.705119995486781,0.2770243272423615
46.7,0.22002791185509255,0.0,0.28539366,0.22002791185509255,0.22002791185509255,0.22002791185509255,0.22002790868282318,2.1036468,0.08808851756907847,0.06572922756296293,0.22002791185509255,0.08644356229625788
0.0,0.5503452404575961,0.8530122,0.32280925,0.5503452404575961,0.5503452404575961,0.5503452404575961,0.550345242023468,2.313569,0.23452366520443724,0.3297051126107267,0.5503452404575961,0.21621712753096847
0.0,1.1766552236879988,1.8006198,0.8128391,1.1766552236879988,1.1766552236879988,1.1766552236879988,1.1766551733016968,2.4090457,0.501418883012069,0.9504041970157256,1.1766552236879988,0.48779571982903086
0.0,1.397114113420198,2.067745,0.9261172,1.397114113420198,1.397114113420198,1.397114113420198,1.3971141576766966,3.0432928,0.5593368136269669,0.5055209023587304,1.397114113420198,0.5488918195885916
0.0,0.5736686873393968,0.0,0.5912585,0.5736686873393968,0.5736686873393968,0.5736686873393968,0.5736686587333679,2.3961208,0.23322724579961718,0.373055766395776,0.5736686873393968,0.22538033694604584
43.32,0.7773462804308869,0.0,0.58753836,0.0,0.0,0.0,0.0,0.0,0.16413329879715588,0.019044314571431156,0.0,0.10675686539208383
8.59,1.158956090801902,1.906834,0.71034724,0.0,1.158956090801902,1.158956090801902,0.7622074537282526,2.2237751,0.4639898779461645,0.12780288187274655,0.0,0.26533794959567764
0.0,0.9596197834146565,0.9843126,0.8274298,0.9596197834146565,0.9596197834146565,0.9596197834146565,0.9596197605133054,2.5909905,0.38418527648723283,0.4141357247496774,0.9596197834146565,0.37701104295785015
2.77,3.1223801395348527,9.728198,0.9389076,3.1223801395348527,3.1223801395348527,3.1223801395348527,3.1223802566528316,2.4228668,1.2694158428980147,2.04179786860662,3.1223801395348527,1.2267064656880367
14.68,1.7364252879324733,5.1565704,0.55697906,1.7364252879324733,1.7364252879324733,1.7364252879324733,1.7364252805709837,2.488942,0.6951805713820919,0.7201692071383938,1.7364252879324733,0.6821988459766141
40.54,2.4638541420492084,5.9979672,1.2087009,2.4638541420492084,2.4638541420492084,2.4638541420492084,2.4638540744781494,2.7665997,1.0016895261744438,1.6784240031978424,2.4638541420492084,0.9679877758299702
10.82,0.9616783845584157,0.0,0.39504883,0.9616783845584157,0.9616783845584157,0.9616783845584157,0.6324643916775077,1.1691517,0.38500944066481774,0.08860527084713983,0.0,0.2201720779194121
0.0,0.5623736060384804,0.3453489,0.49181172,0.0,0.0,0.0,0.0,0.0,0.1181501216934839,0.026649200699612387,0.0,0.07723358929128972
0.0,0.4609418336828446,0.1859227,0.380214,0.0,0.0,0.0,0.0,0.0,0.0973258708770547,0.02716950997586947,0.0,0.08662030597158665
0.0,0.4753810950516302,0.83180875,0.28937513,0.0,0.0,0.0,0.0,0.0,0.10037465834837242,0.048407875718939494,0.0,0.1088364313701232
1.95,1.0500580776953532,0.9500128,0.7744374,0.0,0.0,0.0,0.0,0.0,0.4203923886099408,0.0572825037293232,0.0,0.19732717955144638
49.59,0.8844137847434665,0.96977127,0.76947284,0.0,0.0,0.0,0.0,0.0,0.35407643766131974,0.04723782005835427,0.0,0.16619926212355687
5.8,0.8167706566848258,0.1426413,0.9502981,0.0,0.0,0.0,0.0,0.0,0.17245758501357983,0.01917062932287183,0.0,0.11217121281338448
0.0,1.4874659017642595,0.26441544,0.9154093,1.4874659017642595,1.4874659017642595,1.4874659017642595,1.4874658584594724,2.0691657,0.6047350729534886,1.0246696068873313,1.4874659017642595,0.5843888180305072
0.0,1.5911167220787452,1.9014553,1.4273098,1.5911167220787452,1.5911167220787452,1.5911167220787452,1.5911166667938232,2.0681815,0.6370060604837945,0.39784721903334713,1.5911167220787452,0.625110679486041
0.0,1.3058917361021587,0.6460274,1.4087273,0.0,0.0,0.0,0.0,0.0,0.15501938445524843,0.033379932668229556,0.0,0.1793446650447926
2.17,1.1122952022120816,0.6658711,1.1058372,1.1122952022120816,1.1122952022120816,1.1122952022120816,1.112295150756836,2.3736145,0.4739925567361877,0.37962630648890994,1.1122952022120816,0.4369934650271664
0.43,1.2561668746134218,1.0601324,1.1723473,0.0,0.0,0.0,0.0,0.0,0.5029083668119069,0.23931912538553637,1.2561668746134218,0.37989723786690077
0.0,1.191090019289113,3.1111984,0.5029163,1.191090019289113,1.191090019289113,1.191090019289113,1.1910899877548216,2.5664263,0.507570114860709,1.053203667197937,1.191090019289113,0.49377982746657745
6.44,0.39662353668459593,0.4382765,0.29784328,0.0,0.0,0.0,0.0,0.0,0.08374534116321071,0.01655353315110364,0.0,0.05447030053800359
54.29,0.4024245450765134,0.4683975,0.08213529,0.0,0.4024245450765134,0.4024245450765134,0.402424544095993,1.3951318,0.16111129406412347,0.11991604850858806,0.4024245450765134,0.15810271950758267
11.16,0.4489445464487033,1.0548453,0.10786669,0.0,0.0,0.0,0.0,0.0,0.17973564914543022,0.07557811529012397,0.4489445464487033,0.11435463415061113
0.0,1.1961674558077604,3.4317715,0.33661532,1.1961674558077604,1.1961674558077604,1.1961674558077604,1.196167469024658,2.254549,0.5097338094557707,0.7919389897070288,1.1961674558077604,0.46994481341518585
0.0,2.680239041829128,7.630004,0.97618455,0.0,0.0,0.0,0.0,0.0,0.3181649710851474,0.19825122780446566,0.0,0.5584956290385225
